item_code,item_type,product_type,price_list_rate,rate_unit
20689-006-030,RIBBON,TO CONFIRM,3.1547,PER YARD
20689-006-260,RIBBON,TO CONFIRM,3.4103,PER YARD
20689-009-030,RIBBON,TO CONFIRM,4.508,PER YARD
20689-009-260,RIBBON,TO CONFIRM,4.508,PER YARD
20689-010-260,RIBBON,TO CONFIRM,4.0965,PER YARD
20689-013-030,RIBBON,TO CONFIRM,5.4041,PER YARD
20689-013-260,RIBBON,TO CONFIRM,5.8979,PER YARD
20689-016-030,RIBBON,TO CONFIRM,8.6868,PER YARD
20689-016-260,RIBBON,TO CONFIRM,7.9004,PER YARD
20689-019-030,RIBBON,TO CONFIRM,,PER YARD
20689-019-260,RIBBON,TO CONFIRM,9.8938,PER YARD
20689-022-030,RIBBON,TO CONFIRM,,PER YARD
20689-025-030,RIBBON,TO CONFIRM,,PER YARD
20689-025-260,RIBBON,TO CONFIRM,14.4109,PER YARD
20689-038-030,RIBBON,TO CONFIRM,23.939,PER YARD
20689-038-260,RIBBON,TO CONFIRM,20.4551,PER YARD
20689-050-030,RIBBON,TO CONFIRM,,PER YARD
20689-050-250,RIBBON,TO CONFIRM,24.9997,PER YARD
20689-050-260,RIBBON,TO CONFIRM,27.496,PER YARD
23680-013-687,RIBBON,TO CONFIRM,,PER YARD
24400-003-000,RIBBON,PLAIN RIBBON,,PER YARD
24400-003-028,RIBBON,PLAIN RIBBON,,PER YARD
24400-003-029,RIBBON,PLAIN RIBBON,,PER YARD
24400-003-030,RIBBON,PLAIN RIBBON,,PER YARD
24400-003-153,RIBBON,PLAIN RIBBON,,PER YARD
24400-003-156,RIBBON,PLAIN RIBBON,,PER YARD
24400-003-175,RIBBON,PLAIN RIBBON,,PER YARD
24400-003-187,RIBBON,PLAIN RIBBON,,PER YARD
24400-003-250,RIBBON,PLAIN RIBBON,,PER YARD
24400-003-370,RIBBON,PLAIN RIBBON,,PER YARD
24400-003-430,RIBBON,PLAIN RIBBON,,PER YARD
24400-003-835,RIBBON,PLAIN RIBBON,,PER YARD
24400-006-000,RIBBON,PLAIN RIBBON,,PER YARD
24400-006-007,RIBBON,PLAIN RIBBON,,PER YARD
24400-006-028,RIBBON,PLAIN RIBBON,,PER YARD
24400-006-029,RIBBON,PLAIN RIBBON,,PER YARD
24400-006-030,RIBBON,PLAIN RIBBON,,PER YARD
24400-006-103,RIBBON,PLAIN RIBBON,,PER YARD
24400-006-115,RIBBON,PLAIN RIBBON,,PER YARD
24400-006-117,RIBBON,PLAIN RIBBON,,PER YARD
24400-006-123,RIBBON,PLAIN RIBBON,,PER YARD
24400-006-148,RIBBON,PLAIN RIBBON,,PER YARD
24400-006-153,RIBBON,PLAIN RIBBON,,PER YARD
24400-006-154,RIBBON,PLAIN RIBBON,,PER YARD
24400-006-156,RIBBON,PLAIN RIBBON,,PER YARD
24400-006-161,RIBBON,PLAIN RIBBON,,PER YARD
24400-006-175,RIBBON,PLAIN RIBBON,,PER YARD
24400-006-183,RIBBON,PLAIN RIBBON,,PER YARD
24400-006-187,RIBBON,PLAIN RIBBON,,PER YARD
24400-006-235,RIBBON,PLAIN RIBBON,,PER YARD
24400-006-250,RIBBON,PLAIN RIBBON,,PER YARD
24400-006-275,RIBBON,PLAIN RIBBON,,PER YARD
24400-006-305,RIBBON,PLAIN RIBBON,,PER YARD
24400-006-308,RIBBON,PLAIN RIBBON,,PER YARD
24400-006-314,RIBBON,PLAIN RIBBON,,PER YARD
24400-006-323,RIBBON,PLAIN RIBBON,,PER YARD
24400-006-327,RIBBON,PLAIN RIBBON,,PER YARD
24400-006-335,RIBBON,PLAIN RIBBON,,PER YARD
24400-006-370,RIBBON,PLAIN RIBBON,,PER YARD
24400-006-430,RIBBON,PLAIN RIBBON,,PER YARD
24400-006-550,RIBBON,PLAIN RIBBON,,PER YARD
24400-006-563,RIBBON,PLAIN RIBBON,,PER YARD
24400-006-580,RIBBON,PLAIN RIBBON,,PER YARD
24400-006-617,RIBBON,PLAIN RIBBON,,PER YARD
24400-006-640,RIBBON,PLAIN RIBBON,,PER YARD
24400-006-645,RIBBON,PLAIN RIBBON,,PER YARD
24400-006-693,RIBBON,PLAIN RIBBON,,PER YARD
24400-006-714,RIBBON,PLAIN RIBBON,,PER YARD
24400-006-720,RIBBON,PLAIN RIBBON,,PER YARD
24400-006-789,RIBBON,PLAIN RIBBON,,PER YARD
24400-006-813,RIBBON,PLAIN RIBBON,,PER YARD
24400-006-815,RIBBON,PLAIN RIBBON,,PER YARD
24400-006-835,RIBBON,PLAIN RIBBON,,PER YARD
24400-006-847,RIBBON,PLAIN RIBBON,,PER YARD
24400-006-850,RIBBON,PLAIN RIBBON,,PER YARD
24400-009-000,RIBBON,PLAIN RIBBON,0.5486,PER YARD
24400-009-007,RIBBON,PLAIN RIBBON,,PER YARD
24400-009-012,RIBBON,PLAIN RIBBON,,PER YARD
24400-009-028,RIBBON,PLAIN RIBBON,,PER YARD
24400-009-029,RIBBON,PLAIN RIBBON,0.5486,PER YARD
24400-009-030,RIBBON,PLAIN RIBBON,0.6675,PER YARD
24400-009-077,RIBBON,PLAIN RIBBON,,PER YARD
24400-009-115,RIBBON,PLAIN RIBBON,,PER YARD
24400-009-117,RIBBON,PLAIN RIBBON,,PER YARD
24400-009-123,RIBBON,PLAIN RIBBON,,PER YARD
24400-009-153,RIBBON,PLAIN RIBBON,,PER YARD
24400-009-154,RIBBON,PLAIN RIBBON,0.6035,PER YARD
24400-009-156,RIBBON,PLAIN RIBBON,,PER YARD
24400-009-175,RIBBON,PLAIN RIBBON,,PER YARD
24400-009-183,RIBBON,PLAIN RIBBON,,PER YARD
24400-009-187,RIBBON,PLAIN RIBBON,,PER YARD
24400-009-210,RIBBON,PLAIN RIBBON,,PER YARD
24400-009-235,RIBBON,PLAIN RIBBON,,PER YARD
24400-009-250,RIBBON,PLAIN RIBBON,,PER YARD
24400-009-275,RIBBON,PLAIN RIBBON,,PER YARD
24400-009-305,RIBBON,PLAIN RIBBON,,PER YARD
24400-009-308,RIBBON,PLAIN RIBBON,,PER YARD
24400-009-323,RIBBON,PLAIN RIBBON,,PER YARD
24400-009-335,RIBBON,PLAIN RIBBON,,PER YARD
24400-009-370,RIBBON,PLAIN RIBBON,,PER YARD
24400-009-430,RIBBON,PLAIN RIBBON,,PER YARD
24400-009-550,RIBBON,PLAIN RIBBON,,PER YARD
24400-009-587,RIBBON,PLAIN RIBBON,,PER YARD
24400-009-617,RIBBON,PLAIN RIBBON,,PER YARD
24400-009-640,RIBBON,PLAIN RIBBON,,PER YARD
24400-009-693,RIBBON,PLAIN RIBBON,,PER YARD
24400-009-720,RIBBON,PLAIN RIBBON,,PER YARD
24400-009-750,RIBBON,PLAIN RIBBON,,PER YARD
24400-009-815,RIBBON,PLAIN RIBBON,,PER YARD
24400-009-824,RIBBON,PLAIN RIBBON,,PER YARD
24400-009-835,RIBBON,PLAIN RIBBON,,PER YARD
24400-009-850,RIBBON,PLAIN RIBBON,,PER YARD
24400-013-000,RIBBON,PLAIN RIBBON,0.7315,PER YARD
24400-013-028,RIBBON,PLAIN RIBBON,0.8047,PER YARD
24400-013-029,RIBBON,PLAIN RIBBON,0.7315,PER YARD
24400-013-030,RIBBON,PLAIN RIBBON,0.887,PER YARD
24400-013-123,RIBBON,PLAIN RIBBON,,PER YARD
24400-013-153,RIBBON,PLAIN RIBBON,,PER YARD
24400-013-156,RIBBON,PLAIN RIBBON,,PER YARD
24400-013-175,RIBBON,PLAIN RIBBON,,PER YARD
24400-013-250,RIBBON,PLAIN RIBBON,,PER YARD
24400-013-308,RIBBON,PLAIN RIBBON,,PER YARD
24400-013-370,RIBBON,PLAIN RIBBON,,PER YARD
24400-013-430,RIBBON,PLAIN RIBBON,,PER YARD
24400-013-640,RIBBON,PLAIN RIBBON,,PER YARD
24400-013-720,RIBBON,PLAIN RIBBON,,PER YARD
24400-013-835,RIBBON,PLAIN RIBBON,,PER YARD
24400-016-000,RIBBON,PLAIN RIBBON,1.0058,PER YARD
24400-016-028,RIBBON,PLAIN RIBBON,,PER YARD
24400-016-030,RIBBON,PLAIN RIBBON,,PER YARD
24400-016-103,RIBBON,PLAIN RIBBON,,PER YARD
24400-016-115,RIBBON,PLAIN RIBBON,,PER YARD
24400-016-117,RIBBON,PLAIN RIBBON,,PER YARD
24400-016-148,RIBBON,PLAIN RIBBON,,PER YARD
24400-016-150,RIBBON,PLAIN RIBBON,,PER YARD
24400-016-156,RIBBON,PLAIN RIBBON,,PER YARD
24400-016-168,RIBBON,PLAIN RIBBON,,PER YARD
24400-016-183,RIBBON,PLAIN RIBBON,,PER YARD
24400-016-187,RIBBON,PLAIN RIBBON,,PER YARD
24400-016-210,RIBBON,PLAIN RIBBON,,PER YARD
24400-016-275,RIBBON,PLAIN RIBBON,,PER YARD
24400-016-305,RIBBON,PLAIN RIBBON,,PER YARD
24400-016-323,RIBBON,PLAIN RIBBON,,PER YARD
24400-016-327,RIBBON,PLAIN RIBBON,,PER YARD
24400-016-347,RIBBON,PLAIN RIBBON,,PER YARD
24400-016-370,RIBBON,PLAIN RIBBON,,PER YARD
24400-016-430,RIBBON,PLAIN RIBBON,,PER YARD
24400-016-465,RIBBON,PLAIN RIBBON,,PER YARD
24400-016-513,RIBBON,PLAIN RIBBON,,PER YARD
24400-016-550,RIBBON,PLAIN RIBBON,,PER YARD
24400-016-579,RIBBON,PLAIN RIBBON,,PER YARD
24400-016-617,RIBBON,PLAIN RIBBON,,PER YARD
24400-016-645,RIBBON,PLAIN RIBBON,,PER YARD
24400-016-668,RIBBON,PLAIN RIBBON,,PER YARD
24400-016-714,RIBBON,PLAIN RIBBON,,PER YARD
24400-016-720,RIBBON,PLAIN RIBBON,,PER YARD
24400-016-750,RIBBON,PLAIN RIBBON,,PER YARD
24400-016-835,RIBBON,PLAIN RIBBON,,PER YARD
24400-016-850,RIBBON,PLAIN RIBBON,0.9967,PER YARD
24400-019-000,RIBBON,PLAIN RIBBON,1.3167,PER YARD
24400-019-028,RIBBON,PLAIN RIBBON,,PER YARD
24400-019-029,RIBBON,PLAIN RIBBON,1.3167,PER YARD
24400-019-030,RIBBON,PLAIN RIBBON,1.3167,PER YARD
24400-019-123,RIBBON,PLAIN RIBBON,1.3167,PER YARD
24400-019-148,RIBBON,PLAIN RIBBON,,PER YARD
24400-019-250,RIBBON,PLAIN RIBBON,1.3167,PER YARD
24400-019-308,RIBBON,PLAIN RIBBON,1.3167,PER YARD
24400-019-327,RIBBON,PLAIN RIBBON,,PER YARD
24400-019-370,RIBBON,PLAIN RIBBON,,PER YARD
24400-019-465,RIBBON,PLAIN RIBBON,,PER YARD
24400-019-473,RIBBON,PLAIN RIBBON,,PER YARD
24400-019-640,RIBBON,PLAIN RIBBON,1.3167,PER YARD
24400-019-720,RIBBON,PLAIN RIBBON,1.3167,PER YARD
24400-019-824,RIBBON,PLAIN RIBBON,,PER YARD
24400-022-000,RIBBON,PLAIN RIBBON,,PER YARD
24400-022-029,RIBBON,PLAIN RIBBON,1.2802,PER YARD
24400-025-000,RIBBON,PLAIN RIBBON,1.7648,PER YARD
24400-025-007,RIBBON,PLAIN RIBBON,,PER YARD
24400-025-012,RIBBON,PLAIN RIBBON,,PER YARD
24400-025-028,RIBBON,PLAIN RIBBON,1.7648,PER YARD
24400-025-029,RIBBON,PLAIN RIBBON,1.463,PER YARD
24400-025-030,RIBBON,PLAIN RIBBON,,PER YARD
24400-025-115,RIBBON,PLAIN RIBBON,,PER YARD
24400-025-117,RIBBON,PLAIN RIBBON,,PER YARD
24400-025-123,RIBBON,PLAIN RIBBON,1.7648,PER YARD
24400-025-148,RIBBON,PLAIN RIBBON,,PER YARD
24400-025-153,RIBBON,PLAIN RIBBON,,PER YARD
24400-025-156,RIBBON,PLAIN RIBBON,,PER YARD
24400-025-210,RIBBON,PLAIN RIBBON,,PER YARD
24400-025-235,RIBBON,PLAIN RIBBON,,PER YARD
24400-025-250,RIBBON,PLAIN RIBBON,1.7648,PER YARD
24400-025-275,RIBBON,PLAIN RIBBON,,PER YARD
24400-025-308,RIBBON,PLAIN RIBBON,1.7648,PER YARD
24400-025-335,RIBBON,PLAIN RIBBON,,PER YARD
24400-025-370,RIBBON,PLAIN RIBBON,,PER YARD
24400-025-465,RIBBON,PLAIN RIBBON,1.7648,PER YARD
24400-025-473,RIBBON,PLAIN RIBBON,,PER YARD
24400-025-617,RIBBON,PLAIN RIBBON,,PER YARD
24400-025-720,RIBBON,PLAIN RIBBON,1.7648,PER YARD
24400-025-815,RIBBON,PLAIN RIBBON,,PER YARD
24400-025-835,RIBBON,PLAIN RIBBON,,PER YARD
24400-032-000,RIBBON,PLAIN RIBBON,,PER YARD
24400-032-029,RIBBON,PLAIN RIBBON,,PER YARD
24400-032-030,RIBBON,PLAIN RIBBON,,PER YARD
24400-032-563,RIBBON,PLAIN RIBBON,,PER YARD
24400-038-000,RIBBON,PLAIN RIBBON,,PER YARD
24400-038-028,RIBBON,PLAIN RIBBON,,PER YARD
24400-038-029,RIBBON,PLAIN RIBBON,,PER YARD
24400-038-030,RIBBON,PLAIN RIBBON,2.1946,PER YARD
24400-038-117,RIBBON,PLAIN RIBBON,,PER YARD
24400-038-123,RIBBON,PLAIN RIBBON,,PER YARD
24400-038-187,RIBBON,PLAIN RIBBON,,PER YARD
24400-038-250,RIBBON,PLAIN RIBBON,,PER YARD
24400-038-370,RIBBON,PLAIN RIBBON,,PER YARD
24400-038-430,RIBBON,PLAIN RIBBON,,PER YARD
24400-038-530,RIBBON,PLAIN RIBBON,,PER YARD
24400-038-617,RIBBON,PLAIN RIBBON,,PER YARD
24400-038-720,RIBBON,PLAIN RIBBON,,PER YARD
24400-038-868,RIBBON,PLAIN RIBBON,,PER YARD
24400-050-000,RIBBON,PLAIN RIBBON,3.4747,PER YARD
24400-050-029,RIBBON,PLAIN RIBBON,3.4747,PER YARD
24400-050-030,RIBBON,PLAIN RIBBON,,PER YARD
24400-050-250,RIBBON,PLAIN RIBBON,,PER YARD
24400-050-370,RIBBON,PLAIN RIBBON,,PER YARD
24400-050-465,RIBBON,PLAIN RIBBON,,PER YARD
24400-050-660,RIBBON,PLAIN RIBBON,,PER YARD
24400-050-789,RIBBON,PLAIN RIBBON,,PER YARD
24400-050-850,RIBBON,PLAIN RIBBON,,PER YARD
26600-0003-177,RIBBON,PLAIN RIBBON,0.9053,PER YARD
26600-003-000,RIBBON,PLAIN RIBBON,0.7224,PER YARD
26600-003-000-7925,RIBBON,PLAIN RIBBON,,PER YARD
26600-003-007,RIBBON,PLAIN RIBBON,0.9053,PER YARD
26600-003-009,RIBBON,PLAIN RIBBON,0.951,PER YARD
26600-003-012,RIBBON,PLAIN RIBBON,0.9053,PER YARD
26600-003-017,RIBBON,PLAIN RIBBON,0.9053,PER YARD
26600-003-028,RIBBON,PLAIN RIBBON,0.9967,PER YARD
26600-003-029,RIBBON,PLAIN RIBBON,0.7224,PER YARD
26600-003-030,RIBBON,PLAIN RIBBON,0.7955,PER YARD
26600-003-030-YD,RIBBON,PLAIN RIBBON,0.7224,PER YARD
26600-003-077,RIBBON,PLAIN RIBBON,0.9967,PER YARD
26600-003-103,RIBBON,PLAIN RIBBON,0.9967,PER YARD
26600-003-105,RIBBON,PLAIN RIBBON,0.9967,PER YARD
26600-003-105-2805,RIBBON,PLAIN RIBBON,,PER YARD
26600-003-112,RIBBON,PLAIN RIBBON,0.9053,PER YARD
26600-003-115,RIBBON,PLAIN RIBBON,0.9053,PER YARD
26600-003-115-3357,RIBBON,PLAIN RIBBON,,PER YARD
26600-003-115-3408,RIBBON,PLAIN RIBBON,0.9053,PER YARD
26600-003-117,RIBBON,PLAIN RIBBON,0.9053,PER YARD
26600-003-117-3747,RIBBON,PLAIN RIBBON,0.9967,PER YARD
26600-003-123,RIBBON,PLAIN RIBBON,0.9053,PER YARD
26600-003-148,RIBBON,PLAIN RIBBON,0.86,PER YARD
26600-003-150,RIBBON,PLAIN RIBBON,0.9053,PER YARD
26600-003-150-2959,RIBBON,PLAIN RIBBON,,PER YARD
26600-003-151,RIBBON,PLAIN RIBBON,0.9053,PER YARD
26600-003-152,RIBBON,PLAIN RIBBON,,PER YARD
26600-003-154,RIBBON,PLAIN RIBBON,0.9053,PER YARD
26600-003-155,RIBBON,PLAIN RIBBON,0.8826,PER YARD
26600-003-156,RIBBON,PLAIN RIBBON,0.9053,PER YARD
26600-003-157,RIBBON,PLAIN RIBBON,0.9053,PER YARD
26600-003-158,RIBBON,PLAIN RIBBON,0.9053,PER YARD
26600-003-160,RIBBON,PLAIN RIBBON,0.9967,PER YARD
26600-003-161,RIBBON,PLAIN RIBBON,0.9053,PER YARD
26600-003-161-1566,RIBBON,PLAIN RIBBON,0.9053,PER YARD
26600-003-164,RIBBON,PLAIN RIBBON,0.86,PER YARD
26600-003-168,RIBBON,PLAIN RIBBON,0.9053,PER YARD
26600-003-169,RIBBON,PLAIN RIBBON,0.9967,PER YARD
26600-003-174,RIBBON,PLAIN RIBBON,0.8826,PER YARD
26600-003-175,RIBBON,PLAIN RIBBON,0.9053,PER YARD
26600-003-176,RIBBON,PLAIN RIBBON,0.9053,PER YARD
26600-003-177,RIBBON,PLAIN RIBBON,0.9053,PER YARD
26600-003-182,RIBBON,PLAIN RIBBON,0.9053,PER YARD
26600-003-183,RIBBON,PLAIN RIBBON,0.9053,PER YARD
26600-003-187,RIBBON,PLAIN RIBBON,0.9053,PER YARD
26600-003-193,RIBBON,PLAIN RIBBON,0.9053,PER YARD
26600-003-203,RIBBON,PLAIN RIBBON,0.86,PER YARD
26600-003-210,RIBBON,PLAIN RIBBON,0.86,PER YARD
26600-003-235,RIBBON,PLAIN RIBBON,0.9053,PER YARD
26600-003-238,RIBBON,PLAIN RIBBON,,PER YARD
26600-003-243,RIBBON,PLAIN RIBBON,0.9053,PER YARD
26600-003-250,RIBBON,PLAIN RIBBON,0.8826,PER YARD
26600-003-252,RIBBON,PLAIN RIBBON,0.9053,PER YARD
26600-003-260,RIBBON,PLAIN RIBBON,0.9967,PER YARD
26600-003-264,RIBBON,PLAIN RIBBON,0.9967,PER YARD
26600-003-275,RIBBON,PLAIN RIBBON,,PER YARD
26600-003-277,RIBBON,PLAIN RIBBON,0.9967,PER YARD
26600-003-285,RIBBON,PLAIN RIBBON,0.9053,PER YARD
26600-003-290,RIBBON,PLAIN RIBBON,0.9967,PER YARD
26600-003-303,RIBBON,PLAIN RIBBON,0.9053,PER YARD
26600-003-303-1552,RIBBON,PLAIN RIBBON,,PER YARD
26600-003-307,RIBBON,PLAIN RIBBON,0.8826,PER YARD
26600-003-313,RIBBON,PLAIN RIBBON,0.9053,PER YARD
26600-003-313-6733,RIBBON,PLAIN RIBBON,,PER YARD
26600-003-322,RIBBON,PLAIN RIBBON,0.86,PER YARD
26600-003-329,RIBBON,PLAIN RIBBON,,PER YARD
26600-003-330,RIBBON,PLAIN RIBBON,0.8861,PER YARD
26600-003-331,RIBBON,PLAIN RIBBON,0.8826,PER YARD
26600-003-332,RIBBON,PLAIN RIBBON,0.8826,PER YARD
26600-003-333,RIBBON,PLAIN RIBBON,0.8826,PER YARD
26600-003-333-1605,RIBBON,PLAIN RIBBON,1.1,PER YARD
26600-003-338,RIBBON,PLAIN RIBBON,,PER YARD
26600-003-342,RIBBON,PLAIN RIBBON,0.9053,PER YARD
26600-003-343,RIBBON,PLAIN RIBBON,0.9053,PER YARD
26600-003-346,RIBBON,PLAIN RIBBON,1.5545,PER YARD
26600-003-350,RIBBON,PLAIN RIBBON,0.8826,PER YARD
26600-003-352,RIBBON,PLAIN RIBBON,0.9053,PER YARD
26600-003-363,RIBBON,PLAIN RIBBON,0.951,PER YARD
26600-003-365,RIBBON,PLAIN RIBBON,0.9053,PER YARD
26600-003-369,RIBBON,PLAIN RIBBON,0.9053,PER YARD
26600-003-370,RIBBON,PLAIN RIBBON,0.9053,PER YARD
26600-003-371,RIBBON,PLAIN RIBBON,0.9053,PER YARD
26600-003-372,RIBBON,PLAIN RIBBON,0.9053,PER YARD
26600-003-372-2853,RIBBON,PLAIN RIBBON,1.1,PER YARD
26600-003-374,RIBBON,PLAIN RIBBON,0.8826,PER YARD
26600-003-420,RIBBON,PLAIN RIBBON,0.9053,PER YARD
26600-003-430,RIBBON,PLAIN RIBBON,0.8826,PER YARD
26600-003-434,RIBBON,PLAIN RIBBON,0.9967,PER YARD
26600-003-463-1615,RIBBON,PLAIN RIBBON,,PER YARD
26600-003-464,RIBBON,PLAIN RIBBON,0.9053,PER YARD
26600-003-477,RIBBON,PLAIN RIBBON,,PER YARD
26600-003-520,RIBBON,PLAIN RIBBON,0.9053,PER YARD
26600-003-524,RIBBON,PLAIN RIBBON,0.9967,PER YARD
26600-003-544,RIBBON,PLAIN RIBBON,0.8826,PER YARD
26600-003-551,RIBBON,PLAIN RIBBON,0.951,PER YARD
26600-003-552,RIBBON,PLAIN RIBBON,0.9053,PER YARD
26600-003-556,RIBBON,PLAIN RIBBON,0.9053,PER YARD
26600-003-563,RIBBON,PLAIN RIBBON,0.9967,PER YARD
26600-003-564,RIBBON,PLAIN RIBBON,0.86,PER YARD
26600-003-565,RIBBON,PLAIN RIBBON,0.9053,PER YARD
26600-003-567,RIBBON,PLAIN RIBBON,0.7955,PER YARD
26600-003-569,RIBBON,PLAIN RIBBON,0.9967,PER YARD
26600-003-570,RIBBON,PLAIN RIBBON,0.9053,PER YARD
26600-003-572,RIBBON,PLAIN RIBBON,0.9053,PER YARD
26600-003-577,RIBBON,PLAIN RIBBON,0.9053,PER YARD
26600-003-580,RIBBON,PLAIN RIBBON,0.86,PER YARD
26600-003-583,RIBBON,PLAIN RIBBON,0.9053,PER YARD
26600-003-587,RIBBON,PLAIN RIBBON,0.9967,PER YARD
26600-003-593,RIBBON,PLAIN RIBBON,0.9053,PER YARD
26600-003-614,RIBBON,PLAIN RIBBON,0.9967,PER YARD
26600-003-617-0843,RIBBON,PLAIN RIBBON,0.9967,PER YARD
26600-003-640,RIBBON,PLAIN RIBBON,0.9053,PER YARD
26600-003-640-1749,RIBBON,PLAIN RIBBON,,PER YARD
26600-003-644,RIBBON,PLAIN RIBBON,0.9053,PER YARD
26600-003-668,RIBBON,PLAIN RIBBON,1.9522,PER YARD
26600-003-675,RIBBON,PLAIN RIBBON,0.9053,PER YARD
26600-003-686,RIBBON,PLAIN RIBBON,0.9053,PER YARD
26600-003-687-0911,RIBBON,PLAIN RIBBON,0.9053,PER YARD
26600-003-690,RIBBON,PLAIN RIBBON,0.8826,PER YARD
26600-003-693,RIBBON,PLAIN RIBBON,0.86,PER YARD
26600-003-714,RIBBON,PLAIN RIBBON,0.9053,PER YARD
26600-003-720,RIBBON,PLAIN RIBBON,0.9053,PER YARD
26600-003-743,RIBBON,PLAIN RIBBON,0.951,PER YARD
26600-003-750,RIBBON,PLAIN RIBBON,0.9053,PER YARD
26600-003-761,RIBBON,PLAIN RIBBON,0.9053,PER YARD
26600-003-765-0589,RIBBON,PLAIN RIBBON,0.9967,PER YARD
26600-003-780,RIBBON,PLAIN RIBBON,0.9053,PER YARD
26600-003-785,RIBBON,PLAIN RIBBON,0.9053,PER YARD
26600-003-789,RIBBON,PLAIN RIBBON,0.9053,PER YARD
26600-003-793,RIBBON,PLAIN RIBBON,0.9053,PER YARD
26600-003-810,RIBBON,PLAIN RIBBON,0.951,PER YARD
26600-003-812,RIBBON,PLAIN RIBBON,,PER YARD
26600-003-813,RIBBON,PLAIN RIBBON,0.8826,PER YARD
26600-003-813-1867,RIBBON,PLAIN RIBBON,0.9053,PER YARD
26600-003-815,RIBBON,PLAIN RIBBON,0.9053,PER YARD
26600-003-815-1219,RIBBON,PLAIN RIBBON,0.9053,PER YARD
26600-003-818,RIBBON,PLAIN RIBBON,0.9967,PER YARD
26600-003-820,RIBBON,PLAIN RIBBON,0.9053,PER YARD
26600-003-823,RIBBON,PLAIN RIBBON,0.9053,PER YARD
26600-003-824,RIBBON,PLAIN RIBBON,0.9053,PER YARD
26600-003-826,RIBBON,PLAIN RIBBON,0.9053,PER YARD
26600-003-837,RIBBON,PLAIN RIBBON,0.9053,PER YARD
26600-003-838,RIBBON,PLAIN RIBBON,0.9053,PER YARD
26600-003-839,RIBBON,PLAIN RIBBON,0.9053,PER YARD
26600-003-840,RIBBON,PLAIN RIBBON,0.9053,PER YARD
26600-003-845,RIBBON,PLAIN RIBBON,0.9967,PER YARD
26600-003-850,RIBBON,PLAIN RIBBON,0.9053,PER YARD
26600-003-855,RIBBON,PLAIN RIBBON,0.9053,PER YARD
26600-003-860,RIBBON,PLAIN RIBBON,0.9053,PER YARD
26600-003-868,RIBBON,PLAIN RIBBON,0.9053,PER YARD
26600-003-870,RIBBON,PLAIN RIBBON,0.86,PER YARD
26600-005-000,RIBBON,PLAIN RIBBON,0.7955,PER YARD
26600-005-029,RIBBON,PLAIN RIBBON,0.8778,PER YARD
26600-005-030,RIBBON,PLAIN RIBBON,0.8778,PER YARD
26600-005-030-YD,RIBBON,PLAIN RIBBON,,PER YARD
26600-005-370,RIBBON,PLAIN RIBBON,0.9967,PER YARD
26600-005-565-1-0884,RIBBON,PLAIN RIBBON,,PER YARD
26600-005-824-1388,RIBBON,PLAIN RIBBON,0.9967,PER YARD
26600-006-000,RIBBON,PLAIN RIBBON,0.8778,PER YARD
26600-006-007,RIBBON,PLAIN RIBBON,0.9469,PER YARD
26600-006-009,RIBBON,PLAIN RIBBON,1.0973,PER YARD
26600-006-012,RIBBON,PLAIN RIBBON,1.0973,PER YARD
26600-006-017,RIBBON,PLAIN RIBBON,0.9469,PER YARD
26600-006-028,RIBBON,PLAIN RIBBON,1.0973,PER YARD
26600-006-029,RIBBON,PLAIN RIBBON,0.7955,PER YARD
26600-006-030,RIBBON,PLAIN RIBBON,0.8778,PER YARD
26600-006-030-YD,RIBBON,PLAIN RIBBON,,PER YARD
26600-006-077,RIBBON,PLAIN RIBBON,0.9967,PER YARD
26600-006-103,RIBBON,PLAIN RIBBON,1.0973,PER YARD
26600-006-105,RIBBON,PLAIN RIBBON,0.9967,PER YARD
26600-006-112,RIBBON,PLAIN RIBBON,0.9967,PER YARD
26600-006-115,RIBBON,PLAIN RIBBON,1.047,PER YARD
26600-006-117,RIBBON,PLAIN RIBBON,1.0973,PER YARD
26600-006-123,RIBBON,PLAIN RIBBON,1.0973,PER YARD
26600-006-141,RIBBON,PLAIN RIBBON,0.9967,PER YARD
26600-006-146,RIBBON,PLAIN RIBBON,0.9967,PER YARD
26600-006-148,RIBBON,PLAIN RIBBON,0.9967,PER YARD
26600-006-149,RIBBON,PLAIN RIBBON,1.0973,PER YARD
26600-006-150,RIBBON,PLAIN RIBBON,1.0973,PER YARD
26600-006-151,RIBBON,PLAIN RIBBON,0.9967,PER YARD
26600-006-152,RIBBON,PLAIN RIBBON,0.9967,PER YARD
26600-006-153,RIBBON,PLAIN RIBBON,1.0973,PER YARD
26600-006-154,RIBBON,PLAIN RIBBON,0.9967,PER YARD
26600-006-155,RIBBON,PLAIN RIBBON,0.9469,PER YARD
26600-006-156,RIBBON,PLAIN RIBBON,0.9967,PER YARD
26600-006-157,RIBBON,PLAIN RIBBON,,PER YARD
26600-006-158,RIBBON,PLAIN RIBBON,0.9469,PER YARD
26600-006-159,RIBBON,PLAIN RIBBON,0.9967,PER YARD
26600-006-161,RIBBON,PLAIN RIBBON,0.9967,PER YARD
26600-006-164,RIBBON,PLAIN RIBBON,0.9967,PER YARD
26600-006-168,RIBBON,PLAIN RIBBON,,PER YARD
26600-006-169,RIBBON,PLAIN RIBBON,0.9967,PER YARD
26600-006-174,RIBBON,PLAIN RIBBON,1.0973,PER YARD
26600-006-175,RIBBON,PLAIN RIBBON,0.9967,PER YARD
26600-006-176,RIBBON,PLAIN RIBBON,1.0973,PER YARD
26600-006-177,RIBBON,PLAIN RIBBON,0.9967,PER YARD
26600-006-182,RIBBON,PLAIN RIBBON,,PER YARD
26600-006-183,RIBBON,PLAIN RIBBON,0.9967,PER YARD
26600-006-185,RIBBON,PLAIN RIBBON,1.0973,PER YARD
26600-006-187,RIBBON,PLAIN RIBBON,1.0973,PER YARD
26600-006-193,RIBBON,PLAIN RIBBON,1.0973,PER YARD
26600-006-203,RIBBON,PLAIN RIBBON,0.9718,PER YARD
26600-006-210,RIBBON,PLAIN RIBBON,0.9469,PER YARD
26600-006-235,RIBBON,PLAIN RIBBON,0.9967,PER YARD
26600-006-243,RIBBON,PLAIN RIBBON,0.9967,PER YARD
26600-006-250,RIBBON,PLAIN RIBBON,0.9967,PER YARD
26600-006-252,RIBBON,PLAIN RIBBON,1.047,PER YARD
26600-006-260,RIBBON,PLAIN RIBBON,0.9967,PER YARD
26600-006-264,RIBBON,PLAIN RIBBON,1.0973,PER YARD
26600-006-275,RIBBON,PLAIN RIBBON,1.0973,PER YARD
26600-006-277,RIBBON,PLAIN RIBBON,1.0973,PER YARD
26600-006-28,RIBBON,PLAIN RIBBON,0.9967,PER YARD
26600-006-305,RIBBON,PLAIN RIBBON,1.0973,PER YARD
26600-006-307,RIBBON,PLAIN RIBBON,0.9967,PER YARD
26600-006-308,RIBBON,PLAIN RIBBON,1.0973,PER YARD
26600-006-311,RIBBON,PLAIN RIBBON,1.0973,PER YARD
26600-006-313,RIBBON,PLAIN RIBBON,0.9967,PER YARD
26600-006-317,RIBBON,PLAIN RIBBON,1.0973,PER YARD
26600-006-322,RIBBON,PLAIN RIBBON,0.9469,PER YARD
26600-006-323,RIBBON,PLAIN RIBBON,1.0973,PER YARD
26600-006-324,RIBBON,PLAIN RIBBON,1.0973,PER YARD
26600-006-328,RIBBON,PLAIN RIBBON,,PER YARD
26600-006-329,RIBBON,PLAIN RIBBON,1.0973,PER YARD
26600-006-330,RIBBON,PLAIN RIBBON,0.9967,PER YARD
26600-006-331,RIBBON,PLAIN RIBBON,0.9469,PER YARD
26600-006-332,RIBBON,PLAIN RIBBON,0.9967,PER YARD
26600-006-333,RIBBON,PLAIN RIBBON,0.9469,PER YARD
26600-006-335,RIBBON,PLAIN RIBBON,1.0973,PER YARD
26600-006-336,RIBBON,PLAIN RIBBON,0.9967,PER YARD
26600-006-337,RIBBON,PLAIN RIBBON,1.0973,PER YARD
26600-006-338,RIBBON,PLAIN RIBBON,1.0973,PER YARD
26600-006-340,RIBBON,PLAIN RIBBON,0.9967,PER YARD
26600-006-342,RIBBON,PLAIN RIBBON,0.9967,PER YARD
26600-006-343,RIBBON,PLAIN RIBBON,1.0973,PER YARD
26600-006-346,RIBBON,PLAIN RIBBON,1.0973,PER YARD
26600-006-347,RIBBON,PLAIN RIBBON,1.0973,PER YARD
26600-006-350,RIBBON,PLAIN RIBBON,0.9469,PER YARD
26600-006-352,RIBBON,PLAIN RIBBON,0.9967,PER YARD
26600-006-363,RIBBON,PLAIN RIBBON,1.0973,PER YARD
26600-006-365,RIBBON,PLAIN RIBBON,0.9967,PER YARD
26600-006-366,RIBBON,PLAIN RIBBON,0.9967,PER YARD
26600-006-369,RIBBON,PLAIN RIBBON,0.9967,PER YARD
26600-006-370,RIBBON,PLAIN RIBBON,1.0973,PER YARD
26600-006-371,RIBBON,PLAIN RIBBON,1.047,PER YARD
26600-006-372,RIBBON,PLAIN RIBBON,1.0973,PER YARD
26600-006-373,RIBBON,PLAIN RIBBON,,PER YARD
26600-006-374,RIBBON,PLAIN RIBBON,1.0973,PER YARD
26600-006-420,RIBBON,PLAIN RIBBON,0.9967,PER YARD
26600-006-430,RIBBON,PLAIN RIBBON,1.0973,PER YARD
26600-006-434,RIBBON,PLAIN RIBBON,1.047,PER YARD
26600-006-435,RIBBON,PLAIN RIBBON,0.9967,PER YARD
26600-006-447,RIBBON,PLAIN RIBBON,0.9967,PER YARD
26600-006-458,RIBBON,PLAIN RIBBON,0.9967,PER YARD
26600-006-462,RIBBON,PLAIN RIBBON,1.0973,PER YARD
26600-006-463,RIBBON,PLAIN RIBBON,0.9967,PER YARD
26600-006-464,RIBBON,PLAIN RIBBON,1.0973,PER YARD
26600-006-465,RIBBON,PLAIN RIBBON,1.0973,PER YARD
26600-006-467,RIBBON,PLAIN RIBBON,1.0973,PER YARD
26600-006-470,RIBBON,PLAIN RIBBON,0.9967,PER YARD
26600-006-473,RIBBON,PLAIN RIBBON,0.9967,PER YARD
26600-006-510,RIBBON,PLAIN RIBBON,0.9967,PER YARD
26600-006-513,RIBBON,PLAIN RIBBON,1.0973,PER YARD
26600-006-520,RIBBON,PLAIN RIBBON,1.0973,PER YARD
26600-006-524,RIBBON,PLAIN RIBBON,1.0973,PER YARD
26600-006-525,RIBBON,PLAIN RIBBON,0.9967,PER YARD
26600-006-544,RIBBON,PLAIN RIBBON,0.9967,PER YARD
26600-006-548,RIBBON,PLAIN RIBBON,0.9967,PER YARD
26600-006-550,RIBBON,PLAIN RIBBON,0.9967,PER YARD
26600-006-552,RIBBON,PLAIN RIBBON,0.9967,PER YARD
26600-006-556,RIBBON,PLAIN RIBBON,0.9967,PER YARD
26600-006-563,RIBBON,PLAIN RIBBON,1.0973,PER YARD
26600-006-564,RIBBON,PLAIN RIBBON,1.0973,PER YARD
26600-006-565,RIBBON,PLAIN RIBBON,0.9967,PER YARD
26600-006-566,RIBBON,PLAIN RIBBON,0.9967,PER YARD
26600-006-567,RIBBON,PLAIN RIBBON,1.047,PER YARD
26600-006-569,RIBBON,PLAIN RIBBON,1.0973,PER YARD
26600-006-570,RIBBON,PLAIN RIBBON,0.9967,PER YARD
26600-006-572,RIBBON,PLAIN RIBBON,0.9967,PER YARD
26600-006-577,RIBBON,PLAIN RIBBON,1.0973,PER YARD
26600-006-579,RIBBON,PLAIN RIBBON,1.0973,PER YARD
26600-006-580,RIBBON,PLAIN RIBBON,0.9718,PER YARD
26600-006-583,RIBBON,PLAIN RIBBON,0.9967,PER YARD
26600-006-587,RIBBON,PLAIN RIBBON,1.0973,PER YARD
26600-006-589,RIBBON,PLAIN RIBBON,0.9967,PER YARD
26600-006-593,RIBBON,PLAIN RIBBON,1.0973,PER YARD
26600-006-600,RIBBON,PLAIN RIBBON,,PER YARD
26600-006-614,RIBBON,PLAIN RIBBON,1.0973,PER YARD
26600-006-617,RIBBON,PLAIN RIBBON,0.9967,PER YARD
26600-006-617-0843,RIBBON,PLAIN RIBBON,,PER YARD
26600-006-640,RIBBON,PLAIN RIBBON,1.047,PER YARD
26600-006-644,RIBBON,PLAIN RIBBON,0.9967,PER YARD
26600-006-645,RIBBON,PLAIN RIBBON,1.0973,PER YARD
26600-006-650,RIBBON,PLAIN RIBBON,0.9967,PER YARD
26600-006-660,RIBBON,PLAIN RIBBON,0.9967,PER YARD
26600-006-662,RIBBON,PLAIN RIBBON,0.9967,PER YARD
26600-006-668,RIBBON,PLAIN RIBBON,1.0973,PER YARD
26600-006-675,RIBBON,PLAIN RIBBON,0.9967,PER YARD
26600-006-686,RIBBON,PLAIN RIBBON,1.0973,PER YARD
26600-006-687,RIBBON,PLAIN RIBBON,1.0973,PER YARD
26600-006-690,RIBBON,PLAIN RIBBON,0.9967,PER YARD
26600-006-693,RIBBON,PLAIN RIBBON,0.9967,PER YARD
26600-006-714,RIBBON,PLAIN RIBBON,0.9469,PER YARD
26600-006-720,RIBBON,PLAIN RIBBON,1.0973,PER YARD
26600-006-743,RIBBON,PLAIN RIBBON,0.9967,PER YARD
26600-006-750,RIBBON,PLAIN RIBBON,0.9967,PER YARD
26600-006-751,RIBBON,PLAIN RIBBON,1.0973,PER YARD
26600-006-761,RIBBON,PLAIN RIBBON,0.9967,PER YARD
26600-006-765,RIBBON,PLAIN RIBBON,,PER YARD
26600-006-765-0589,RIBBON,PLAIN RIBBON,,PER YARD
26600-006-777,RIBBON,PLAIN RIBBON,0.9967,PER YARD
26600-006-779,RIBBON,PLAIN RIBBON,1.0973,PER YARD
26600-006-780,RIBBON,PLAIN RIBBON,0.9967,PER YARD
26600-006-785,RIBBON,PLAIN RIBBON,1.0973,PER YARD
26600-006-789,RIBBON,PLAIN RIBBON,0.9469,PER YARD
26600-006-793,RIBBON,PLAIN RIBBON,1.0973,PER YARD
26600-006-810,RIBBON,PLAIN RIBBON,1.0973,PER YARD
26600-006-812,RIBBON,PLAIN RIBBON,1.0973,PER YARD
26600-006-813,RIBBON,PLAIN RIBBON,1.0973,PER YARD
26600-006-814,RIBBON,PLAIN RIBBON,0.9967,PER YARD
26600-006-815,RIBBON,PLAIN RIBBON,0.9967,PER YARD
26600-006-818,RIBBON,PLAIN RIBBON,0.9967,PER YARD
26600-006-820,RIBBON,PLAIN RIBBON,0.9967,PER YARD
26600-006-823,RIBBON,PLAIN RIBBON,0.9967,PER YARD
26600-006-824,RIBBON,PLAIN RIBBON,0.9967,PER YARD
26600-006-826,RIBBON,PLAIN RIBBON,1.0973,PER YARD
26600-006-835,RIBBON,PLAIN RIBBON,0.9967,PER YARD
26600-006-836,RIBBON,PLAIN RIBBON,0.9967,PER YARD
26600-006-837,RIBBON,PLAIN RIBBON,0.9967,PER YARD
26600-006-838,RIBBON,PLAIN RIBBON,0.9967,PER YARD
26600-006-840,RIBBON,PLAIN RIBBON,0.9967,PER YARD
26600-006-845,RIBBON,PLAIN RIBBON,1.047,PER YARD
26600-006-846,RIBBON,PLAIN RIBBON,0.9967,PER YARD
26600-006-847,RIBBON,PLAIN RIBBON,1.0973,PER YARD
26600-006-850,RIBBON,PLAIN RIBBON,1.0973,PER YARD
26600-006-855,RIBBON,PLAIN RIBBON,1.047,PER YARD
26600-006-860,RIBBON,PLAIN RIBBON,1.047,PER YARD
26600-006-868,RIBBON,PLAIN RIBBON,0.9967,PER YARD
26600-006-869,RIBBON,PLAIN RIBBON,0.9967,PER YARD
26600-006-870,RIBBON,PLAIN RIBBON,0.9967,PER YARD
26600-007-789,RIBBON,PLAIN RIBBON,,PER YARD
26600-009-000,RIBBON,PLAIN RIBBON,0.9601,PER YARD
26600-009-007,RIBBON,PLAIN RIBBON,1.3167,PER YARD
26600-009-009,RIBBON,PLAIN RIBBON,1.3167,PER YARD
26600-009-012,RIBBON,PLAIN RIBBON,1.1979,PER YARD
26600-009-017,RIBBON,PLAIN RIBBON,1.1979,PER YARD
26600-009-028,RIBBON,PLAIN RIBBON,1.3167,PER YARD
26600-009-029,RIBBON,PLAIN RIBBON,1.0516,PER YARD
26600-009-030,RIBBON,PLAIN RIBBON,1.0516,PER YARD
26600-009-030-YD,RIBBON,PLAIN RIBBON,,PER YARD
26600-009-077,RIBBON,PLAIN RIBBON,1.1979,PER YARD
26600-009-103,RIBBON,PLAIN RIBBON,1.1979,PER YARD
26600-009-105,RIBBON,PLAIN RIBBON,1.1979,PER YARD
26600-009-112,RIBBON,PLAIN RIBBON,1.3167,PER YARD
26600-009-115,RIBBON,PLAIN RIBBON,1.1979,PER YARD
26600-009-115-3408,RIBBON,PLAIN RIBBON,1.1979,PER YARD
26600-009-117,RIBBON,PLAIN RIBBON,1.1979,PER YARD
26600-009-123,RIBBON,PLAIN RIBBON,1.3167,PER YARD
26600-009-141,RIBBON,PLAIN RIBBON,1.2573,PER YARD
26600-009-146,RIBBON,PLAIN RIBBON,1.1979,PER YARD
26600-009-148,RIBBON,PLAIN RIBBON,1.1979,PER YARD
26600-009-149,RIBBON,PLAIN RIBBON,1.3167,PER YARD
26600-009-150,RIBBON,PLAIN RIBBON,1.1979,PER YARD
26600-009-151,RIBBON,PLAIN RIBBON,1.2573,PER YARD
26600-009-152,RIBBON,PLAIN RIBBON,1.1979,PER YARD
26600-009-153,RIBBON,PLAIN RIBBON,1.1979,PER YARD
26600-009-154,RIBBON,PLAIN RIBBON,1.3167,PER YARD
26600-009-155,RIBBON,PLAIN RIBBON,1.138,PER YARD
26600-009-156,RIBBON,PLAIN RIBBON,1.1979,PER YARD
26600-009-157,RIBBON,PLAIN RIBBON,1.1979,PER YARD
26600-009-158,RIBBON,PLAIN RIBBON,1.2573,PER YARD
26600-009-159,RIBBON,PLAIN RIBBON,1.3167,PER YARD
26600-009-160,RIBBON,PLAIN RIBBON,1.1979,PER YARD
26600-009-161,RIBBON,PLAIN RIBBON,1.3167,PER YARD
26600-009-164,RIBBON,PLAIN RIBBON,1.3167,PER YARD
26600-009-165,RIBBON,PLAIN RIBBON,1.3167,PER YARD
26600-009-168,RIBBON,PLAIN RIBBON,1.7191,PER YARD
26600-009-169,RIBBON,PLAIN RIBBON,1.1979,PER YARD
26600-009-174,RIBBON,PLAIN RIBBON,1.1679,PER YARD
26600-009-175,RIBBON,PLAIN RIBBON,1.3167,PER YARD
26600-009-176,RIBBON,PLAIN RIBBON,1.1979,PER YARD
26600-009-177,RIBBON,PLAIN RIBBON,1.3167,PER YARD
26600-009-182,RIBBON,PLAIN RIBBON,1.1979,PER YARD
26600-009-183,RIBBON,PLAIN RIBBON,,PER YARD
26600-009-185,RIBBON,PLAIN RIBBON,1.1979,PER YARD
26600-009-187,RIBBON,PLAIN RIBBON,1.3167,PER YARD
26600-009-193,RIBBON,PLAIN RIBBON,1.1979,PER YARD
26600-009-198,RIBBON,PLAIN RIBBON,1.3167,PER YARD
26600-009-203,RIBBON,PLAIN RIBBON,1.1979,PER YARD
26600-009-210,RIBBON,PLAIN RIBBON,1.138,PER YARD
26600-009-210-0867,RIBBON,PLAIN RIBBON,1.1979,PER YARD
26600-009-235,RIBBON,PLAIN RIBBON,1.1979,PER YARD
26600-009-238,RIBBON,PLAIN RIBBON,1.1979,PER YARD
26600-009-243,RIBBON,PLAIN RIBBON,1.1979,PER YARD
26600-009-250,RIBBON,PLAIN RIBBON,1.3167,PER YARD
26600-009-252,RIBBON,PLAIN RIBBON,1.3167,PER YARD
26600-009-260,RIBBON,PLAIN RIBBON,1.3167,PER YARD
26600-009-264,RIBBON,PLAIN RIBBON,1.3167,PER YARD
26600-009-275,RIBBON,PLAIN RIBBON,1.3167,PER YARD
26600-009-277,RIBBON,PLAIN RIBBON,1.3167,PER YARD
26600-009-285,RIBBON,PLAIN RIBBON,1.1979,PER YARD
26600-009-290,RIBBON,PLAIN RIBBON,1.3167,PER YARD
26600-009-303,RIBBON,PLAIN RIBBON,,PER YARD
26600-009-305,RIBBON,PLAIN RIBBON,1.1979,PER YARD
26600-009-307,RIBBON,PLAIN RIBBON,1.1679,PER YARD
26600-009-308,RIBBON,PLAIN RIBBON,1.1979,PER YARD
26600-009-311,RIBBON,PLAIN RIBBON,1.1979,PER YARD
26600-009-313,RIBBON,PLAIN RIBBON,1.1979,PER YARD
26600-009-314,RIBBON,PLAIN RIBBON,,PER YARD
26600-009-317,RIBBON,PLAIN RIBBON,1.1979,PER YARD
26600-009-322,RIBBON,PLAIN RIBBON,1.1979,PER YARD
26600-009-323,RIBBON,PLAIN RIBBON,1.1979,PER YARD
26600-009-324,RIBBON,PLAIN RIBBON,1.1979,PER YARD
26600-009-326,RIBBON,PLAIN RIBBON,1.2573,PER YARD
26600-009-327,RIBBON,PLAIN RIBBON,1.3167,PER YARD
26600-009-328,RIBBON,PLAIN RIBBON,1.1959,PER YARD
26600-009-329,RIBBON,PLAIN RIBBON,1.3167,PER YARD
26600-009-330,RIBBON,PLAIN RIBBON,1.1979,PER YARD
26600-009-331,RIBBON,PLAIN RIBBON,1.1679,PER YARD
26600-009-332,RIBBON,PLAIN RIBBON,1.3167,PER YARD
26600-009-333,RIBBON,PLAIN RIBBON,1.1979,PER YARD
26600-009-336,RIBBON,PLAIN RIBBON,1.3167,PER YARD
26600-009-337,RIBBON,PLAIN RIBBON,1.3167,PER YARD
26600-009-338,RIBBON,PLAIN RIBBON,1.1979,PER YARD
26600-009-340,RIBBON,PLAIN RIBBON,1.3167,PER YARD
26600-009-342,RIBBON,PLAIN RIBBON,,PER YARD
26600-009-343,RIBBON,PLAIN RIBBON,1.1979,PER YARD
26600-009-346,RIBBON,PLAIN RIBBON,1.1979,PER YARD
26600-009-347,RIBBON,PLAIN RIBBON,1.1979,PER YARD
26600-009-350,RIBBON,PLAIN RIBBON,1.3167,PER YARD
26600-009-352,RIBBON,PLAIN RIBBON,1.3167,PER YARD
26600-009-363,RIBBON,PLAIN RIBBON,1.3167,PER YARD
26600-009-365,RIBBON,PLAIN RIBBON,1.3167,PER YARD
26600-009-366,RIBBON,PLAIN RIBBON,1.3167,PER YARD
26600-009-369,RIBBON,PLAIN RIBBON,1.3167,PER YARD
26600-009-370,RIBBON,PLAIN RIBBON,1.2573,PER YARD
26600-009-371,RIBBON,PLAIN RIBBON,1.1979,PER YARD
26600-009-371-4278,RIBBON,PLAIN RIBBON,,PER YARD
26600-009-372,RIBBON,PLAIN RIBBON,1.3167,PER YARD
26600-009-374,RIBBON,PLAIN RIBBON,1.1679,PER YARD
26600-009-374-1966,RIBBON,PLAIN RIBBON,,PER YARD
26600-009-430,RIBBON,PLAIN RIBBON,1.3167,PER YARD
26600-009-434,RIBBON,PLAIN RIBBON,1.1979,PER YARD
26600-009-435,RIBBON,PLAIN RIBBON,1.3167,PER YARD
26600-009-447,RIBBON,PLAIN RIBBON,1.3167,PER YARD
26600-009-447-0763,RIBBON,PLAIN RIBBON,1.1979,PER YARD
26600-009-458,RIBBON,PLAIN RIBBON,1.2573,PER YARD
26600-009-462,RIBBON,PLAIN RIBBON,1.1979,PER YARD
26600-009-463,RIBBON,PLAIN RIBBON,1.1979,PER YARD
26600-009-470,RIBBON,PLAIN RIBBON,1.7191,PER YARD
26600-009-473-6783,RIBBON,PLAIN RIBBON,1.1979,PER YARD
26600-009-477,RIBBON,PLAIN RIBBON,1.1979,PER YARD
26600-009-510,RIBBON,PLAIN RIBBON,1.2573,PER YARD
26600-009-513,RIBBON,PLAIN RIBBON,,PER YARD
26600-009-520,RIBBON,PLAIN RIBBON,1.3167,PER YARD
26600-009-524,RIBBON,PLAIN RIBBON,1.1679,PER YARD
26600-009-525,RIBBON,PLAIN RIBBON,,PER YARD
26600-009-530,RIBBON,PLAIN RIBBON,1.1979,PER YARD
26600-009-544,RIBBON,PLAIN RIBBON,1.3167,PER YARD
26600-009-549,RIBBON,PLAIN RIBBON,1.1979,PER YARD
26600-009-550,RIBBON,PLAIN RIBBON,1.3167,PER YARD
26600-009-551,RIBBON,PLAIN RIBBON,1.3167,PER YARD
26600-009-552,RIBBON,PLAIN RIBBON,1.1979,PER YARD
26600-009-563,RIBBON,PLAIN RIBBON,1.1979,PER YARD
26600-009-564,RIBBON,PLAIN RIBBON,1.138,PER YARD
26600-009-565,RIBBON,PLAIN RIBBON,1.3167,PER YARD
26600-009-567,RIBBON,PLAIN RIBBON,1.1979,PER YARD
26600-009-569,RIBBON,PLAIN RIBBON,1.7191,PER YARD
26600-009-570,RIBBON,PLAIN RIBBON,1.1979,PER YARD
26600-009-572,RIBBON,PLAIN RIBBON,1.1979,PER YARD
26600-009-577,RIBBON,PLAIN RIBBON,1.1979,PER YARD
26600-009-580,RIBBON,PLAIN RIBBON,1.138,PER YARD
26600-009-583,RIBBON,PLAIN RIBBON,1.3167,PER YARD
26600-009-587,RIBBON,PLAIN RIBBON,1.1979,PER YARD
26600-009-589,RIBBON,PLAIN RIBBON,1.1979,PER YARD
26600-009-593,RIBBON,PLAIN RIBBON,1.1979,PER YARD
26600-009-593-1854,RIBBON,PLAIN RIBBON,,PER YARD
26600-009-600,RIBBON,PLAIN RIBBON,1.1979,PER YARD
26600-009-614,RIBBON,PLAIN RIBBON,1.3167,PER YARD
26600-009-617,RIBBON,PLAIN RIBBON,1.1979,PER YARD
26600-009-625,RIBBON,PLAIN RIBBON,1.3167,PER YARD
26600-009-64,RIBBON,PLAIN RIBBON,1.3167,PER YARD
26600-009-640,RIBBON,PLAIN RIBBON,1.3167,PER YARD
26600-009-644,RIBBON,PLAIN RIBBON,1.3167,PER YARD
26600-009-645,RIBBON,PLAIN RIBBON,1.1979,PER YARD
26600-009-650,RIBBON,PLAIN RIBBON,1.1979,PER YARD
26600-009-660,RIBBON,PLAIN RIBBON,1.1979,PER YARD
26600-009-662,RIBBON,PLAIN RIBBON,1.1979,PER YARD
26600-009-662-0457,RIBBON,PLAIN RIBBON,1.1979,PER YARD
26600-009-668,RIBBON,PLAIN RIBBON,1.1979,PER YARD
26600-009-675,RIBBON,PLAIN RIBBON,1.1979,PER YARD
26600-009-686,RIBBON,PLAIN RIBBON,1.1979,PER YARD
26600-009-687,RIBBON,PLAIN RIBBON,1.1979,PER YARD
26600-009-690,RIBBON,PLAIN RIBBON,1.1979,PER YARD
26600-009-693,RIBBON,PLAIN RIBBON,1.1679,PER YARD
26600-009-714,RIBBON,PLAIN RIBBON,1.1679,PER YARD
26600-009-720,RIBBON,PLAIN RIBBON,1.3167,PER YARD
26600-009-743,RIBBON,PLAIN RIBBON,1.1979,PER YARD
26600-009-750,RIBBON,PLAIN RIBBON,,PER YARD
26600-009-751,RIBBON,PLAIN RIBBON,1.3167,PER YARD
26600-009-765,RIBBON,PLAIN RIBBON,1.1979,PER YARD
26600-009-765-0601,RIBBON,PLAIN RIBBON,1.1979,PER YARD
26600-009-777,RIBBON,PLAIN RIBBON,1.1979,PER YARD
26600-009-779,RIBBON,PLAIN RIBBON,1.3167,PER YARD
26600-009-780-0701,RIBBON,PLAIN RIBBON,,PER YARD
26600-009-785,RIBBON,PLAIN RIBBON,1.3167,PER YARD
26600-009-789,RIBBON,PLAIN RIBBON,1.3167,PER YARD
26600-009-793,RIBBON,PLAIN RIBBON,1.5179,PER YARD
26600-009-810,RIBBON,PLAIN RIBBON,1.1979,PER YARD
26600-009-812,RIBBON,PLAIN RIBBON,1.3167,PER YARD
26600-009-813,RIBBON,PLAIN RIBBON,1.2573,PER YARD
26600-009-814,RIBBON,PLAIN RIBBON,1.1979,PER YARD
26600-009-815,RIBBON,PLAIN RIBBON,1.1979,PER YARD
26600-009-820,RIBBON,PLAIN RIBBON,1.1979,PER YARD
26600-009-823,RIBBON,PLAIN RIBBON,1.1979,PER YARD
26600-009-824,RIBBON,PLAIN RIBBON,1.1979,PER YARD
26600-009-824-1306,RIBBON,PLAIN RIBBON,1.1979,PER YARD
26600-009-826,RIBBON,PLAIN RIBBON,1.3167,PER YARD
26600-009-835,RIBBON,PLAIN RIBBON,,PER YARD
26600-009-836,RIBBON,PLAIN RIBBON,1.1979,PER YARD
26600-009-837,RIBBON,PLAIN RIBBON,1.3167,PER YARD
26600-009-838,RIBBON,PLAIN RIBBON,1.2573,PER YARD
26600-009-839,RIBBON,PLAIN RIBBON,,PER YARD
26600-009-840,RIBBON,PLAIN RIBBON,1.1979,PER YARD
26600-009-845,RIBBON,PLAIN RIBBON,1.1979,PER YARD
26600-009-846,RIBBON,PLAIN RIBBON,1.1959,PER YARD
26600-009-847,RIBBON,PLAIN RIBBON,1.3167,PER YARD
26600-009-850,RIBBON,PLAIN RIBBON,1.0973,PER YARD
26600-009-855,RIBBON,PLAIN RIBBON,1.1979,PER YARD
26600-009-868,RIBBON,PLAIN RIBBON,1.1959,PER YARD
26600-009-868-0528,RIBBON,PLAIN RIBBON,,PER YARD
26600-009-868-0528 APPROVED SHADE A 19-1331 TCX,RIBBON,PLAIN RIBBON,,PER YARD
26600-009-870,RIBBON,PLAIN RIBBON,1.3167,PER YARD
26600-013-000,RIBBON,PLAIN RIBBON,1.4082,PER YARD
26600-013-007,RIBBON,PLAIN RIBBON,1.6002,PER YARD
26600-013-009,RIBBON,PLAIN RIBBON,1.6002,PER YARD
26600-013-012,RIBBON,PLAIN RIBBON,1.7648,PER YARD
26600-013-017,RIBBON,PLAIN RIBBON,1.7648,PER YARD
26600-013-017-3798,RIBBON,PLAIN RIBBON,1.6002,PER YARD
26600-013-028,RIBBON,PLAIN RIBBON,1.7648,PER YARD
26600-013-029,RIBBON,PLAIN RIBBON,1.4082,PER YARD
26600-013-030,RIBBON,PLAIN RIBBON,1.4082,PER YARD
26600-013-077,RIBBON,PLAIN RIBBON,1.6002,PER YARD
26600-013-103,RIBBON,PLAIN RIBBON,1.7648,PER YARD
26600-013-105,RIBBON,PLAIN RIBBON,1.6002,PER YARD
26600-013-112,RIBBON,PLAIN RIBBON,1.6002,PER YARD
26600-013-115,RIBBON,PLAIN RIBBON,1.6002,PER YARD
26600-013-117,RIBBON,PLAIN RIBBON,1.7648,PER YARD
26600-013-123,RIBBON,PLAIN RIBBON,1.7831,PER YARD
26600-013-141,RIBBON,PLAIN RIBBON,1.6002,PER YARD
26600-013-146,RIBBON,PLAIN RIBBON,,PER YARD
26600-013-148,RIBBON,PLAIN RIBBON,1.6002,PER YARD
26600-013-151,RIBBON,PLAIN RIBBON,1.6002,PER YARD
26600-013-153,RIBBON,PLAIN RIBBON,1.6002,PER YARD
26600-013-154,RIBBON,PLAIN RIBBON,1.6002,PER YARD
26600-013-156,RIBBON,PLAIN RIBBON,1.7648,PER YARD
26600-013-157,RIBBON,PLAIN RIBBON,1.7648,PER YARD
26600-013-158,RIBBON,PLAIN RIBBON,,PER YARD
26600-013-160,RIBBON,PLAIN RIBBON,1.5602,PER YARD
26600-013-161,RIBBON,PLAIN RIBBON,1.6002,PER YARD
26600-013-164,RIBBON,PLAIN RIBBON,1.6002,PER YARD
26600-013-165,RIBBON,PLAIN RIBBON,1.6002,PER YARD
26600-013-168,RIBBON,PLAIN RIBBON,,PER YARD
26600-013-174,RIBBON,PLAIN RIBBON,1.6002,PER YARD
26600-013-175,RIBBON,PLAIN RIBBON,,PER YARD
26600-013-182,RIBBON,PLAIN RIBBON,1.6002,PER YARD
26600-013-183,RIBBON,PLAIN RIBBON,,PER YARD
26600-013-185,RIBBON,PLAIN RIBBON,1.6002,PER YARD
26600-013-187,RIBBON,PLAIN RIBBON,1.6002,PER YARD
26600-013-193,RIBBON,PLAIN RIBBON,1.5545,PER YARD
26600-013-203,RIBBON,PLAIN RIBBON,1.6002,PER YARD
26600-013-235,RIBBON,PLAIN RIBBON,1.6002,PER YARD
26600-013-238,RIBBON,PLAIN RIBBON,1.6002,PER YARD
26600-013-250,RIBBON,PLAIN RIBBON,1.7648,PER YARD
26600-013-260,RIBBON,PLAIN RIBBON,1.6002,PER YARD
26600-013-264,RIBBON,PLAIN RIBBON,1.399,PER YARD
26600-013-275,RIBBON,PLAIN RIBBON,1.6002,PER YARD
26600-013-277,RIBBON,PLAIN RIBBON,1.7648,PER YARD
26600-013-305,RIBBON,PLAIN RIBBON,1.6002,PER YARD
26600-013-307,RIBBON,PLAIN RIBBON,1.6002,PER YARD
26600-013-308,RIBBON,PLAIN RIBBON,,PER YARD
26600-013-311,RIBBON,PLAIN RIBBON,1.6002,PER YARD
26600-013-313,RIBBON,PLAIN RIBBON,,PER YARD
26600-013-314,RIBBON,PLAIN RIBBON,1.6002,PER YARD
26600-013-317,RIBBON,PLAIN RIBBON,1.7648,PER YARD
26600-013-322,RIBBON,PLAIN RIBBON,1.6002,PER YARD
26600-013-325,RIBBON,PLAIN RIBBON,1.6002,PER YARD
26600-013-327,RIBBON,PLAIN RIBBON,1.6002,PER YARD
26600-013-329,RIBBON,PLAIN RIBBON,1.6002,PER YARD
26600-013-330,RIBBON,PLAIN RIBBON,1.7648,PER YARD
26600-013-331,RIBBON,PLAIN RIBBON,1.4356,PER YARD
26600-013-332,RIBBON,PLAIN RIBBON,1.4356,PER YARD
26600-013-333,RIBBON,PLAIN RIBBON,1.6002,PER YARD
26600-013-336,RIBBON,PLAIN RIBBON,,PER YARD
26600-013-342,RIBBON,PLAIN RIBBON,1.6002,PER YARD
26600-013-343,RIBBON,PLAIN RIBBON,1.6002,PER YARD
26600-013-347,RIBBON,PLAIN RIBBON,,PER YARD
26600-013-350,RIBBON,PLAIN RIBBON,1.6002,PER YARD
26600-013-352,RIBBON,PLAIN RIBBON,1.6002,PER YARD
26600-013-365,RIBBON,PLAIN RIBBON,1.7648,PER YARD
26600-013-366,RIBBON,PLAIN RIBBON,1.7648,PER YARD
26600-013-369,RIBBON,PLAIN RIBBON,,PER YARD
26600-013-370,RIBBON,PLAIN RIBBON,1.6002,PER YARD
26600-013-371,RIBBON,PLAIN RIBBON,1.4356,PER YARD
26600-013-372-2786,RIBBON,PLAIN RIBBON,,PER YARD
26600-013-374,RIBBON,PLAIN RIBBON,,PER YARD
26600-013-420,RIBBON,PLAIN RIBBON,,PER YARD
26600-013-430,RIBBON,PLAIN RIBBON,,PER YARD
26600-013-434,RIBBON,PLAIN RIBBON,1.6002,PER YARD
26600-013-435,RIBBON,PLAIN RIBBON,1.6002,PER YARD
26600-013-447,RIBBON,PLAIN RIBBON,1.6002,PER YARD
26600-013-458,RIBBON,PLAIN RIBBON,1.7648,PER YARD
26600-013-462,RIBBON,PLAIN RIBBON,1.6002,PER YARD
26600-013-463,RIBBON,PLAIN RIBBON,1.7648,PER YARD
26600-013-464,RIBBON,PLAIN RIBBON,1.6002,PER YARD
26600-013-465,RIBBON,PLAIN RIBBON,1.6002,PER YARD
26600-013-473,RIBBON,PLAIN RIBBON,1.7648,PER YARD
26600-013-510,RIBBON,PLAIN RIBBON,1.6002,PER YARD
26600-013-513,RIBBON,PLAIN RIBBON,1.6002,PER YARD
26600-013-520,RIBBON,PLAIN RIBBON,1.7648,PER YARD
26600-013-524,RIBBON,PLAIN RIBBON,,PER YARD
26600-013-548,RIBBON,PLAIN RIBBON,1.6002,PER YARD
26600-013-552,RIBBON,PLAIN RIBBON,1.7648,PER YARD
26600-013-563,RIBBON,PLAIN RIBBON,1.6002,PER YARD
26600-013-564,RIBBON,PLAIN RIBBON,1.7648,PER YARD
26600-013-565,RIBBON,PLAIN RIBBON,1.7831,PER YARD
26600-013-566,RIBBON,PLAIN RIBBON,1.7648,PER YARD
26600-013-567,RIBBON,PLAIN RIBBON,1.7648,PER YARD
26600-013-569,RIBBON,PLAIN RIBBON,,PER YARD
26600-013-570,RIBBON,PLAIN RIBBON,1.6002,PER YARD
26600-013-572,RIBBON,PLAIN RIBBON,1.6002,PER YARD
26600-013-577,RIBBON,PLAIN RIBBON,1.6002,PER YARD
26600-013-579,RIBBON,PLAIN RIBBON,1.6002,PER YARD
26600-013-580,RIBBON,PLAIN RIBBON,1.7648,PER YARD
26600-013-583,RIBBON,PLAIN RIBBON,1.6002,PER YARD
26600-013-587,RIBBON,PLAIN RIBBON,1.6002,PER YARD
26600-013-589,RIBBON,PLAIN RIBBON,1.6002,PER YARD
26600-013-593,RIBBON,PLAIN RIBBON,1.6002,PER YARD
26600-013-614,RIBBON,PLAIN RIBBON,,PER YARD
26600-013-645,RIBBON,PLAIN RIBBON,1.6825,PER YARD
26600-013-650,RIBBON,PLAIN RIBBON,,PER YARD
26600-013-660,RIBBON,PLAIN RIBBON,1.6002,PER YARD
26600-013-662,RIBBON,PLAIN RIBBON,1.6002,PER YARD
26600-013-668,RIBBON,PLAIN RIBBON,1.7648,PER YARD
26600-013-675,RIBBON,PLAIN RIBBON,1.6002,PER YARD
26600-013-690,RIBBON,PLAIN RIBBON,1.7648,PER YARD
26600-013-693,RIBBON,PLAIN RIBBON,1.6002,PER YARD
26600-013-720,RIBBON,PLAIN RIBBON,,PER YARD
26600-013-743,RIBBON,PLAIN RIBBON,1.6002,PER YARD
26600-013-750,RIBBON,PLAIN RIBBON,,PER YARD
26600-013-751,RIBBON,PLAIN RIBBON,1.6002,PER YARD
26600-013-761,RIBBON,PLAIN RIBBON,1.6002,PER YARD
26600-013-765,RIBBON,PLAIN RIBBON,1.7648,PER YARD
26600-013-777,RIBBON,PLAIN RIBBON,1.6002,PER YARD
26600-013-779,RIBBON,PLAIN RIBBON,1.7648,PER YARD
26600-013-780,RIBBON,PLAIN RIBBON,,PER YARD
26600-013-785,RIBBON,PLAIN RIBBON,1.6002,PER YARD
26600-013-789,RIBBON,PLAIN RIBBON,1.6002,PER YARD
26600-013-793,RIBBON,PLAIN RIBBON,1.7648,PER YARD
26600-013-810,RIBBON,PLAIN RIBBON,1.7648,PER YARD
26600-013-812,RIBBON,PLAIN RIBBON,1.7648,PER YARD
26600-013-813,RIBBON,PLAIN RIBBON,1.6002,PER YARD
26600-013-814,RIBBON,PLAIN RIBBON,1.7648,PER YARD
26600-013-815,RIBBON,PLAIN RIBBON,1.7648,PER YARD
26600-013-818,RIBBON,PLAIN RIBBON,1.6002,PER YARD
26600-013-823,RIBBON,PLAIN RIBBON,1.5408,PER YARD
26600-013-824,RIBBON,PLAIN RIBBON,1.6002,PER YARD
26600-013-826,RIBBON,PLAIN RIBBON,1.7739,PER YARD
26600-013-835,RIBBON,PLAIN RIBBON,1.7648,PER YARD
26600-013-836,RIBBON,PLAIN RIBBON,1.7648,PER YARD
26600-013-837,RIBBON,PLAIN RIBBON,1.7648,PER YARD
26600-013-838,RIBBON,PLAIN RIBBON,1.6825,PER YARD
26600-013-840,RIBBON,PLAIN RIBBON,1.6002,PER YARD
26600-013-845,RIBBON,PLAIN RIBBON,1.6002,PER YARD
26600-013-846,RIBBON,PLAIN RIBBON,1.6002,PER YARD
26600-013-847,RIBBON,PLAIN RIBBON,1.6002,PER YARD
26600-013-850,RIBBON,PLAIN RIBBON,1.6002,PER YARD
26600-013-855,RIBBON,PLAIN RIBBON,1.7648,PER YARD
26600-013-860,RIBBON,PLAIN RIBBON,1.6002,PER YARD
26600-013-868,RIBBON,PLAIN RIBBON,1.6825,PER YARD
26600-013-869,RIBBON,PLAIN RIBBON,1.7648,PER YARD
26600-013-870,RIBBON,PLAIN RIBBON,1.6002,PER YARD
26600-016-000,RIBBON,PLAIN RIBBON,1.8471,PER YARD
26600-016-007,RIBBON,PLAIN RIBBON,2.1031,PER YARD
26600-016-009,RIBBON,PLAIN RIBBON,2.1031,PER YARD
26600-016-012,RIBBON,PLAIN RIBBON,2.3134,PER YARD
26600-016-017,RIBBON,PLAIN RIBBON,2.3134,PER YARD
26600-016-017-3561,RIBBON,PLAIN RIBBON,,PER YARD
26600-016-028,RIBBON,PLAIN RIBBON,2.1031,PER YARD
26600-016-029,RIBBON,PLAIN RIBBON,1.8471,PER YARD
26600-016-030,RIBBON,PLAIN RIBBON,1.6825,PER YARD
26600-016-103,RIBBON,PLAIN RIBBON,2.1031,PER YARD
26600-016-105,RIBBON,PLAIN RIBBON,2.1031,PER YARD
26600-016-112,RIBBON,PLAIN RIBBON,2.1031,PER YARD
26600-016-115,RIBBON,PLAIN RIBBON,2.1031,PER YARD
26600-016-117,RIBBON,PLAIN RIBBON,2.1031,PER YARD
26600-016-123,RIBBON,PLAIN RIBBON,2.3134,PER YARD
26600-016-146,RIBBON,PLAIN RIBBON,2.3134,PER YARD
26600-016-148,RIBBON,PLAIN RIBBON,,PER YARD
26600-016-148-1826,RIBBON,PLAIN RIBBON,,PER YARD
26600-016-150,RIBBON,PLAIN RIBBON,2.1031,PER YARD
26600-016-152,RIBBON,PLAIN RIBBON,2.1031,PER YARD
26600-016-154,RIBBON,PLAIN RIBBON,2.3134,PER YARD
26600-016-156,RIBBON,PLAIN RIBBON,,PER YARD
26600-016-158,RIBBON,PLAIN RIBBON,,PER YARD
26600-016-160,RIBBON,PLAIN RIBBON,2.1031,PER YARD
26600-016-161,RIBBON,PLAIN RIBBON,2.3134,PER YARD
26600-016-164,RIBBON,PLAIN RIBBON,2.1031,PER YARD
26600-016-165,RIBBON,PLAIN RIBBON,2.3134,PER YARD
26600-016-175,RIBBON,PLAIN RIBBON,2.1031,PER YARD
26600-016-176,RIBBON,PLAIN RIBBON,2.1031,PER YARD
26600-016-177-1109,RIBBON,PLAIN RIBBON,,PER YARD
26600-016-177-1178,RIBBON,PLAIN RIBBON,2.1031,PER YARD
26600-016-183,RIBBON,PLAIN RIBBON,2.1031,PER YARD
26600-016-185,RIBBON,PLAIN RIBBON,,PER YARD
26600-016-187,RIBBON,PLAIN RIBBON,2.1031,PER YARD
26600-016-210,RIBBON,PLAIN RIBBON,2.1031,PER YARD
26600-016-235,RIBBON,PLAIN RIBBON,2.3134,PER YARD
26600-016-238,RIBBON,PLAIN RIBBON,2.3134,PER YARD
26600-016-250,RIBBON,PLAIN RIBBON,2.1031,PER YARD
26600-016-252,RIBBON,PLAIN RIBBON,2.2083,PER YARD
26600-016-260,RIBBON,PLAIN RIBBON,2.3134,PER YARD
26600-016-264,RIBBON,PLAIN RIBBON,2.3134,PER YARD
26600-016-275,RIBBON,PLAIN RIBBON,2.3134,PER YARD
26600-016-277,RIBBON,PLAIN RIBBON,2.3134,PER YARD
26600-016-290,RIBBON,PLAIN RIBBON,,PER YARD
26600-016-303,RIBBON,PLAIN RIBBON,2.1031,PER YARD
26600-016-305,RIBBON,PLAIN RIBBON,,PER YARD
26600-016-307,RIBBON,PLAIN RIBBON,2.3134,PER YARD
26600-016-307-1295,RIBBON,PLAIN RIBBON,,PER YARD
26600-016-308,RIBBON,PLAIN RIBBON,2.1031,PER YARD
26600-016-311,RIBBON,PLAIN RIBBON,2.3134,PER YARD
26600-016-313,RIBBON,PLAIN RIBBON,2.1031,PER YARD
26600-016-314-1459,RIBBON,PLAIN RIBBON,2.1031,PER YARD
26600-016-324,RIBBON,PLAIN RIBBON,2.2083,PER YARD
26600-016-327,RIBBON,PLAIN RIBBON,2.1031,PER YARD
26600-016-330,RIBBON,PLAIN RIBBON,2.1031,PER YARD
26600-016-331,RIBBON,PLAIN RIBBON,,PER YARD
26600-016-332,RIBBON,PLAIN RIBBON,2.1031,PER YARD
26600-016-333,RIBBON,PLAIN RIBBON,2.1031,PER YARD
26600-016-338,RIBBON,PLAIN RIBBON,,PER YARD
26600-016-338-1694,RIBBON,PLAIN RIBBON,,PER YARD
26600-016-343,RIBBON,PLAIN RIBBON,,PER YARD
26600-016-347,RIBBON,PLAIN RIBBON,2.1031,PER YARD
26600-016-350,RIBBON,PLAIN RIBBON,2.3134,PER YARD
26600-016-352,RIBBON,PLAIN RIBBON,2.1031,PER YARD
26600-016-365,RIBBON,PLAIN RIBBON,2.1031,PER YARD
26600-016-370,RIBBON,PLAIN RIBBON,,PER YARD
26600-016-371,RIBBON,PLAIN RIBBON,2.1031,PER YARD
26600-016-372,RIBBON,PLAIN RIBBON,2.1031,PER YARD
26600-016-430,RIBBON,PLAIN RIBBON,2.1031,PER YARD
26600-016-447,RIBBON,PLAIN RIBBON,2.3134,PER YARD
26600-016-458,RIBBON,PLAIN RIBBON,2.1031,PER YARD
26600-016-462,RIBBON,PLAIN RIBBON,,PER YARD
26600-016-463,RIBBON,PLAIN RIBBON,,PER YARD
26600-016-467,RIBBON,PLAIN RIBBON,,PER YARD
26600-016-470,RIBBON,PLAIN RIBBON,,PER YARD
26600-016-473,RIBBON,PLAIN RIBBON,,PER YARD
26600-016-477,RIBBON,PLAIN RIBBON,2.1031,PER YARD
26600-016-520,RIBBON,PLAIN RIBBON,,PER YARD
26600-016-524-0797,RIBBON,PLAIN RIBBON,,PER YARD
26600-016-544,RIBBON,PLAIN RIBBON,2.1031,PER YARD
26600-016-550,RIBBON,PLAIN RIBBON,2.1031,PER YARD
26600-016-551,RIBBON,PLAIN RIBBON,2.1031,PER YARD
26600-016-552,RIBBON,PLAIN RIBBON,2.1031,PER YARD
26600-016-563,RIBBON,PLAIN RIBBON,2.1031,PER YARD
26600-016-563-6723,RIBBON,PLAIN RIBBON,,PER YARD
26600-016-565,RIBBON,PLAIN RIBBON,2.1031,PER YARD
26600-016-565-0663,RIBBON,PLAIN RIBBON,,PER YARD
26600-016-565-0664,RIBBON,PLAIN RIBBON,,PER YARD
26600-016-566,RIBBON,PLAIN RIBBON,2.1031,PER YARD
26600-016-567,RIBBON,PLAIN RIBBON,2.1031,PER YARD
26600-016-569,RIBBON,PLAIN RIBBON,,PER YARD
26600-016-570,RIBBON,PLAIN RIBBON,2.3134,PER YARD
26600-016-577,RIBBON,PLAIN RIBBON,2.3134,PER YARD
26600-016-583,RIBBON,PLAIN RIBBON,2.1031,PER YARD
26600-016-587,RIBBON,PLAIN RIBBON,2.3134,PER YARD
26600-016-589,RIBBON,PLAIN RIBBON,2.1031,PER YARD
26600-016-593,RIBBON,PLAIN RIBBON,2.3134,PER YARD
26600-016-600,RIBBON,PLAIN RIBBON,2.1031,PER YARD
26600-016-640,RIBBON,PLAIN RIBBON,2.1031,PER YARD
26600-016-644,RIBBON,PLAIN RIBBON,2.3134,PER YARD
26600-016-645,RIBBON,PLAIN RIBBON,2.1031,PER YARD
26600-016-650,RIBBON,PLAIN RIBBON,2.2083,PER YARD
26600-016-660,RIBBON,PLAIN RIBBON,2.1031,PER YARD
26600-016-662,RIBBON,PLAIN RIBBON,2.3134,PER YARD
26600-016-686,RIBBON,PLAIN RIBBON,2.1031,PER YARD
26600-016-693,RIBBON,PLAIN RIBBON,2.1031,PER YARD
26600-016-720,RIBBON,PLAIN RIBBON,,PER YARD
26600-016-743,RIBBON,PLAIN RIBBON,2.1031,PER YARD
26600-016-743-0298,RIBBON,PLAIN RIBBON,,PER YARD
26600-016-750,RIBBON,PLAIN RIBBON,2.3134,PER YARD
26600-016-751,RIBBON,PLAIN RIBBON,3.301,PER YARD
26600-016-761,RIBBON,PLAIN RIBBON,2.1031,PER YARD
26600-016-765,RIBBON,PLAIN RIBBON,2.1031,PER YARD
26600-016-780,RIBBON,PLAIN RIBBON,2.1031,PER YARD
26600-016-785,RIBBON,PLAIN RIBBON,,PER YARD
26600-016-789,RIBBON,PLAIN RIBBON,2.1031,PER YARD
26600-016-793,RIBBON,PLAIN RIBBON,2.3134,PER YARD
26600-016-793-0880,RIBBON,PLAIN RIBBON,,PER YARD
26600-016-810,RIBBON,PLAIN RIBBON,2.2083,PER YARD
26600-016-812,RIBBON,PLAIN RIBBON,,PER YARD
26600-016-815,RIBBON,PLAIN RIBBON,2.2083,PER YARD
26600-016-820,RIBBON,PLAIN RIBBON,2.3134,PER YARD
26600-016-823,RIBBON,PLAIN RIBBON,2.1031,PER YARD
26600-016-826,RIBBON,PLAIN RIBBON,,PER YARD
26600-016-835,RIBBON,PLAIN RIBBON,,PER YARD
26600-016-836,RIBBON,PLAIN RIBBON,2.3134,PER YARD
26600-016-837,RIBBON,PLAIN RIBBON,2.1031,PER YARD
26600-016-838,RIBBON,PLAIN RIBBON,2.4049,PER YARD
26600-016-840,RIBBON,PLAIN RIBBON,2.3134,PER YARD
26600-016-847,RIBBON,PLAIN RIBBON,2.3134,PER YARD
26600-016-850,RIBBON,PLAIN RIBBON,,PER YARD
26600-016-855,RIBBON,PLAIN RIBBON,2.2083,PER YARD
26600-016-860,RIBBON,PLAIN RIBBON,2.3134,PER YARD
26600-016-868,RIBBON,PLAIN RIBBON,2.1031,PER YARD
26600-019-000,RIBBON,PLAIN RIBBON,2.1123,PER YARD
26600-019-007,RIBBON,PLAIN RIBBON,2.6426,PER YARD
26600-019-009,RIBBON,PLAIN RIBBON,2.6426,PER YARD
26600-019-012,RIBBON,PLAIN RIBBON,,PER YARD
26600-019-017,RIBBON,PLAIN RIBBON,2.4049,PER YARD
26600-019-028,RIBBON,PLAIN RIBBON,2.6426,PER YARD
26600-019-029,RIBBON,PLAIN RIBBON,2.1123,PER YARD
26600-019-030,RIBBON,PLAIN RIBBON,2.1123,PER YARD
26600-019-030-NORMAL,RIBBON,PLAIN RIBBON,,PER YARD
26600-019-030-YD,RIBBON,PLAIN RIBBON,,PER YARD
26600-019-077,RIBBON,PLAIN RIBBON,2.6426,PER YARD
26600-019-103,RIBBON,PLAIN RIBBON,2.4049,PER YARD
26600-019-105,RIBBON,PLAIN RIBBON,2.6426,PER YARD
26600-019-112,RIBBON,PLAIN RIBBON,2.4049,PER YARD
26600-019-115,RIBBON,PLAIN RIBBON,2.4049,PER YARD
26600-019-117,RIBBON,PLAIN RIBBON,2.4049,PER YARD
26600-019-123,RIBBON,PLAIN RIBBON,1.8699,PER YARD
26600-019-141,RIBBON,PLAIN RIBBON,2.4049,PER YARD
26600-019-146,RIBBON,PLAIN RIBBON,,PER YARD
26600-019-148,RIBBON,PLAIN RIBBON,,PER YARD
26600-019-150,RIBBON,PLAIN RIBBON,,PER YARD
26600-019-151,RIBBON,PLAIN RIBBON,,PER YARD
26600-019-152,RIBBON,PLAIN RIBBON,2.4049,PER YARD
26600-019-153,RIBBON,PLAIN RIBBON,2.4049,PER YARD
26600-019-154,RIBBON,PLAIN RIBBON,2.5237,PER YARD
26600-019-155,RIBBON,PLAIN RIBBON,2.4049,PER YARD
26600-019-156,RIBBON,PLAIN RIBBON,2.4049,PER YARD
26600-019-157,RIBBON,PLAIN RIBBON,2.6426,PER YARD
26600-019-159,RIBBON,PLAIN RIBBON,2.6426,PER YARD
26600-019-160,RIBBON,PLAIN RIBBON,2.4049,PER YARD
26600-019-161,RIBBON,PLAIN RIBBON,2.6426,PER YARD
26600-019-164,RIBBON,PLAIN RIBBON,2.4049,PER YARD
26600-019-165,RIBBON,PLAIN RIBBON,2.4049,PER YARD
26600-019-168,RIBBON,PLAIN RIBBON,,PER YARD
26600-019-169,RIBBON,PLAIN RIBBON,2.4049,PER YARD
26600-019-174,RIBBON,PLAIN RIBBON,,PER YARD
26600-019-175,RIBBON,PLAIN RIBBON,2.4049,PER YARD
26600-019-176,RIBBON,PLAIN RIBBON,2.6426,PER YARD
26600-019-177,RIBBON,PLAIN RIBBON,2.6426,PER YARD
26600-019-182,RIBBON,PLAIN RIBBON,2.4049,PER YARD
26600-019-183,RIBBON,PLAIN RIBBON,2.6426,PER YARD
26600-019-185,RIBBON,PLAIN RIBBON,2.4049,PER YARD
26600-019-187,RIBBON,PLAIN RIBBON,2.5237,PER YARD
26600-019-193,RIBBON,PLAIN RIBBON,2.6426,PER YARD
26600-019-198,RIBBON,PLAIN RIBBON,,PER YARD
26600-019-203,RIBBON,PLAIN RIBBON,2.4049,PER YARD
26600-019-210,RIBBON,PLAIN RIBBON,2.4049,PER YARD
26600-019-235,RIBBON,PLAIN RIBBON,2.5237,PER YARD
26600-019-238,RIBBON,PLAIN RIBBON,2.5237,PER YARD
26600-019-243,RIBBON,PLAIN RIBBON,2.6426,PER YARD
26600-019-250,RIBBON,PLAIN RIBBON,2.6426,PER YARD
26600-019-252,RIBBON,PLAIN RIBBON,2.6426,PER YARD
26600-019-260,RIBBON,PLAIN RIBBON,2.6426,PER YARD
26600-019-264,RIBBON,PLAIN RIBBON,2.4049,PER YARD
26600-019-275,RIBBON,PLAIN RIBBON,2.6426,PER YARD
26600-019-277,RIBBON,PLAIN RIBBON,2.6426,PER YARD
26600-019-303,RIBBON,PLAIN RIBBON,2.4049,PER YARD
26600-019-305,RIBBON,PLAIN RIBBON,2.4049,PER YARD
26600-019-307,RIBBON,PLAIN RIBBON,2.4049,PER YARD
26600-019-308,RIBBON,PLAIN RIBBON,2.4049,PER YARD
26600-019-311,RIBBON,PLAIN RIBBON,,PER YARD
26600-019-313,RIBBON,PLAIN RIBBON,2.6426,PER YARD
26600-019-314,RIBBON,PLAIN RIBBON,2.6426,PER YARD
26600-019-317,RIBBON,PLAIN RIBBON,2.4049,PER YARD
26600-019-322,RIBBON,PLAIN RIBBON,2.4049,PER YARD
26600-019-323,RIBBON,PLAIN RIBBON,2.6426,PER YARD
26600-019-324,RIBBON,PLAIN RIBBON,,PER YARD
26600-019-326,RIBBON,PLAIN RIBBON,2.6426,PER YARD
26600-019-328,RIBBON,PLAIN RIBBON,2.4049,PER YARD
26600-019-329,RIBBON,PLAIN RIBBON,2.4049,PER YARD
26600-019-330,RIBBON,PLAIN RIBBON,2.4049,PER YARD
26600-019-331,RIBBON,PLAIN RIBBON,2.4049,PER YARD
26600-019-332,RIBBON,PLAIN RIBBON,2.4049,PER YARD
26600-019-333,RIBBON,PLAIN RIBBON,2.4049,PER YARD
26600-019-335,RIBBON,PLAIN RIBBON,2.4049,PER YARD
26600-019-337,RIBBON,PLAIN RIBBON,2.4049,PER YARD
26600-019-338,RIBBON,PLAIN RIBBON,,PER YARD
26600-019-340,RIBBON,PLAIN RIBBON,2.4049,PER YARD
26600-019-342,RIBBON,PLAIN RIBBON,2.6426,PER YARD
26600-019-346,RIBBON,PLAIN RIBBON,2.4049,PER YARD
26600-019-347,RIBBON,PLAIN RIBBON,2.6426,PER YARD
26600-019-350,RIBBON,PLAIN RIBBON,,PER YARD
26600-019-352,RIBBON,PLAIN RIBBON,,PER YARD
26600-019-363,RIBBON,PLAIN RIBBON,2.3448,PER YARD
26600-019-365,RIBBON,PLAIN RIBBON,2.6426,PER YARD
26600-019-366,RIBBON,PLAIN RIBBON,2.4049,PER YARD
26600-019-369,RIBBON,PLAIN RIBBON,,PER YARD
26600-019-370,RIBBON,PLAIN RIBBON,2.6426,PER YARD
26600-019-371,RIBBON,PLAIN RIBBON,2.6426,PER YARD
26600-019-372,RIBBON,PLAIN RIBBON,2.6426,PER YARD
26600-019-374,RIBBON,PLAIN RIBBON,2.6426,PER YARD
26600-019-420,RIBBON,PLAIN RIBBON,2.4049,PER YARD
26600-019-430,RIBBON,PLAIN RIBBON,2.4049,PER YARD
26600-019-434,RIBBON,PLAIN RIBBON,,PER YARD
26600-019-458,RIBBON,PLAIN RIBBON,2.4049,PER YARD
26600-019-462,RIBBON,PLAIN RIBBON,2.6426,PER YARD
26600-019-463,RIBBON,PLAIN RIBBON,2.6426,PER YARD
26600-019-464,RIBBON,PLAIN RIBBON,2.4049,PER YARD
26600-019-465,RIBBON,PLAIN RIBBON,2.6426,PER YARD
26600-019-467,RIBBON,PLAIN RIBBON,2.4049,PER YARD
26600-019-473,RIBBON,PLAIN RIBBON,2.6426,PER YARD
26600-019-476,RIBBON,PLAIN RIBBON,2.5898,PER YARD
26600-019-477,RIBBON,PLAIN RIBBON,,PER YARD
26600-019-510,RIBBON,PLAIN RIBBON,2.4049,PER YARD
26600-019-513,RIBBON,PLAIN RIBBON,2.6426,PER YARD
26600-019-520,RIBBON,PLAIN RIBBON,2.6426,PER YARD
26600-019-524,RIBBON,PLAIN RIBBON,,PER YARD
26600-019-544,RIBBON,PLAIN RIBBON,2.4049,PER YARD
26600-019-548,RIBBON,PLAIN RIBBON,2.6426,PER YARD
26600-019-549,RIBBON,PLAIN RIBBON,2.4049,PER YARD
26600-019-550,RIBBON,PLAIN RIBBON,2.4049,PER YARD
26600-019-551,RIBBON,PLAIN RIBBON,,PER YARD
26600-019-555,RIBBON,PLAIN RIBBON,2.4049,PER YARD
26600-019-556,RIBBON,PLAIN RIBBON,2.6426,PER YARD
26600-019-563,RIBBON,PLAIN RIBBON,2.6426,PER YARD
26600-019-564,RIBBON,PLAIN RIBBON,2.4049,PER YARD
26600-019-565,RIBBON,PLAIN RIBBON,2.4049,PER YARD
26600-019-566,RIBBON,PLAIN RIBBON,2.6426,PER YARD
26600-019-567,RIBBON,PLAIN RIBBON,2.5237,PER YARD
26600-019-569,RIBBON,PLAIN RIBBON,2.4049,PER YARD
26600-019-570,RIBBON,PLAIN RIBBON,2.6426,PER YARD
26600-019-572,RIBBON,PLAIN RIBBON,2.4049,PER YARD
26600-019-577,RIBBON,PLAIN RIBBON,2.4049,PER YARD
26600-019-579,RIBBON,PLAIN RIBBON,2.3448,PER YARD
26600-019-583,RIBBON,PLAIN RIBBON,,PER YARD
26600-019-587,RIBBON,PLAIN RIBBON,2.4049,PER YARD
26600-019-589,RIBBON,PLAIN RIBBON,2.6426,PER YARD
26600-019-593,RIBBON,PLAIN RIBBON,2.6426,PER YARD
26600-019-600,RIBBON,PLAIN RIBBON,,PER YARD
26600-019-614,RIBBON,PLAIN RIBBON,,PER YARD
26600-019-617,RIBBON,PLAIN RIBBON,2.4049,PER YARD
26600-019-625,RIBBON,PLAIN RIBBON,,PER YARD
26600-019-640,RIBBON,PLAIN RIBBON,2.6426,PER YARD
26600-019-644,RIBBON,PLAIN RIBBON,2.4049,PER YARD
26600-019-645,RIBBON,PLAIN RIBBON,2.4049,PER YARD
26600-019-650,RIBBON,PLAIN RIBBON,2.5237,PER YARD
26600-019-660,RIBBON,PLAIN RIBBON,2.6426,PER YARD
26600-019-662,RIBBON,PLAIN RIBBON,2.6426,PER YARD
26600-019-668,RIBBON,PLAIN RIBBON,2.4049,PER YARD
26600-019-675,RIBBON,PLAIN RIBBON,2.4049,PER YARD
26600-019-687,RIBBON,PLAIN RIBBON,2.6426,PER YARD
26600-019-690,RIBBON,PLAIN RIBBON,2.5237,PER YARD
26600-019-693,RIBBON,PLAIN RIBBON,2.6426,PER YARD
26600-019-714,RIBBON,PLAIN RIBBON,2.6426,PER YARD
26600-019-720,RIBBON,PLAIN RIBBON,2.4049,PER YARD
26600-019-743,RIBBON,PLAIN RIBBON,2.6426,PER YARD
26600-019-750,RIBBON,PLAIN RIBBON,2.4049,PER YARD
26600-019-751,RIBBON,PLAIN RIBBON,2.6426,PER YARD
26600-019-761,RIBBON,PLAIN RIBBON,2.4049,PER YARD
26600-019-765,RIBBON,PLAIN RIBBON,2.4049,PER YARD
26600-019-777,RIBBON,PLAIN RIBBON,2.4049,PER YARD
26600-019-779,RIBBON,PLAIN RIBBON,2.4049,PER YARD
26600-019-780,RIBBON,PLAIN RIBBON,2.5237,PER YARD
26600-019-785,RIBBON,PLAIN RIBBON,2.6426,PER YARD
26600-019-789,RIBBON,PLAIN RIBBON,2.6426,PER YARD
26600-019-793,RIBBON,PLAIN RIBBON,2.6426,PER YARD
26600-019-810,RIBBON,PLAIN RIBBON,2.4049,PER YARD
26600-019-812,RIBBON,PLAIN RIBBON,,PER YARD
26600-019-813,RIBBON,PLAIN RIBBON,2.6426,PER YARD
26600-019-814,RIBBON,PLAIN RIBBON,2.4049,PER YARD
26600-019-815,RIBBON,PLAIN RIBBON,2.6426,PER YARD
26600-019-818,RIBBON,PLAIN RIBBON,2.4049,PER YARD
26600-019-820,RIBBON,PLAIN RIBBON,2.5878,PER YARD
26600-019-823,RIBBON,PLAIN RIBBON,2.6426,PER YARD
26600-019-824,RIBBON,PLAIN RIBBON,2.6426,PER YARD
26600-019-826,RIBBON,PLAIN RIBBON,2.6426,PER YARD
26600-019-835,RIBBON,PLAIN RIBBON,2.6426,PER YARD
26600-019-836,RIBBON,PLAIN RIBBON,2.6426,PER YARD
26600-019-837,RIBBON,PLAIN RIBBON,2.6426,PER YARD
26600-019-838,RIBBON,PLAIN RIBBON,,PER YARD
26600-019-839,RIBBON,PLAIN RIBBON,2.4049,PER YARD
26600-019-840,RIBBON,PLAIN RIBBON,2.4049,PER YARD
26600-019-845,RIBBON,PLAIN RIBBON,2.6426,PER YARD
26600-019-846,RIBBON,PLAIN RIBBON,2.4049,PER YARD
26600-019-847,RIBBON,PLAIN RIBBON,2.5898,PER YARD
26600-019-850,RIBBON,PLAIN RIBBON,2.6426,PER YARD
26600-019-855,RIBBON,PLAIN RIBBON,2.6426,PER YARD
26600-019-860,RIBBON,PLAIN RIBBON,2.4049,PER YARD
26600-019-868,RIBBON,PLAIN RIBBON,2.6426,PER YARD
26600-019-869,RIBBON,PLAIN RIBBON,2.6426,PER YARD
26600-022-000,RIBBON,PLAIN RIBBON,,PER YARD
26600-022-007,RIBBON,PLAIN RIBBON,,PER YARD
26600-022-009,RIBBON,PLAIN RIBBON,2.8986,PER YARD
26600-022-012,RIBBON,PLAIN RIBBON,2.8986,PER YARD
26600-022-017,RIBBON,PLAIN RIBBON,3.1913,PER YARD
26600-022-028,RIBBON,PLAIN RIBBON,,PER YARD
26600-022-029,RIBBON,PLAIN RIBBON,2.4369,PER YARD
26600-022-030,RIBBON,PLAIN RIBBON,2.5512,PER YARD
26600-022-030-YD,RIBBON,PLAIN RIBBON,,PER YARD
26600-022-103,RIBBON,PLAIN RIBBON,2.8986,PER YARD
26600-022-105,RIBBON,PLAIN RIBBON,,PER YARD
26600-022-112,RIBBON,PLAIN RIBBON,3.1913,PER YARD
26600-022-115,RIBBON,PLAIN RIBBON,,PER YARD
26600-022-117,RIBBON,PLAIN RIBBON,2.8262,PER YARD
26600-022-141,RIBBON,PLAIN RIBBON,2.8986,PER YARD
26600-022-148,RIBBON,PLAIN RIBBON,,PER YARD
26600-022-153,RIBBON,PLAIN RIBBON,2.8262,PER YARD
26600-022-154,RIBBON,PLAIN RIBBON,,PER YARD
26600-022-155,RIBBON,PLAIN RIBBON,2.8986,PER YARD
26600-022-156,RIBBON,PLAIN RIBBON,,PER YARD
26600-022-158,RIBBON,PLAIN RIBBON,2.8986,PER YARD
26600-022-160,RIBBON,PLAIN RIBBON,2.8986,PER YARD
26600-022-161,RIBBON,PLAIN RIBBON,2.8986,PER YARD
26600-022-168,RIBBON,PLAIN RIBBON,,PER YARD
26600-022-169,RIBBON,PLAIN RIBBON,2.8986,PER YARD
26600-022-174,RIBBON,PLAIN RIBBON,2.8262,PER YARD
26600-022-177,RIBBON,PLAIN RIBBON,2.8986,PER YARD
26600-022-183,RIBBON,PLAIN RIBBON,2.8986,PER YARD
26600-022-185,RIBBON,PLAIN RIBBON,2.8986,PER YARD
26600-022-187,RIBBON,PLAIN RIBBON,2.8986,PER YARD
26600-022-198,RIBBON,PLAIN RIBBON,2.8986,PER YARD
26600-022-203,RIBBON,PLAIN RIBBON,2.8986,PER YARD
26600-022-235,RIBBON,PLAIN RIBBON,2.8262,PER YARD
26600-022-238,RIBBON,PLAIN RIBBON,2.8986,PER YARD
26600-022-243,RIBBON,PLAIN RIBBON,,PER YARD
26600-022-252,RIBBON,PLAIN RIBBON,2.8986,PER YARD
26600-022-260,RIBBON,PLAIN RIBBON,3.045,PER YARD
26600-022-264,RIBBON,PLAIN RIBBON,,PER YARD
26600-022-275,RIBBON,PLAIN RIBBON,3.1913,PER YARD
26600-022-285,RIBBON,PLAIN RIBBON,2.8986,PER YARD
26600-022-307,RIBBON,PLAIN RIBBON,,PER YARD
26600-022-308,RIBBON,PLAIN RIBBON,,PER YARD
26600-022-313,RIBBON,PLAIN RIBBON,,PER YARD
26600-022-314,RIBBON,PLAIN RIBBON,2.8986,PER YARD
26600-022-317,RIBBON,PLAIN RIBBON,,PER YARD
26600-022-323,RIBBON,PLAIN RIBBON,2.8986,PER YARD
26600-022-325,RIBBON,PLAIN RIBBON,,PER YARD
26600-022-328,RIBBON,PLAIN RIBBON,2.8986,PER YARD
26600-022-330,RIBBON,PLAIN RIBBON,3.1913,PER YARD
26600-022-331,RIBBON,PLAIN RIBBON,2.8986,PER YARD
26600-022-332,RIBBON,PLAIN RIBBON,,PER YARD
26600-022-333,RIBBON,PLAIN RIBBON,2.8986,PER YARD
26600-022-340,RIBBON,PLAIN RIBBON,2.8986,PER YARD
26600-022-343,RIBBON,PLAIN RIBBON,,PER YARD
26600-022-352,RIBBON,PLAIN RIBBON,2.8986,PER YARD
26600-022-365,RIBBON,PLAIN RIBBON,,PER YARD
26600-022-366,RIBBON,PLAIN RIBBON,2.8986,PER YARD
26600-022-369,RIBBON,PLAIN RIBBON,,PER YARD
26600-022-370,RIBBON,PLAIN RIBBON,2.8986,PER YARD
26600-022-371,RIBBON,PLAIN RIBBON,,PER YARD
26600-022-372,RIBBON,PLAIN RIBBON,3.1913,PER YARD
26600-022-374,RIBBON,PLAIN RIBBON,3.1913,PER YARD
26600-022-462,RIBBON,PLAIN RIBBON,2.8986,PER YARD
26600-022-463,RIBBON,PLAIN RIBBON,2.8986,PER YARD
26600-022-464,RIBBON,PLAIN RIBBON,2.8986,PER YARD
26600-022-467,RIBBON,PLAIN RIBBON,,PER YARD
26600-022-476,RIBBON,PLAIN RIBBON,,PER YARD
26600-022-477,RIBBON,PLAIN RIBBON,3.1913,PER YARD
26600-022-520,RIBBON,PLAIN RIBBON,2.8986,PER YARD
26600-022-548,RIBBON,PLAIN RIBBON,2.8986,PER YARD
26600-022-549,RIBBON,PLAIN RIBBON,2.8986,PER YARD
26600-022-550,RIBBON,PLAIN RIBBON,2.8986,PER YARD
26600-022-551,RIBBON,PLAIN RIBBON,,PER YARD
26600-022-555,RIBBON,PLAIN RIBBON,,PER YARD
26600-022-563,RIBBON,PLAIN RIBBON,,PER YARD
26600-022-564,RIBBON,PLAIN RIBBON,2.8986,PER YARD
26600-022-565,RIBBON,PLAIN RIBBON,2.8986,PER YARD
26600-022-567,RIBBON,PLAIN RIBBON,2.8986,PER YARD
26600-022-569,RIBBON,PLAIN RIBBON,3.1913,PER YARD
26600-022-570,RIBBON,PLAIN RIBBON,2.8986,PER YARD
26600-022-577,RIBBON,PLAIN RIBBON,2.8986,PER YARD
26600-022-580,RIBBON,PLAIN RIBBON,,PER YARD
26600-022-583,RIBBON,PLAIN RIBBON,,PER YARD
26600-022-587,RIBBON,PLAIN RIBBON,,PER YARD
26600-022-589,RIBBON,PLAIN RIBBON,3.6302,PER YARD
26600-022-593,RIBBON,PLAIN RIBBON,3.1913,PER YARD
26600-022-625,RIBBON,PLAIN RIBBON,2.8986,PER YARD
26600-022-645,RIBBON,PLAIN RIBBON,2.8986,PER YARD
26600-022-660,RIBBON,PLAIN RIBBON,2.8986,PER YARD
26600-022-662,RIBBON,PLAIN RIBBON,,PER YARD
26600-022-690,RIBBON,PLAIN RIBBON,2.8986,PER YARD
26600-022-693,RIBBON,PLAIN RIBBON,2.8986,PER YARD
26600-022-743,RIBBON,PLAIN RIBBON,,PER YARD
26600-022-751,RIBBON,PLAIN RIBBON,,PER YARD
26600-022-761,RIBBON,PLAIN RIBBON,2.8986,PER YARD
26600-022-765,RIBBON,PLAIN RIBBON,2.8986,PER YARD
26600-022-777,RIBBON,PLAIN RIBBON,2.8986,PER YARD
26600-022-779,RIBBON,PLAIN RIBBON,,PER YARD
26600-022-780,RIBBON,PLAIN RIBBON,3.045,PER YARD
26600-022-789,RIBBON,PLAIN RIBBON,3.1913,PER YARD
26600-022-793,RIBBON,PLAIN RIBBON,,PER YARD
26600-022-810,RIBBON,PLAIN RIBBON,2.8986,PER YARD
26600-022-813,RIBBON,PLAIN RIBBON,3.1913,PER YARD
26600-022-815,RIBBON,PLAIN RIBBON,2.8986,PER YARD
26600-022-818,RIBBON,PLAIN RIBBON,2.8986,PER YARD
26600-022-820,RIBBON,PLAIN RIBBON,2.8986,PER YARD
26600-022-823,RIBBON,PLAIN RIBBON,2.8986,PER YARD
26600-022-824,RIBBON,PLAIN RIBBON,2.8986,PER YARD
26600-022-826,RIBBON,PLAIN RIBBON,,PER YARD
26600-022-835,RIBBON,PLAIN RIBBON,,PER YARD
26600-022-836,RIBBON,PLAIN RIBBON,2.8986,PER YARD
26600-022-837,RIBBON,PLAIN RIBBON,2.8986,PER YARD
26600-022-839,RIBBON,PLAIN RIBBON,3.045,PER YARD
26600-022-845,RIBBON,PLAIN RIBBON,3.6302,PER YARD
26600-022-846,RIBBON,PLAIN RIBBON,2.7537,PER YARD
26600-022-850,RIBBON,PLAIN RIBBON,2.8986,PER YARD
26600-022-855,RIBBON,PLAIN RIBBON,2.8262,PER YARD
26600-022-860,RIBBON,PLAIN RIBBON,,PER YARD
26600-025-000,RIBBON,PLAIN RIBBON,2.9078,PER YARD
26600-025-007,RIBBON,PLAIN RIBBON,3.6302,PER YARD
26600-025-009,RIBBON,PLAIN RIBBON,3.6302,PER YARD
26600-025-012,RIBBON,PLAIN RIBBON,3.6302,PER YARD
26600-025-017,RIBBON,PLAIN RIBBON,3.6302,PER YARD
26600-025-028,RIBBON,PLAIN RIBBON,3.4656,PER YARD
26600-025-029,RIBBON,PLAIN RIBBON,2.9078,PER YARD
26600-025-030,RIBBON,PLAIN RIBBON,2.9078,PER YARD
26600-025-077,RIBBON,PLAIN RIBBON,3.301,PER YARD
26600-025-103,RIBBON,PLAIN RIBBON,3.6302,PER YARD
26600-025-105,RIBBON,PLAIN RIBBON,3.301,PER YARD
26600-025-112,RIBBON,PLAIN RIBBON,3.6302,PER YARD
26600-025-115,RIBBON,PLAIN RIBBON,3.6302,PER YARD
26600-025-117,RIBBON,PLAIN RIBBON,3.6302,PER YARD
26600-025-123,RIBBON,PLAIN RIBBON,3.301,PER YARD
26600-025-141,RIBBON,PLAIN RIBBON,3.301,PER YARD
26600-025-146,RIBBON,PLAIN RIBBON,3.6302,PER YARD
26600-025-148,RIBBON,PLAIN RIBBON,3.301,PER YARD
26600-025-149,RIBBON,PLAIN RIBBON,3.6302,PER YARD
26600-025-150,RIBBON,PLAIN RIBBON,3.6302,PER YARD
26600-025-151,RIBBON,PLAIN RIBBON,3.6302,PER YARD
26600-025-152,RIBBON,PLAIN RIBBON,3.301,PER YARD
26600-025-153,RIBBON,PLAIN RIBBON,3.301,PER YARD
26600-025-154,RIBBON,PLAIN RIBBON,3.6302,PER YARD
26600-025-155,RIBBON,PLAIN RIBBON,3.301,PER YARD
26600-025-156,RIBBON,PLAIN RIBBON,3.301,PER YARD
26600-025-157,RIBBON,PLAIN RIBBON,3.301,PER YARD
26600-025-158,RIBBON,PLAIN RIBBON,3.2185,PER YARD
26600-025-159,RIBBON,PLAIN RIBBON,3.6302,PER YARD
26600-025-160,RIBBON,PLAIN RIBBON,3.301,PER YARD
26600-025-161,RIBBON,PLAIN RIBBON,3.6302,PER YARD
26600-025-164,RIBBON,PLAIN RIBBON,3.4656,PER YARD
26600-025-165,RIBBON,PLAIN RIBBON,3.4656,PER YARD
26600-025-168,RIBBON,PLAIN RIBBON,3.301,PER YARD
26600-025-169,RIBBON,PLAIN RIBBON,3.301,PER YARD
26600-025-174,RIBBON,PLAIN RIBBON,3.6302,PER YARD
26600-025-175,RIBBON,PLAIN RIBBON,3.301,PER YARD
26600-025-176,RIBBON,PLAIN RIBBON,3.6302,PER YARD
26600-025-177,RIBBON,PLAIN RIBBON,3.6302,PER YARD
26600-025-182,RIBBON,PLAIN RIBBON,3.301,PER YARD
26600-025-183,RIBBON,PLAIN RIBBON,3.301,PER YARD
26600-025-185,RIBBON,PLAIN RIBBON,3.301,PER YARD
26600-025-187,RIBBON,PLAIN RIBBON,3.301,PER YARD
26600-025-193,RIBBON,PLAIN RIBBON,3.6302,PER YARD
26600-025-198,RIBBON,PLAIN RIBBON,,PER YARD
26600-025-203,RIBBON,PLAIN RIBBON,3.4656,PER YARD
26600-025-235,RIBBON,PLAIN RIBBON,3.301,PER YARD
26600-025-238,RIBBON,PLAIN RIBBON,3.301,PER YARD
26600-025-243,RIBBON,PLAIN RIBBON,3.301,PER YARD
26600-025-250,RIBBON,PLAIN RIBBON,3.6302,PER YARD
26600-025-252,RIBBON,PLAIN RIBBON,3.301,PER YARD
26600-025-260,RIBBON,PLAIN RIBBON,3.6302,PER YARD
26600-025-264,RIBBON,PLAIN RIBBON,3.301,PER YARD
26600-025-275,RIBBON,PLAIN RIBBON,3.6302,PER YARD
26600-025-277,RIBBON,PLAIN RIBBON,3.301,PER YARD
26600-025-285,RIBBON,PLAIN RIBBON,3.6302,PER YARD
26600-025-303,RIBBON,PLAIN RIBBON,3.6302,PER YARD
26600-025-305,RIBBON,PLAIN RIBBON,3.301,PER YARD
26600-025-307,RIBBON,PLAIN RIBBON,3.301,PER YARD
26600-025-308,RIBBON,PLAIN RIBBON,3.6302,PER YARD
26600-025-311,RIBBON,PLAIN RIBBON,3.6302,PER YARD
26600-025-313,RIBBON,PLAIN RIBBON,3.6302,PER YARD
26600-025-314,RIBBON,PLAIN RIBBON,3.6302,PER YARD
26600-025-317,RIBBON,PLAIN RIBBON,3.301,PER YARD
26600-025-322,RIBBON,PLAIN RIBBON,3.301,PER YARD
26600-025-323,RIBBON,PLAIN RIBBON,3.301,PER YARD
26600-025-324,RIBBON,PLAIN RIBBON,3.6302,PER YARD
26600-025-325,RIBBON,PLAIN RIBBON,3.301,PER YARD
26600-025-326,RIBBON,PLAIN RIBBON,3.6302,PER YARD
26600-025-327,RIBBON,PLAIN RIBBON,3.301,PER YARD
26600-025-328,RIBBON,PLAIN RIBBON,3.301,PER YARD
26600-025-329,RIBBON,PLAIN RIBBON,3.6302,PER YARD
26600-025-330,RIBBON,PLAIN RIBBON,3.6302,PER YARD
26600-025-331,RIBBON,PLAIN RIBBON,3.6302,PER YARD
26600-025-331-1468,RIBBON,PLAIN RIBBON,3.301,PER YARD
26600-025-332,RIBBON,PLAIN RIBBON,3.6302,PER YARD
26600-025-333,RIBBON,PLAIN RIBBON,3.6302,PER YARD
26600-025-337,RIBBON,PLAIN RIBBON,3.6302,PER YARD
26600-025-338,RIBBON,PLAIN RIBBON,3.6302,PER YARD
26600-025-340,RIBBON,PLAIN RIBBON,3.301,PER YARD
26600-025-342,RIBBON,PLAIN RIBBON,,PER YARD
26600-025-343,RIBBON,PLAIN RIBBON,,PER YARD
26600-025-346,RIBBON,PLAIN RIBBON,,PER YARD
26600-025-347,RIBBON,PLAIN RIBBON,3.301,PER YARD
26600-025-350,RIBBON,PLAIN RIBBON,3.6302,PER YARD
26600-025-352,RIBBON,PLAIN RIBBON,3.6302,PER YARD
26600-025-363,RIBBON,PLAIN RIBBON,2.9992,PER YARD
26600-025-365,RIBBON,PLAIN RIBBON,3.4656,PER YARD
26600-025-366,RIBBON,PLAIN RIBBON,3.301,PER YARD
26600-025-369,RIBBON,PLAIN RIBBON,3.301,PER YARD
26600-025-370,RIBBON,PLAIN RIBBON,3.6302,PER YARD
26600-025-370-6589,RIBBON,PLAIN RIBBON,,PER YARD
26600-025-371,RIBBON,PLAIN RIBBON,3.6302,PER YARD
26600-025-372,RIBBON,PLAIN RIBBON,3.4656,PER YARD
26600-025-373,RIBBON,PLAIN RIBBON,3.301,PER YARD
26600-025-374,RIBBON,PLAIN RIBBON,3.301,PER YARD
26600-025-420,RIBBON,PLAIN RIBBON,3.301,PER YARD
26600-025-430,RIBBON,PLAIN RIBBON,4.72,PER YARD
26600-025-434,RIBBON,PLAIN RIBBON,3.301,PER YARD
26600-025-447,RIBBON,PLAIN RIBBON,3.301,PER YARD
26600-025-458,RIBBON,PLAIN RIBBON,3.301,PER YARD
26600-025-462,RIBBON,PLAIN RIBBON,3.4656,PER YARD
26600-025-463,RIBBON,PLAIN RIBBON,3.6302,PER YARD
26600-025-465,RIBBON,PLAIN RIBBON,3.301,PER YARD
26600-025-467,RIBBON,PLAIN RIBBON,3.6302,PER YARD
26600-025-470,RIBBON,PLAIN RIBBON,3.4656,PER YARD
26600-025-476,RIBBON,PLAIN RIBBON,3.301,PER YARD
26600-025-477,RIBBON,PLAIN RIBBON,3.6302,PER YARD
26600-025-510,RIBBON,PLAIN RIBBON,3.301,PER YARD
26600-025-513,RIBBON,PLAIN RIBBON,3.6302,PER YARD
26600-025-520,RIBBON,PLAIN RIBBON,2.9992,PER YARD
26600-025-524,RIBBON,PLAIN RIBBON,,PER YARD
26600-025-525,RIBBON,PLAIN RIBBON,3.6302,PER YARD
26600-025-530,RIBBON,PLAIN RIBBON,3.6302,PER YARD
26600-025-544,RIBBON,PLAIN RIBBON,3.4656,PER YARD
26600-025-548,RIBBON,PLAIN RIBBON,3.2185,PER YARD
26600-025-549,RIBBON,PLAIN RIBBON,3.2185,PER YARD
26600-025-550,RIBBON,PLAIN RIBBON,3.4656,PER YARD
26600-025-551,RIBBON,PLAIN RIBBON,3.301,PER YARD
26600-025-552,RIBBON,PLAIN RIBBON,3.301,PER YARD
26600-025-555,RIBBON,PLAIN RIBBON,,PER YARD
26600-025-563,RIBBON,PLAIN RIBBON,3.6302,PER YARD
26600-025-564,RIBBON,PLAIN RIBBON,3.4656,PER YARD
26600-025-565,RIBBON,PLAIN RIBBON,3.301,PER YARD
26600-025-566,RIBBON,PLAIN RIBBON,3.4656,PER YARD
26600-025-567,RIBBON,PLAIN RIBBON,3.6302,PER YARD
26600-025-569,RIBBON,PLAIN RIBBON,3.301,PER YARD
26600-025-570,RIBBON,PLAIN RIBBON,3.6302,PER YARD
26600-025-572,RIBBON,PLAIN RIBBON,3.301,PER YARD
26600-025-577,RIBBON,PLAIN RIBBON,3.301,PER YARD
26600-025-579,RIBBON,PLAIN RIBBON,3.301,PER YARD
26600-025-580,RIBBON,PLAIN RIBBON,3.301,PER YARD
26600-025-583,RIBBON,PLAIN RIBBON,3.301,PER YARD
26600-025-587,RIBBON,PLAIN RIBBON,3.301,PER YARD
26600-025-589,RIBBON,PLAIN RIBBON,3.6302,PER YARD
26600-025-593,RIBBON,PLAIN RIBBON,3.6302,PER YARD
26600-025-614,RIBBON,PLAIN RIBBON,3.301,PER YARD
26600-025-617,RIBBON,PLAIN RIBBON,3.301,PER YARD
26600-025-625,RIBBON,PLAIN RIBBON,3.6302,PER YARD
26600-025-644,RIBBON,PLAIN RIBBON,,PER YARD
26600-025-645,RIBBON,PLAIN RIBBON,3.6302,PER YARD
26600-025-650,RIBBON,PLAIN RIBBON,3.1359,PER YARD
26600-025-660,RIBBON,PLAIN RIBBON,,PER YARD
26600-025-662,RIBBON,PLAIN RIBBON,3.301,PER YARD
26600-025-668,RIBBON,PLAIN RIBBON,3.301,PER YARD
26600-025-675,RIBBON,PLAIN RIBBON,3.301,PER YARD
26600-025-687,RIBBON,PLAIN RIBBON,3.301,PER YARD
26600-025-690,RIBBON,PLAIN RIBBON,3.6302,PER YARD
26600-025-693,RIBBON,PLAIN RIBBON,3.6302,PER YARD
26600-025-714,RIBBON,PLAIN RIBBON,3.301,PER YARD
26600-025-720,RIBBON,PLAIN RIBBON,3.6302,PER YARD
26600-025-743,RIBBON,PLAIN RIBBON,3.301,PER YARD
26600-025-750,RIBBON,PLAIN RIBBON,3.301,PER YARD
26600-025-751,RIBBON,PLAIN RIBBON,3.4656,PER YARD
26600-025-761,RIBBON,PLAIN RIBBON,3.6302,PER YARD
26600-025-765,RIBBON,PLAIN RIBBON,3.4656,PER YARD
26600-025-777,RIBBON,PLAIN RIBBON,3.301,PER YARD
26600-025-779,RIBBON,PLAIN RIBBON,3.6302,PER YARD
26600-025-780,RIBBON,PLAIN RIBBON,3.4656,PER YARD
26600-025-785,RIBBON,PLAIN RIBBON,3.6302,PER YARD
26600-025-789,RIBBON,PLAIN RIBBON,3.6302,PER YARD
26600-025-793,RIBBON,PLAIN RIBBON,3.301,PER YARD
26600-025-810,RIBBON,PLAIN RIBBON,3.6302,PER YARD
26600-025-812,RIBBON,PLAIN RIBBON,3.6302,PER YARD
26600-025-813,RIBBON,PLAIN RIBBON,3.6302,PER YARD
26600-025-814,RIBBON,PLAIN RIBBON,3.6302,PER YARD
26600-025-815,RIBBON,PLAIN RIBBON,3.301,PER YARD
26600-025-818,RIBBON,PLAIN RIBBON,3.4656,PER YARD
26600-025-820,RIBBON,PLAIN RIBBON,3.6302,PER YARD
26600-025-823,RIBBON,PLAIN RIBBON,3.301,PER YARD
26600-025-823-1265,RIBBON,PLAIN RIBBON,3.301,PER YARD
26600-025-824,RIBBON,PLAIN RIBBON,3.6302,PER YARD
26600-025-826,RIBBON,PLAIN RIBBON,3.6302,PER YARD
26600-025-835,RIBBON,PLAIN RIBBON,3.6302,PER YARD
26600-025-836,RIBBON,PLAIN RIBBON,3.6302,PER YARD
26600-025-837,RIBBON,PLAIN RIBBON,3.301,PER YARD
26600-025-838,RIBBON,PLAIN RIBBON,3.4656,PER YARD
26600-025-839,RIBBON,PLAIN RIBBON,3.2185,PER YARD
26600-025-840,RIBBON,PLAIN RIBBON,3.301,PER YARD
26600-025-845,RIBBON,PLAIN RIBBON,3.301,PER YARD
26600-025-846,RIBBON,PLAIN RIBBON,3.6302,PER YARD
26600-025-847,RIBBON,PLAIN RIBBON,3.6302,PER YARD
26600-025-850,RIBBON,PLAIN RIBBON,3.6302,PER YARD
26600-025-855,RIBBON,PLAIN RIBBON,3.6302,PER YARD
26600-025-860,RIBBON,PLAIN RIBBON,3.6302,PER YARD
26600-025-868,RIBBON,PLAIN RIBBON,3.301,PER YARD
26600-025-869,RIBBON,PLAIN RIBBON,3.301,PER YARD
26600-025-870,RIBBON,PLAIN RIBBON,3.6302,PER YARD
26600-028-000,RIBBON,PLAIN RIBBON,3.365,PER YARD
26600-028-028,RIBBON,PLAIN RIBBON,,PER YARD
26600-028-029,RIBBON,PLAIN RIBBON,3.365,PER YARD
26600-028-374,RIBBON,PLAIN RIBBON,4.6269,PER YARD
26600-028-467,RIBBON,PLAIN RIBBON,4.2062,PER YARD
26600-028-810,RIBBON,PLAIN RIBBON,,PER YARD
26600-032-000,RIBBON,PLAIN RIBBON,4.2245,PER YARD
26600-032-009,RIBBON,PLAIN RIBBON,5.2852,PER YARD
26600-032-012,RIBBON,PLAIN RIBBON,4.8006,PER YARD
26600-032-017,RIBBON,PLAIN RIBBON,4.8006,PER YARD
26600-032-028,RIBBON,PLAIN RIBBON,,PER YARD
26600-032-029,RIBBON,PLAIN RIBBON,3.8405,PER YARD
26600-032-030,RIBBON,PLAIN RIBBON,4.2245,PER YARD
26600-032-030-11402,RIBBON,PLAIN RIBBON,5.2852,PER YARD
26600-032-030-NORMAL,RIBBON,PLAIN RIBBON,,PER YARD
26600-032-030-YD,RIBBON,PLAIN RIBBON,,PER YARD
26600-032-103,RIBBON,PLAIN RIBBON,4.8006,PER YARD
26600-032-112,RIBBON,PLAIN RIBBON,4.8006,PER YARD
26600-032-117,RIBBON,PLAIN RIBBON,4.8006,PER YARD
26600-032-123,RIBBON,PLAIN RIBBON,4.8006,PER YARD
26600-032-148,RIBBON,PLAIN RIBBON,,PER YARD
26600-032-149,RIBBON,PLAIN RIBBON,4.8006,PER YARD
26600-032-150,RIBBON,PLAIN RIBBON,4.8006,PER YARD
26600-032-151,RIBBON,PLAIN RIBBON,4.8006,PER YARD
26600-032-152,RIBBON,PLAIN RIBBON,5.2852,PER YARD
26600-032-153,RIBBON,PLAIN RIBBON,4.8006,PER YARD
26600-032-154,RIBBON,PLAIN RIBBON,5.2852,PER YARD
26600-032-157,RIBBON,PLAIN RIBBON,4.8006,PER YARD
26600-032-158,RIBBON,PLAIN RIBBON,5.2324,PER YARD
26600-032-161,RIBBON,PLAIN RIBBON,,PER YARD
26600-032-164,RIBBON,PLAIN RIBBON,5.0429,PER YARD
26600-032-165,RIBBON,PLAIN RIBBON,4.8006,PER YARD
26600-032-174,RIBBON,PLAIN RIBBON,4.8006,PER YARD
26600-032-177,RIBBON,PLAIN RIBBON,5.0429,PER YARD
26600-032-182,RIBBON,PLAIN RIBBON,4.8006,PER YARD
26600-032-183,RIBBON,PLAIN RIBBON,,PER YARD
26600-032-185,RIBBON,PLAIN RIBBON,4.8006,PER YARD
26600-032-187,RIBBON,PLAIN RIBBON,4.8006,PER YARD
26600-032-210,RIBBON,PLAIN RIBBON,4.711,PER YARD
26600-032-243,RIBBON,PLAIN RIBBON,,PER YARD
26600-032-250,RIBBON,PLAIN RIBBON,4.8006,PER YARD
26600-032-252,RIBBON,PLAIN RIBBON,4.8006,PER YARD
26600-032-260,RIBBON,PLAIN RIBBON,5.0429,PER YARD
26600-032-264,RIBBON,PLAIN RIBBON,,PER YARD
26600-032-275,RIBBON,PLAIN RIBBON,5.2852,PER YARD
26600-032-277,RIBBON,PLAIN RIBBON,4.8006,PER YARD
26600-032-290,RIBBON,PLAIN RIBBON,,PER YARD
26600-032-305,RIBBON,PLAIN RIBBON,4.8006,PER YARD
26600-032-308,RIBBON,PLAIN RIBBON,4.8006,PER YARD
26600-032-313,RIBBON,PLAIN RIBBON,4.8006,PER YARD
26600-032-314,RIBBON,PLAIN RIBBON,4.8006,PER YARD
26600-032-323,RIBBON,PLAIN RIBBON,4.8006,PER YARD
26600-032-329,RIBBON,PLAIN RIBBON,5.2852,PER YARD
26600-032-330,RIBBON,PLAIN RIBBON,4.8006,PER YARD
26600-032-331,RIBBON,PLAIN RIBBON,5.0429,PER YARD
26600-032-332,RIBBON,PLAIN RIBBON,8.0193,PER YARD
26600-032-333,RIBBON,PLAIN RIBBON,4.8006,PER YARD
26600-032-337,RIBBON,PLAIN RIBBON,4.8006,PER YARD
26600-032-342,RIBBON,PLAIN RIBBON,4.8006,PER YARD
26600-032-347,RIBBON,PLAIN RIBBON,,PER YARD
26600-032-350,RIBBON,PLAIN RIBBON,,PER YARD
26600-032-352,RIBBON,PLAIN RIBBON,5.2852,PER YARD
26600-032-363,RIBBON,PLAIN RIBBON,,PER YARD
26600-032-370,RIBBON,PLAIN RIBBON,4.8006,PER YARD
26600-032-372,RIBBON,PLAIN RIBBON,5.2852,PER YARD
26600-032-420,RIBBON,PLAIN RIBBON,4.8006,PER YARD
26600-032-430,RIBBON,PLAIN RIBBON,,PER YARD
26600-032-463,RIBBON,PLAIN RIBBON,5.2852,PER YARD
26600-032-465,RIBBON,PLAIN RIBBON,,PER YARD
26600-032-470,RIBBON,PLAIN RIBBON,4.8006,PER YARD
26600-032-476,RIBBON,PLAIN RIBBON,5.2852,PER YARD
26600-032-510,RIBBON,PLAIN RIBBON,4.8006,PER YARD
26600-032-520,RIBBON,PLAIN RIBBON,4.8006,PER YARD
26600-032-551,RIBBON,PLAIN RIBBON,,PER YARD
26600-032-563,RIBBON,PLAIN RIBBON,4.8006,PER YARD
26600-032-567,RIBBON,PLAIN RIBBON,6.4099,PER YARD
26600-032-570,RIBBON,PLAIN RIBBON,4.8006,PER YARD
26600-032-577,RIBBON,PLAIN RIBBON,,PER YARD
26600-032-583,RIBBON,PLAIN RIBBON,,PER YARD
26600-032-587,RIBBON,PLAIN RIBBON,,PER YARD
26600-032-593,RIBBON,PLAIN RIBBON,5.0429,PER YARD
26600-032-600,RIBBON,PLAIN RIBBON,4.8006,PER YARD
26600-032-614,RIBBON,PLAIN RIBBON,,PER YARD
26600-032-640,RIBBON,PLAIN RIBBON,4.711,PER YARD
26600-032-650,RIBBON,PLAIN RIBBON,4.8006,PER YARD
26600-032-660,RIBBON,PLAIN RIBBON,4.8006,PER YARD
26600-032-675,RIBBON,PLAIN RIBBON,,PER YARD
26600-032-687,RIBBON,PLAIN RIBBON,4.8006,PER YARD
26600-032-690,RIBBON,PLAIN RIBBON,5.2852,PER YARD
26600-032-693,RIBBON,PLAIN RIBBON,5.2852,PER YARD
26600-032-714,RIBBON,PLAIN RIBBON,4.8006,PER YARD
26600-032-720,RIBBON,PLAIN RIBBON,,PER YARD
26600-032-743,RIBBON,PLAIN RIBBON,,PER YARD
26600-032-750,RIBBON,PLAIN RIBBON,4.8006,PER YARD
26600-032-751,RIBBON,PLAIN RIBBON,5.2852,PER YARD
26600-032-761,RIBBON,PLAIN RIBBON,4.8006,PER YARD
26600-032-777,RIBBON,PLAIN RIBBON,4.8006,PER YARD
26600-032-779,RIBBON,PLAIN RIBBON,4.8006,PER YARD
26600-032-780,RIBBON,PLAIN RIBBON,4.8006,PER YARD
26600-032-785,RIBBON,PLAIN RIBBON,,PER YARD
26600-032-789,RIBBON,PLAIN RIBBON,5.2852,PER YARD
26600-032-793,RIBBON,PLAIN RIBBON,4.8006,PER YARD
26600-032-793-1027,RIBBON,PLAIN RIBBON,,PER YARD
26600-032-810,RIBBON,PLAIN RIBBON,5.2852,PER YARD
26600-032-812,RIBBON,PLAIN RIBBON,,PER YARD
26600-032-813,RIBBON,PLAIN RIBBON,4.8006,PER YARD
26600-032-814,RIBBON,PLAIN RIBBON,4.711,PER YARD
26600-032-815,RIBBON,PLAIN RIBBON,,PER YARD
26600-032-818,RIBBON,PLAIN RIBBON,,PER YARD
26600-032-823,RIBBON,PLAIN RIBBON,4.8006,PER YARD
26600-032-826,RIBBON,PLAIN RIBBON,4.8006,PER YARD
26600-032-835,RIBBON,PLAIN RIBBON,,PER YARD
26600-032-836,RIBBON,PLAIN RIBBON,5.2852,PER YARD
26600-032-837,RIBBON,PLAIN RIBBON,4.8006,PER YARD
26600-032-838-0896,RIBBON,PLAIN RIBBON,,PER YARD
26600-032-840,RIBBON,PLAIN RIBBON,,PER YARD
26600-032-845,RIBBON,PLAIN RIBBON,4.8006,PER YARD
26600-032-846,RIBBON,PLAIN RIBBON,5.2852,PER YARD
26600-032-847,RIBBON,PLAIN RIBBON,,PER YARD
26600-032-850,RIBBON,PLAIN RIBBON,5.2852,PER YARD
26600-032-855,RIBBON,PLAIN RIBBON,4.8006,PER YARD
26600-032-860,RIBBON,PLAIN RIBBON,4.8006,PER YARD
26600-032-860-1059,RIBBON,PLAIN RIBBON,4.8006,PER YARD
26600-032-868,RIBBON,PLAIN RIBBON,5.2852,PER YARD
26600-032-869,RIBBON,PLAIN RIBBON,5.2852,PER YARD
26600-032-870,RIBBON,PLAIN RIBBON,4.8006,PER YARD
26600-038-000,RIBBON,PLAIN RIBBON,4.284,PER YARD
26600-038-007,RIBBON,PLAIN RIBBON,5.1024,PER YARD
26600-038-009,RIBBON,PLAIN RIBBON,5.1024,PER YARD
26600-038-012,RIBBON,PLAIN RIBBON,7.2969,PER YARD
26600-038-017,RIBBON,PLAIN RIBBON,5.3584,PER YARD
26600-038-028,RIBBON,PLAIN RIBBON,5.6144,PER YARD
26600-038-028 ANTIQUE WHITE,RIBBON,PLAIN RIBBON,,PER YARD
26600-038-029,RIBBON,PLAIN RIBBON,4.4897,PER YARD
26600-038-030,RIBBON,PLAIN RIBBON,4.4897,PER YARD
26600-038-030-YD,RIBBON,PLAIN RIBBON,,PER YARD
26600-038-077,RIBBON,PLAIN RIBBON,5.1024,PER YARD
26600-038-103,RIBBON,PLAIN RIBBON,,PER YARD
26600-038-112,RIBBON,PLAIN RIBBON,,PER YARD
26600-038-115,RIBBON,PLAIN RIBBON,5.1024,PER YARD
26600-038-117,RIBBON,PLAIN RIBBON,5.3584,PER YARD
26600-038-123,RIBBON,PLAIN RIBBON,5.1024,PER YARD
26600-038-148,RIBBON,PLAIN RIBBON,5.1024,PER YARD
26600-038-149,RIBBON,PLAIN RIBBON,4.9748,PER YARD
26600-038-151,RIBBON,PLAIN RIBBON,5.1024,PER YARD
26600-038-153,RIBBON,PLAIN RIBBON,,PER YARD
26600-038-154,RIBBON,PLAIN RIBBON,5.6144,PER YARD
26600-038-155,RIBBON,PLAIN RIBBON,5.1024,PER YARD
26600-038-156,RIBBON,PLAIN RIBBON,5.1024,PER YARD
26600-038-158,RIBBON,PLAIN RIBBON,5.1024,PER YARD
26600-038-159,RIBBON,PLAIN RIBBON,5.1024,PER YARD
26600-038-160,RIBBON,PLAIN RIBBON,5.1024,PER YARD
26600-038-161,RIBBON,PLAIN RIBBON,5.1024,PER YARD
26600-038-164,RIBBON,PLAIN RIBBON,5.6144,PER YARD
26600-038-165,RIBBON,PLAIN RIBBON,5.1024,PER YARD
26600-038-168,RIBBON,PLAIN RIBBON,5.1024,PER YARD
26600-038-169,RIBBON,PLAIN RIBBON,,PER YARD
26600-038-174,RIBBON,PLAIN RIBBON,7.2969,PER YARD
26600-038-176,RIBBON,PLAIN RIBBON,,PER YARD
26600-038-177,RIBBON,PLAIN RIBBON,,PER YARD
26600-038-183,RIBBON,PLAIN RIBBON,5.1024,PER YARD
26600-038-185,RIBBON,PLAIN RIBBON,,PER YARD
26600-038-187,RIBBON,PLAIN RIBBON,5.1024,PER YARD
26600-038-198,RIBBON,PLAIN RIBBON,5.1024,PER YARD
26600-038-203,RIBBON,PLAIN RIBBON,5.3584,PER YARD
26600-038-210,RIBBON,PLAIN RIBBON,,PER YARD
26600-038-235,RIBBON,PLAIN RIBBON,5.1024,PER YARD
26600-038-238,RIBBON,PLAIN RIBBON,,PER YARD
26600-038-243,RIBBON,PLAIN RIBBON,,PER YARD
26600-038-250,RIBBON,PLAIN RIBBON,5.6144,PER YARD
26600-038-252,RIBBON,PLAIN RIBBON,5.1024,PER YARD
26600-038-260,RIBBON,PLAIN RIBBON,5.6144,PER YARD
26600-038-264,RIBBON,PLAIN RIBBON,6.8169,PER YARD
26600-038-275,RIBBON,PLAIN RIBBON,5.1024,PER YARD
26600-038-277,RIBBON,PLAIN RIBBON,5.3584,PER YARD
26600-038-285,RIBBON,PLAIN RIBBON,5.1024,PER YARD
26600-038-303,RIBBON,PLAIN RIBBON,5.1024,PER YARD
26600-038-305,RIBBON,PLAIN RIBBON,,PER YARD
26600-038-308,RIBBON,PLAIN RIBBON,5.1024,PER YARD
26600-038-311,RIBBON,PLAIN RIBBON,5.1024,PER YARD
26600-038-313,RIBBON,PLAIN RIBBON,,PER YARD
26600-038-314,RIBBON,PLAIN RIBBON,5.1024,PER YARD
26600-038-317,RIBBON,PLAIN RIBBON,5.1024,PER YARD
26600-038-322,RIBBON,PLAIN RIBBON,,PER YARD
26600-038-324,RIBBON,PLAIN RIBBON,5.6144,PER YARD
26600-038-328,RIBBON,PLAIN RIBBON,5.1024,PER YARD
26600-038-329,RIBBON,PLAIN RIBBON,5.6144,PER YARD
26600-038-330,RIBBON,PLAIN RIBBON,5.6144,PER YARD
26600-038-331,RIBBON,PLAIN RIBBON,8.0193,PER YARD
26600-038-332,RIBBON,PLAIN RIBBON,5.6144,PER YARD
26600-038-333,RIBBON,PLAIN RIBBON,,PER YARD
26600-038-337,RIBBON,PLAIN RIBBON,,PER YARD
26600-038-338,RIBBON,PLAIN RIBBON,5.1024,PER YARD
26600-038-340,RIBBON,PLAIN RIBBON,5.6144,PER YARD
26600-038-343,RIBBON,PLAIN RIBBON,5.1024,PER YARD
26600-038-350,RIBBON,PLAIN RIBBON,5.1024,PER YARD
26600-038-352,RIBBON,PLAIN RIBBON,,PER YARD
26600-038-363,RIBBON,PLAIN RIBBON,6.8169,PER YARD
26600-038-365,RIBBON,PLAIN RIBBON,5.1024,PER YARD
26600-038-366,RIBBON,PLAIN RIBBON,7.2969,PER YARD
26600-038-370,RIBBON,PLAIN RIBBON,5.1024,PER YARD
26600-038-373,RIBBON,PLAIN RIBBON,5.6144,PER YARD
26600-038-374,RIBBON,PLAIN RIBBON,,PER YARD
26600-038-420,RIBBON,PLAIN RIBBON,5.1024,PER YARD
26600-038-430,RIBBON,PLAIN RIBBON,5.6144,PER YARD
26600-038-434,RIBBON,PLAIN RIBBON,5.1024,PER YARD
26600-038-447,RIBBON,PLAIN RIBBON,5.1024,PER YARD
26600-038-462,RIBBON,PLAIN RIBBON,,PER YARD
26600-038-463,RIBBON,PLAIN RIBBON,5.6144,PER YARD
26600-038-464,RIBBON,PLAIN RIBBON,5.6144,PER YARD
26600-038-470,RIBBON,PLAIN RIBBON,5.1024,PER YARD
26600-038-473,RIBBON,PLAIN RIBBON,5.1024,PER YARD
26600-038-476,RIBBON,PLAIN RIBBON,5.6144,PER YARD
26600-038-510,RIBBON,PLAIN RIBBON,,PER YARD
26600-038-513,RIBBON,PLAIN RIBBON,5.1024,PER YARD
26600-038-524,RIBBON,PLAIN RIBBON,,PER YARD
26600-038-525,RIBBON,PLAIN RIBBON,5.1024,PER YARD
26600-038-548,RIBBON,PLAIN RIBBON,,PER YARD
26600-038-550,RIBBON,PLAIN RIBBON,5.6144,PER YARD
26600-038-555,RIBBON,PLAIN RIBBON,5.1024,PER YARD
26600-038-556,RIBBON,PLAIN RIBBON,5.1024,PER YARD
26600-038-563,RIBBON,PLAIN RIBBON,8.0193,PER YARD
26600-038-564,RIBBON,PLAIN RIBBON,5.6144,PER YARD
26600-038-565,RIBBON,PLAIN RIBBON,,PER YARD
26600-038-566,RIBBON,PLAIN RIBBON,7.2969,PER YARD
26600-038-567,RIBBON,PLAIN RIBBON,8.0193,PER YARD
26600-038-569,RIBBON,PLAIN RIBBON,,PER YARD
26600-038-570,RIBBON,PLAIN RIBBON,7.2969,PER YARD
26600-038-577,RIBBON,PLAIN RIBBON,5.6144,PER YARD
26600-038-579,RIBBON,PLAIN RIBBON,5.1024,PER YARD
26600-038-583,RIBBON,PLAIN RIBBON,5.1024,PER YARD
26600-038-587,RIBBON,PLAIN RIBBON,8.0193,PER YARD
26600-038-589,RIBBON,PLAIN RIBBON,5.6144,PER YARD
26600-038-593,RIBBON,PLAIN RIBBON,5.1024,PER YARD
26600-038-614,RIBBON,PLAIN RIBBON,5.1024,PER YARD
26600-038-617,RIBBON,PLAIN RIBBON,,PER YARD
26600-038-625,RIBBON,PLAIN RIBBON,8.0193,PER YARD
26600-038-640,RIBBON,PLAIN RIBBON,5.1024,PER YARD
26600-038-644,RIBBON,PLAIN RIBBON,5.1024,PER YARD
26600-038-645,RIBBON,PLAIN RIBBON,5.6144,PER YARD
26600-038-650,RIBBON,PLAIN RIBBON,5.6144,PER YARD
26600-038-660,RIBBON,PLAIN RIBBON,5.6144,PER YARD
26600-038-662,RIBBON,PLAIN RIBBON,,PER YARD
26600-038-668,RIBBON,PLAIN RIBBON,5.1024,PER YARD
26600-038-675,RIBBON,PLAIN RIBBON,5.6144,PER YARD
26600-038-686,RIBBON,PLAIN RIBBON,,PER YARD
26600-038-687,RIBBON,PLAIN RIBBON,5.1024,PER YARD
26600-038-690,RIBBON,PLAIN RIBBON,5.1024,PER YARD
26600-038-693,RIBBON,PLAIN RIBBON,7.2969,PER YARD
26600-038-714,RIBBON,PLAIN RIBBON,,PER YARD
26600-038-720,RIBBON,PLAIN RIBBON,8.0193,PER YARD
26600-038-743,RIBBON,PLAIN RIBBON,7.2969,PER YARD
26600-038-750,RIBBON,PLAIN RIBBON,8.0193,PER YARD
26600-038-751,RIBBON,PLAIN RIBBON,8.0193,PER YARD
26600-038-765,RIBBON,PLAIN RIBBON,8.0193,PER YARD
26600-038-779,RIBBON,PLAIN RIBBON,5.1024,PER YARD
26600-038-780,RIBBON,PLAIN RIBBON,,PER YARD
26600-038-785,RIBBON,PLAIN RIBBON,7.2969,PER YARD
26600-038-789,RIBBON,PLAIN RIBBON,5.1024,PER YARD
26600-038-793,RIBBON,PLAIN RIBBON,5.1024,PER YARD
26600-038-810,RIBBON,PLAIN RIBBON,7.2969,PER YARD
26600-038-812,RIBBON,PLAIN RIBBON,5.6144,PER YARD
26600-038-813,RIBBON,PLAIN RIBBON,5.1024,PER YARD
26600-038-815,RIBBON,PLAIN RIBBON,6.8169,PER YARD
26600-038-818,RIBBON,PLAIN RIBBON,5.1024,PER YARD
26600-038-823,RIBBON,PLAIN RIBBON,4.8472,PER YARD
26600-038-824,RIBBON,PLAIN RIBBON,5.6144,PER YARD
26600-038-826,RIBBON,PLAIN RIBBON,,PER YARD
26600-038-835,RIBBON,PLAIN RIBBON,5.1024,PER YARD
26600-038-836,RIBBON,PLAIN RIBBON,5.1024,PER YARD
26600-038-837,RIBBON,PLAIN RIBBON,5.6144,PER YARD
26600-038-838,RIBBON,PLAIN RIBBON,5.6144,PER YARD
26600-038-839,RIBBON,PLAIN RIBBON,5.6144,PER YARD
26600-038-840,RIBBON,PLAIN RIBBON,5.1024,PER YARD
26600-038-845,RIBBON,PLAIN RIBBON,5.1024,PER YARD
26600-038-846,RIBBON,PLAIN RIBBON,5.6144,PER YARD
26600-038-847,RIBBON,PLAIN RIBBON,,PER YARD
26600-038-850,RIBBON,PLAIN RIBBON,5.1024,PER YARD
26600-038-855,RIBBON,PLAIN RIBBON,5.1024,PER YARD
26600-038-860,RIBBON,PLAIN RIBBON,,PER YARD
26600-038-868,RIBBON,PLAIN RIBBON,5.1024,PER YARD
26600-038-870,RIBBON,PLAIN RIBBON,5.1024,PER YARD
26600-050-000,RIBBON,PLAIN RIBBON,5.3584,PER YARD
26600-050-007,RIBBON,PLAIN RIBBON,6.7026,PER YARD
26600-050-009,RIBBON,PLAIN RIBBON,,PER YARD
26600-050-012,RIBBON,PLAIN RIBBON,,PER YARD
26600-050-017,RIBBON,PLAIN RIBBON,6.7026,PER YARD
26600-050-028,RIBBON,PLAIN RIBBON,7.0363,PER YARD
26600-050-029,RIBBON,PLAIN RIBBON,5.3584,PER YARD
26600-050-030,RIBBON,PLAIN RIBBON,5.3584,PER YARD
26600-050-077,RIBBON,PLAIN RIBBON,7.3701,PER YARD
26600-050-103,RIBBON,PLAIN RIBBON,6.7026,PER YARD
26600-050-105,RIBBON,PLAIN RIBBON,7.3701,PER YARD
26600-050-112,RIBBON,PLAIN RIBBON,6.7026,PER YARD
26600-050-115,RIBBON,PLAIN RIBBON,7.3701,PER YARD
26600-050-117,RIBBON,PLAIN RIBBON,6.7026,PER YARD
26600-050-141,RIBBON,PLAIN RIBBON,6.7026,PER YARD
26600-050-146,RIBBON,PLAIN RIBBON,6.7026,PER YARD
26600-050-148,RIBBON,PLAIN RIBBON,6.7026,PER YARD
26600-050-150,RIBBON,PLAIN RIBBON,6.7026,PER YARD
26600-050-151,RIBBON,PLAIN RIBBON,6.7026,PER YARD
26600-050-152,RIBBON,PLAIN RIBBON,,PER YARD
26600-050-154,RIBBON,PLAIN RIBBON,6.7026,PER YARD
26600-050-155,RIBBON,PLAIN RIBBON,6.535,PER YARD
26600-050-158,RIBBON,PLAIN RIBBON,6.7026,PER YARD
26600-050-160,RIBBON,PLAIN RIBBON,6.7026,PER YARD
26600-050-161,RIBBON,PLAIN RIBBON,7.3701,PER YARD
26600-050-164,RIBBON,PLAIN RIBBON,6.7026,PER YARD
26600-050-165,RIBBON,PLAIN RIBBON,6.7026,PER YARD
26600-050-168,RIBBON,PLAIN RIBBON,6.7026,PER YARD
26600-050-169,RIBBON,PLAIN RIBBON,,PER YARD
26600-050-174,RIBBON,PLAIN RIBBON,6.7026,PER YARD
26600-050-175,RIBBON,PLAIN RIBBON,,PER YARD
26600-050-176,RIBBON,PLAIN RIBBON,,PER YARD
26600-050-177,RIBBON,PLAIN RIBBON,,PER YARD
26600-050-182,RIBBON,PLAIN RIBBON,,PER YARD
26600-050-203,RIBBON,PLAIN RIBBON,6.7026,PER YARD
26600-050-235,RIBBON,PLAIN RIBBON,7.3701,PER YARD
26600-050-238,RIBBON,PLAIN RIBBON,6.7026,PER YARD
26600-050-243,RIBBON,PLAIN RIBBON,6.7026,PER YARD
26600-050-250,RIBBON,PLAIN RIBBON,6.7026,PER YARD
26600-050-252,RIBBON,PLAIN RIBBON,7.3701,PER YARD
26600-050-260,RIBBON,PLAIN RIBBON,6.7026,PER YARD
26600-050-264,RIBBON,PLAIN RIBBON,6.7026,PER YARD
26600-050-275,RIBBON,PLAIN RIBBON,,PER YARD
26600-050-277,RIBBON,PLAIN RIBBON,6.7026,PER YARD
26600-050-285,RIBBON,PLAIN RIBBON,6.7026,PER YARD
26600-050-303,RIBBON,PLAIN RIBBON,6.7026,PER YARD
26600-050-305,RIBBON,PLAIN RIBBON,,PER YARD
26600-050-307,RIBBON,PLAIN RIBBON,6.7026,PER YARD
26600-050-308,RIBBON,PLAIN RIBBON,6.7026,PER YARD
26600-050-311,RIBBON,PLAIN RIBBON,6.7026,PER YARD
26600-050-314,RIBBON,PLAIN RIBBON,6.7026,PER YARD
26600-050-322,RIBBON,PLAIN RIBBON,6.7026,PER YARD
26600-050-324,RIBBON,PLAIN RIBBON,,PER YARD
26600-050-326,RIBBON,PLAIN RIBBON,6.7026,PER YARD
26600-050-329,RIBBON,PLAIN RIBBON,6.7026,PER YARD
26600-050-330,RIBBON,PLAIN RIBBON,6.7026,PER YARD
26600-050-331,RIBBON,PLAIN RIBBON,6.535,PER YARD
26600-050-332,RIBBON,PLAIN RIBBON,6.7026,PER YARD
26600-050-333,RIBBON,PLAIN RIBBON,6.7026,PER YARD
26600-050-335,RIBBON,PLAIN RIBBON,6.7026,PER YARD
26600-050-336,RIBBON,PLAIN RIBBON,6.7026,PER YARD
26600-050-338,RIBBON,PLAIN RIBBON,6.7026,PER YARD
26600-050-342,RIBBON,PLAIN RIBBON,,PER YARD
26600-050-343,RIBBON,PLAIN RIBBON,,PER YARD
26600-050-346,RIBBON,PLAIN RIBBON,6.7026,PER YARD
26600-050-347,RIBBON,PLAIN RIBBON,,PER YARD
26600-050-350,RIBBON,PLAIN RIBBON,6.7026,PER YARD
26600-050-352,RIBBON,PLAIN RIBBON,,PER YARD
26600-050-363,RIBBON,PLAIN RIBBON,7.3701,PER YARD
26600-050-365,RIBBON,PLAIN RIBBON,6.7026,PER YARD
26600-050-369,RIBBON,PLAIN RIBBON,6.7026,PER YARD
26600-050-370,RIBBON,PLAIN RIBBON,6.7026,PER YARD
26600-050-371,RIBBON,PLAIN RIBBON,,PER YARD
26600-050-372,RIBBON,PLAIN RIBBON,,PER YARD
26600-050-373,RIBBON,PLAIN RIBBON,6.7026,PER YARD
26600-050-374,RIBBON,PLAIN RIBBON,,PER YARD
26600-050-420,RIBBON,PLAIN RIBBON,6.7026,PER YARD
26600-050-430,RIBBON,PLAIN RIBBON,6.7026,PER YARD
26600-050-434,RIBBON,PLAIN RIBBON,6.7026,PER YARD
26600-050-435,RIBBON,PLAIN RIBBON,6.7026,PER YARD
26600-050-458,RIBBON,PLAIN RIBBON,6.7026,PER YARD
26600-050-463,RIBBON,PLAIN RIBBON,6.7026,PER YARD
26600-050-470,RIBBON,PLAIN RIBBON,,PER YARD
26600-050-477,RIBBON,PLAIN RIBBON,6.7026,PER YARD
26600-050-520,RIBBON,PLAIN RIBBON,7.3701,PER YARD
26600-050-524,RIBBON,PLAIN RIBBON,,PER YARD
26600-050-548,RIBBON,PLAIN RIBBON,,PER YARD
26600-050-549,RIBBON,PLAIN RIBBON,6.7026,PER YARD
26600-050-551,RIBBON,PLAIN RIBBON,,PER YARD
26600-050-552,RIBBON,PLAIN RIBBON,,PER YARD
26600-050-563,RIBBON,PLAIN RIBBON,,PER YARD
26600-050-564,RIBBON,PLAIN RIBBON,6.7026,PER YARD
26600-050-565,RIBBON,PLAIN RIBBON,7.0363,PER YARD
26600-050-566,RIBBON,PLAIN RIBBON,7.0363,PER YARD
26600-050-567,RIBBON,PLAIN RIBBON,7.0363,PER YARD
26600-050-569,RIBBON,PLAIN RIBBON,6.7026,PER YARD
26600-050-570,RIBBON,PLAIN RIBBON,7.3701,PER YARD
26600-050-572,RIBBON,PLAIN RIBBON,,PER YARD
26600-050-577,RIBBON,PLAIN RIBBON,6.7026,PER YARD
26600-050-580,RIBBON,PLAIN RIBBON,6.7026,PER YARD
26600-050-583,RIBBON,PLAIN RIBBON,7.3701,PER YARD
26600-050-587,RIBBON,PLAIN RIBBON,6.7026,PER YARD
26600-050-589,RIBBON,PLAIN RIBBON,,PER YARD
26600-050-593,RIBBON,PLAIN RIBBON,6.7026,PER YARD
26600-050-600,RIBBON,PLAIN RIBBON,6.7026,PER YARD
26600-050-614,RIBBON,PLAIN RIBBON,,PER YARD
26600-050-617,RIBBON,PLAIN RIBBON,6.7026,PER YARD
26600-050-640,RIBBON,PLAIN RIBBON,,PER YARD
26600-050-645,RIBBON,PLAIN RIBBON,7.3701,PER YARD
26600-050-650,RIBBON,PLAIN RIBBON,,PER YARD
26600-050-660,RIBBON,PLAIN RIBBON,6.7026,PER YARD
26600-050-662,RIBBON,PLAIN RIBBON,,PER YARD
26600-050-668,RIBBON,PLAIN RIBBON,7.0363,PER YARD
26600-050-686,RIBBON,PLAIN RIBBON,6.7026,PER YARD
26600-050-690,RIBBON,PLAIN RIBBON,,PER YARD
26600-050-693,RIBBON,PLAIN RIBBON,6.7026,PER YARD
26600-050-751,RIBBON,PLAIN RIBBON,,PER YARD
26600-050-765,RIBBON,PLAIN RIBBON,6.7026,PER YARD
26600-050-780,RIBBON,PLAIN RIBBON,7.3701,PER YARD
26600-050-793,RIBBON,PLAIN RIBBON,7.3701,PER YARD
26600-050-810,RIBBON,PLAIN RIBBON,6.7026,PER YARD
26600-050-812,RIBBON,PLAIN RIBBON,,PER YARD
26600-050-813,RIBBON,PLAIN RIBBON,6.7026,PER YARD
26600-050-814,RIBBON,PLAIN RIBBON,,PER YARD
26600-050-815,RIBBON,PLAIN RIBBON,6.535,PER YARD
26600-050-820,RIBBON,PLAIN RIBBON,6.7026,PER YARD
26600-050-824,RIBBON,PLAIN RIBBON,6.7026,PER YARD
26600-050-835,RIBBON,PLAIN RIBBON,6.7026,PER YARD
26600-050-836,RIBBON,PLAIN RIBBON,7.3701,PER YARD
26600-050-837,RIBBON,PLAIN RIBBON,6.7026,PER YARD
26600-050-845,RIBBON,PLAIN RIBBON,7.3701,PER YARD
26600-050-847,RIBBON,PLAIN RIBBON,6.7026,PER YARD
26600-050-850,RIBBON,PLAIN RIBBON,6.7026,PER YARD
26600-050-855,RIBBON,PLAIN RIBBON,7.0363,PER YARD
26600-050-869,RIBBON,PLAIN RIBBON,6.7026,PER YARD
26600-050-870,RIBBON,PLAIN RIBBON,,PER YARD
26600-057-000,RIBBON,PLAIN RIBBON,6.8169,PER YARD
26600-057-007,RIBBON,PLAIN RIBBON,8.1107,PER YARD
26600-057-029,RIBBON,PLAIN RIBBON,6.4922,PER YARD
26600-057-030,RIBBON,PLAIN RIBBON,,PER YARD
26600-057-785,RIBBON,PLAIN RIBBON,8.1107,PER YARD
26600-057-824,RIBBON,PLAIN RIBBON,8.1107,PER YARD
26600-06-552,RIBBON,PLAIN RIBBON,,PER YARD
26600-063-000,RIBBON,PLAIN RIBBON,7.7724,PER YARD
26600-063-029,RIBBON,PLAIN RIBBON,8.5496,PER YARD
26600-063-103,RIBBON,PLAIN RIBBON,9.7109,PER YARD
26600-063-165,RIBBON,PLAIN RIBBON,9.7109,PER YARD
26600-063-372,RIBBON,PLAIN RIBBON,9.7109,PER YARD
26600-063-524,RIBBON,PLAIN RIBBON,,PER YARD
26600-063-793,RIBBON,PLAIN RIBBON,,PER YARD
26600-063-870,RIBBON,PLAIN RIBBON,9.7109,PER YARD
26600-075-000,RIBBON,PLAIN RIBBON,10.6619,PER YARD
26600-075-028,RIBBON,PLAIN RIBBON,,PER YARD
26600-075-029,RIBBON,PLAIN RIBBON,9.6926,PER YARD
26600-075-030,RIBBON,PLAIN RIBBON,9.6926,PER YARD
26600-075-250,RIBBON,PLAIN RIBBON,13.332,PER YARD
26600-075-333,RIBBON,PLAIN RIBBON,12.573,PER YARD
26600-075-372,RIBBON,PLAIN RIBBON,12.1158,PER YARD
26600-075-477,RIBBON,PLAIN RIBBON,12.1158,PER YARD
26600-075-589,RIBBON,PLAIN RIBBON,12.1158,PER YARD
26600-075-789,RIBBON,PLAIN RIBBON,12.1158,PER YARD
26600-075-820,RIBBON,PLAIN RIBBON,12.1158,PER YARD
26600-075-847,RIBBON,PLAIN RIBBON,13.332,PER YARD
26600-089-000,RIBBON,PLAIN RIBBON,12.1935,PER YARD
26600-089-029,RIBBON,PLAIN RIBBON,11.6129,PER YARD
26600-089-030,RIBBON,PLAIN RIBBON,11.6129,PER YARD
26600-089-103,RIBBON,PLAIN RIBBON,14.5115,PER YARD
26600-089-337,RIBBON,PLAIN RIBBON,14.5115,PER YARD
26600-089-465,RIBBON,PLAIN RIBBON,,PER YARD
26600-089-593,RIBBON,PLAIN RIBBON,15.9654,PER YARD
26600-100 -662,RIBBON,PLAIN RIBBON,,PER YARD
26600-100-000,RIBBON,PLAIN RIBBON,13.5331,PER YARD
26600-100-029,RIBBON,PLAIN RIBBON,13.5331,PER YARD
26600-100-030,RIBBON,PLAIN RIBBON,13.5331,PER YARD
26600-100-152,RIBBON,PLAIN RIBBON,16.9164,PER YARD
26600-100-156,RIBBON,PLAIN RIBBON,16.9164,PER YARD
26600-100-250,RIBBON,PLAIN RIBBON,16.9164,PER YARD
26600-100-260,RIBBON,PLAIN RIBBON,18.608,PER YARD
26600-100-277,RIBBON,PLAIN RIBBON,16.4935,PER YARD
26600-100-370,RIBBON,PLAIN RIBBON,18.608,PER YARD
26600-100-371,RIBBON,PLAIN RIBBON,,PER YARD
26600-100-465,RIBBON,PLAIN RIBBON,,PER YARD
26600-100-544,RIBBON,PLAIN RIBBON,16.4935,PER YARD
26600-100-645,RIBBON,PLAIN RIBBON,16.9164,PER YARD
26600-100-662,RIBBON,PLAIN RIBBON,18.608,PER YARD
26600-100-810,RIBBON,PLAIN RIBBON,,PER YARD
26621-025-029,RIBBON,TO CONFIRM,4.508,PER YARD
26621-025-123,RIBBON,TO CONFIRM,4.508,PER YARD
26622-025-029,RIBBON,TO CONFIRM,4.0965,PER YARD
26666-003-029,RIBBON,TO CONFIRM,,PER YARD
26666-006-029,RIBBON,TO CONFIRM,3.557,PER YARD
26666-009-000,RIBBON,TO CONFIRM,,PER YARD
26666-013-250,RIBBON,TO CONFIRM,6.5197,PER YARD
26666-019-030,RIBBON,TO CONFIRM,2.5898,PER YARD
26666-025-000,RIBBON,TO CONFIRM,,PER YARD
26666-025-029,RIBBON,TO CONFIRM,10.6436,PER YARD
26666-032-000,RIBBON,TO CONFIRM,,PER YARD
26666-050-000,RIBBON,TO CONFIRM,18.4617,PER YARD
26688-009-835W,RIBBON,TO CONFIRM,,PER YARD
26710-006-000,RIBBON,PLAIN RIBBON,2.4118,PER YARD
26710-006-029,RIBBON,PLAIN RIBBON,,PER YARD
26710-006-030,RIBBON,PLAIN RIBBON,2.6038,PER YARD
26710-009-000,RIBBON,PLAIN RIBBON,2.8957,PER YARD
26710-009-029,RIBBON,PLAIN RIBBON,3.7198,PER YARD
26710-009-030,RIBBON,PLAIN RIBBON,3.4718,PER YARD
26710-009-372-2880,RIBBON,PLAIN RIBBON,5.6236,PER YARD
26710-013-000,RIBBON,PLAIN RIBBON,3.6638,PER YARD
26710-013-029,RIBBON,PLAIN RIBBON,,PER YARD
26710-013-030,RIBBON,PLAIN RIBBON,4.2399,PER YARD
26710-016-000,RIBBON,PLAIN RIBBON,5.283,PER YARD
26710-016-029,RIBBON,PLAIN RIBBON,,PER YARD
26710-016-030,RIBBON,PLAIN RIBBON,,PER YARD
26710-019-000,RIBBON,PLAIN RIBBON,5.7838,PER YARD
26710-019-029,RIBBON,PLAIN RIBBON,6.3675,PER YARD
26710-019-030,RIBBON,PLAIN RIBBON,6.3675,PER YARD
26710-025-000,RIBBON,PLAIN RIBBON,7.3276,PER YARD
26710-025-029,RIBBON,PLAIN RIBBON,8.781,PER YARD
26710-025-030,RIBBON,PLAIN RIBBON,8.1956,PER YARD
26710-032-000,RIBBON,PLAIN RIBBON,9.0635,PER YARD
26710-032-029,RIBBON,PLAIN RIBBON,10.8466,PER YARD
26710-032-030,RIBBON,PLAIN RIBBON,10.1235,PER YARD
26710-038-000,RIBBON,PLAIN RIBBON,,PER YARD
26710-038-029,RIBBON,PLAIN RIBBON,11.5752,PER YARD
26710-038-030,RIBBON,PLAIN RIBBON,,PER YARD
26710-050-000,RIBBON,PLAIN RIBBON,15.8151,PER YARD
26710-050-029,RIBBON,PLAIN RIBBON,18.5989,PER YARD
26710-050-030,RIBBON,PLAIN RIBBON,17.359,PER YARD
27700-005-000,RIBBON,PLAIN RIBBON,0.6401,PER YARD
27700-005-029,RIBBON,PLAIN RIBBON,,PER YARD
27700-005-030,RIBBON,PLAIN RIBBON,0.6401,PER YARD
27700-005-810,RIBBON,PLAIN RIBBON,,PER YARD
27700-006-000,RIBBON,PLAIN RIBBON,0.7041,PER YARD
27700-006-007,RIBBON,PLAIN RIBBON,0.8047,PER YARD
27700-006-028,RIBBON,PLAIN RIBBON,,PER YARD
27700-006-029,RIBBON,PLAIN RIBBON,0.7041,PER YARD
27700-006-030,RIBBON,PLAIN RIBBON,0.6721,PER YARD
27700-006-115,RIBBON,PLAIN RIBBON,0.8449,PER YARD
27700-006-123,RIBBON,PLAIN RIBBON,0.8047,PER YARD
27700-006-156,RIBBON,PLAIN RIBBON,,PER YARD
27700-006-187,RIBBON,PLAIN RIBBON,0.8047,PER YARD
27700-006-285,RIBBON,PLAIN RIBBON,,PER YARD
27700-006-311,RIBBON,PLAIN RIBBON,0.8047,PER YARD
27700-006-330,RIBBON,PLAIN RIBBON,0.887,PER YARD
27700-006-372,RIBBON,PLAIN RIBBON,0.887,PER YARD
27700-006-815,RIBBON,PLAIN RIBBON,0.8047,PER YARD
27700-009-000,RIBBON,PLAIN RIBBON,0.919,PER YARD
27700-009-028,RIBBON,PLAIN RIBBON,0.9967,PER YARD
27700-009-029,RIBBON,PLAIN RIBBON,0.8778,PER YARD
27700-009-030,RIBBON,PLAIN RIBBON,0.919,PER YARD
27700-009-103,RIBBON,PLAIN RIBBON,0.9967,PER YARD
27700-009-105,RIBBON,PLAIN RIBBON,0.9967,PER YARD
27700-009-112,RIBBON,PLAIN RIBBON,0.9967,PER YARD
27700-009-115,RIBBON,PLAIN RIBBON,0.9967,PER YARD
27700-009-117,RIBBON,PLAIN RIBBON,,PER YARD
27700-009-123,RIBBON,PLAIN RIBBON,0.9967,PER YARD
27700-009-155,RIBBON,PLAIN RIBBON,0.9967,PER YARD
27700-009-175,RIBBON,PLAIN RIBBON,0.9967,PER YARD
27700-009-187,RIBBON,PLAIN RIBBON,0.9967,PER YARD
27700-009-250,RIBBON,PLAIN RIBBON,0.9967,PER YARD
27700-009-260,RIBBON,PLAIN RIBBON,,PER YARD
27700-009-277,RIBBON,PLAIN RIBBON,0.9967,PER YARD
27700-009-305,RIBBON,PLAIN RIBBON,0.9967,PER YARD
27700-009-307,RIBBON,PLAIN RIBBON,0.9967,PER YARD
27700-009-311,RIBBON,PLAIN RIBBON,0.9967,PER YARD
27700-009-329,RIBBON,PLAIN RIBBON,0.9967,PER YARD
27700-009-430,RIBBON,PLAIN RIBBON,0.9967,PER YARD
27700-009-477,RIBBON,PLAIN RIBBON,0.9967,PER YARD
27700-009-577,RIBBON,PLAIN RIBBON,0.9967,PER YARD
27700-009-645,RIBBON,PLAIN RIBBON,0.9967,PER YARD
27700-009-714,RIBBON,PLAIN RIBBON,0.9967,PER YARD
27700-009-810,RIBBON,PLAIN RIBBON,0.9967,PER YARD
27700-013-000,RIBBON,PLAIN RIBBON,1.0424,PER YARD
27700-013-007,RIBBON,PLAIN RIBBON,1.4283,PER YARD
27700-013-028,RIBBON,PLAIN RIBBON,,PER YARD
27700-013-030,RIBBON,PLAIN RIBBON,1.6048,PER YARD
27700-013-150,RIBBON,PLAIN RIBBON,,PER YARD
27700-013-187,RIBBON,PLAIN RIBBON,1.2984,PER YARD
27700-016-000,RIBBON,PLAIN RIBBON,1.4996,PER YARD
27700-016-007,RIBBON,PLAIN RIBBON,1.8709,PER YARD
27700-016-009,RIBBON,PLAIN RIBBON,1.7008,PER YARD
27700-016-012,RIBBON,PLAIN RIBBON,1.7008,PER YARD
27700-016-017,RIBBON,PLAIN RIBBON,1.7008,PER YARD
27700-016-028,RIBBON,PLAIN RIBBON,1.8709,PER YARD
27700-016-029,RIBBON,PLAIN RIBBON,,PER YARD
27700-016-030,RIBBON,PLAIN RIBBON,1.3625,PER YARD
27700-016-077,RIBBON,PLAIN RIBBON,1.7008,PER YARD
27700-016-103,RIBBON,PLAIN RIBBON,1.7008,PER YARD
27700-016-105,RIBBON,PLAIN RIBBON,1.7008,PER YARD
27700-016-112,RIBBON,PLAIN RIBBON,1.7008,PER YARD
27700-016-115,RIBBON,PLAIN RIBBON,1.7008,PER YARD
27700-016-117,RIBBON,PLAIN RIBBON,1.7008,PER YARD
27700-016-123,RIBBON,PLAIN RIBBON,1.7008,PER YARD
27700-016-141,RIBBON,PLAIN RIBBON,1.7008,PER YARD
27700-016-146,RIBBON,PLAIN RIBBON,1.7008,PER YARD
27700-016-148,RIBBON,PLAIN RIBBON,1.7008,PER YARD
27700-016-149,RIBBON,PLAIN RIBBON,1.7008,PER YARD
27700-016-150,RIBBON,PLAIN RIBBON,1.7008,PER YARD
27700-016-151,RIBBON,PLAIN RIBBON,1.7008,PER YARD
27700-016-152,RIBBON,PLAIN RIBBON,1.7008,PER YARD
27700-016-153,RIBBON,PLAIN RIBBON,1.7008,PER YARD
27700-016-154,RIBBON,PLAIN RIBBON,1.7008,PER YARD
27700-016-155,RIBBON,PLAIN RIBBON,1.7008,PER YARD
27700-016-156,RIBBON,PLAIN RIBBON,1.7008,PER YARD
27700-016-157,RIBBON,PLAIN RIBBON,1.7008,PER YARD
27700-016-158,RIBBON,PLAIN RIBBON,1.7008,PER YARD
27700-016-159,RIBBON,PLAIN RIBBON,1.7008,PER YARD
27700-016-160,RIBBON,PLAIN RIBBON,1.7008,PER YARD
27700-016-161,RIBBON,PLAIN RIBBON,1.7008,PER YARD
27700-016-164,RIBBON,PLAIN RIBBON,1.7008,PER YARD
27700-016-165,RIBBON,PLAIN RIBBON,1.7008,PER YARD
27700-016-168,RIBBON,PLAIN RIBBON,1.7008,PER YARD
27700-016-169,RIBBON,PLAIN RIBBON,1.7008,PER YARD
27700-016-174,RIBBON,PLAIN RIBBON,1.7008,PER YARD
27700-016-175,RIBBON,PLAIN RIBBON,1.7008,PER YARD
27700-016-176,RIBBON,PLAIN RIBBON,1.7008,PER YARD
27700-016-177,RIBBON,PLAIN RIBBON,1.7008,PER YARD
27700-016-182,RIBBON,PLAIN RIBBON,1.7008,PER YARD
27700-016-183,RIBBON,PLAIN RIBBON,1.7008,PER YARD
27700-016-185,RIBBON,PLAIN RIBBON,1.7008,PER YARD
27700-016-187,RIBBON,PLAIN RIBBON,1.7008,PER YARD
27700-016-193,RIBBON,PLAIN RIBBON,1.7008,PER YARD
27700-016-198,RIBBON,PLAIN RIBBON,1.7008,PER YARD
27700-016-203,RIBBON,PLAIN RIBBON,1.7008,PER YARD
27700-016-210,RIBBON,PLAIN RIBBON,1.7008,PER YARD
27700-016-235,RIBBON,PLAIN RIBBON,1.7008,PER YARD
27700-016-238,RIBBON,PLAIN RIBBON,1.7008,PER YARD
27700-016-243,RIBBON,PLAIN RIBBON,1.7008,PER YARD
27700-016-250,RIBBON,PLAIN RIBBON,1.7008,PER YARD
27700-016-252,RIBBON,PLAIN RIBBON,1.7008,PER YARD
27700-016-260,RIBBON,PLAIN RIBBON,1.7008,PER YARD
27700-016-264,RIBBON,PLAIN RIBBON,1.7008,PER YARD
27700-016-275,RIBBON,PLAIN RIBBON,1.7008,PER YARD
27700-016-277,RIBBON,PLAIN RIBBON,1.7008,PER YARD
27700-016-285,RIBBON,PLAIN RIBBON,1.7008,PER YARD
27700-016-290,RIBBON,PLAIN RIBBON,1.7008,PER YARD
27700-016-303,RIBBON,PLAIN RIBBON,1.7008,PER YARD
27700-016-305,RIBBON,PLAIN RIBBON,1.7008,PER YARD
27700-016-307,RIBBON,PLAIN RIBBON,1.7008,PER YARD
27700-016-308,RIBBON,PLAIN RIBBON,1.7008,PER YARD
27700-016-311,RIBBON,PLAIN RIBBON,1.7008,PER YARD
27700-016-313,RIBBON,PLAIN RIBBON,1.7008,PER YARD
27700-016-314,RIBBON,PLAIN RIBBON,1.7008,PER YARD
27700-016-317,RIBBON,PLAIN RIBBON,1.7008,PER YARD
27700-016-322,RIBBON,PLAIN RIBBON,1.7008,PER YARD
27700-016-323,RIBBON,PLAIN RIBBON,1.7008,PER YARD
27700-016-324,RIBBON,PLAIN RIBBON,1.7008,PER YARD
27700-016-325,RIBBON,PLAIN RIBBON,1.7008,PER YARD
27700-016-326,RIBBON,PLAIN RIBBON,1.7008,PER YARD
27700-016-327,RIBBON,PLAIN RIBBON,1.7008,PER YARD
27700-016-328,RIBBON,PLAIN RIBBON,1.7008,PER YARD
27700-016-329,RIBBON,PLAIN RIBBON,1.7008,PER YARD
27700-016-330,RIBBON,PLAIN RIBBON,1.7008,PER YARD
27700-016-331,RIBBON,PLAIN RIBBON,1.7008,PER YARD
27700-016-332,RIBBON,PLAIN RIBBON,1.7008,PER YARD
27700-016-333,RIBBON,PLAIN RIBBON,1.7008,PER YARD
27700-016-335,RIBBON,PLAIN RIBBON,1.7008,PER YARD
27700-016-336,RIBBON,PLAIN RIBBON,1.7008,PER YARD
27700-016-337,RIBBON,PLAIN RIBBON,1.7008,PER YARD
27700-016-338,RIBBON,PLAIN RIBBON,1.7008,PER YARD
27700-016-340,RIBBON,PLAIN RIBBON,1.7008,PER YARD
27700-016-342,RIBBON,PLAIN RIBBON,1.7008,PER YARD
27700-016-343,RIBBON,PLAIN RIBBON,1.7008,PER YARD
27700-016-346,RIBBON,PLAIN RIBBON,1.7008,PER YARD
27700-016-347,RIBBON,PLAIN RIBBON,1.7008,PER YARD
27700-016-350,RIBBON,PLAIN RIBBON,1.7008,PER YARD
27700-016-352,RIBBON,PLAIN RIBBON,1.7008,PER YARD
27700-016-363,RIBBON,PLAIN RIBBON,1.7008,PER YARD
27700-016-365,RIBBON,PLAIN RIBBON,1.7008,PER YARD
27700-016-366,RIBBON,PLAIN RIBBON,1.7008,PER YARD
27700-016-369,RIBBON,PLAIN RIBBON,1.7008,PER YARD
27700-016-370,RIBBON,PLAIN RIBBON,1.7008,PER YARD
27700-016-371,RIBBON,PLAIN RIBBON,1.7008,PER YARD
27700-016-372,RIBBON,PLAIN RIBBON,1.7008,PER YARD
27700-016-373,RIBBON,PLAIN RIBBON,1.7008,PER YARD
27700-016-374,RIBBON,PLAIN RIBBON,1.7008,PER YARD
27700-016-420,RIBBON,PLAIN RIBBON,1.7008,PER YARD
27700-016-430,RIBBON,PLAIN RIBBON,1.7008,PER YARD
27700-016-434,RIBBON,PLAIN RIBBON,1.7008,PER YARD
27700-016-435,RIBBON,PLAIN RIBBON,1.7008,PER YARD
27700-016-447,RIBBON,PLAIN RIBBON,1.7008,PER YARD
27700-016-458,RIBBON,PLAIN RIBBON,1.7008,PER YARD
27700-016-462,RIBBON,PLAIN RIBBON,1.7008,PER YARD
27700-016-463,RIBBON,PLAIN RIBBON,1.7008,PER YARD
27700-016-464,RIBBON,PLAIN RIBBON,1.7008,PER YARD
27700-016-465,RIBBON,PLAIN RIBBON,1.7008,PER YARD
27700-016-467,RIBBON,PLAIN RIBBON,1.7008,PER YARD
27700-016-470,RIBBON,PLAIN RIBBON,1.7008,PER YARD
27700-016-473,RIBBON,PLAIN RIBBON,1.7008,PER YARD
27700-016-476,RIBBON,PLAIN RIBBON,1.7008,PER YARD
27700-016-477,RIBBON,PLAIN RIBBON,1.7008,PER YARD
27700-016-510,RIBBON,PLAIN RIBBON,1.7008,PER YARD
27700-016-513,RIBBON,PLAIN RIBBON,1.7008,PER YARD
27700-016-520,RIBBON,PLAIN RIBBON,1.7008,PER YARD
27700-016-524,RIBBON,PLAIN RIBBON,1.7008,PER YARD
27700-016-525,RIBBON,PLAIN RIBBON,1.7008,PER YARD
27700-016-530,RIBBON,PLAIN RIBBON,1.7008,PER YARD
27700-016-544,RIBBON,PLAIN RIBBON,1.7008,PER YARD
27700-016-548,RIBBON,PLAIN RIBBON,1.7008,PER YARD
27700-016-549,RIBBON,PLAIN RIBBON,1.7008,PER YARD
27700-016-550,RIBBON,PLAIN RIBBON,1.7008,PER YARD
27700-016-551,RIBBON,PLAIN RIBBON,1.7008,PER YARD
27700-016-552,RIBBON,PLAIN RIBBON,1.7008,PER YARD
27700-016-555,RIBBON,PLAIN RIBBON,1.7008,PER YARD
27700-016-556,RIBBON,PLAIN RIBBON,1.7008,PER YARD
27700-016-563,RIBBON,PLAIN RIBBON,1.7008,PER YARD
27700-016-564,RIBBON,PLAIN RIBBON,1.7008,PER YARD
27700-016-565,RIBBON,PLAIN RIBBON,1.7008,PER YARD
27700-016-566,RIBBON,PLAIN RIBBON,1.7008,PER YARD
27700-016-567,RIBBON,PLAIN RIBBON,1.7008,PER YARD
27700-016-569,RIBBON,PLAIN RIBBON,1.7008,PER YARD
27700-016-570,RIBBON,PLAIN RIBBON,1.7008,PER YARD
27700-016-572,RIBBON,PLAIN RIBBON,1.7008,PER YARD
27700-016-577,RIBBON,PLAIN RIBBON,1.7008,PER YARD
27700-016-579,RIBBON,PLAIN RIBBON,1.7008,PER YARD
27700-016-580,RIBBON,PLAIN RIBBON,1.7008,PER YARD
27700-016-583,RIBBON,PLAIN RIBBON,1.7008,PER YARD
27700-016-587,RIBBON,PLAIN RIBBON,1.7008,PER YARD
27700-016-589,RIBBON,PLAIN RIBBON,1.7008,PER YARD
27700-016-593,RIBBON,PLAIN RIBBON,1.7008,PER YARD
27700-016-600,RIBBON,PLAIN RIBBON,1.7008,PER YARD
27700-016-614,RIBBON,PLAIN RIBBON,1.7008,PER YARD
27700-016-617,RIBBON,PLAIN RIBBON,1.7008,PER YARD
27700-016-625,RIBBON,PLAIN RIBBON,1.7008,PER YARD
27700-016-640,RIBBON,PLAIN RIBBON,1.7008,PER YARD
27700-016-644,RIBBON,PLAIN RIBBON,1.7008,PER YARD
27700-016-645,RIBBON,PLAIN RIBBON,1.7008,PER YARD
27700-016-650,RIBBON,PLAIN RIBBON,1.7008,PER YARD
27700-016-660,RIBBON,PLAIN RIBBON,1.7008,PER YARD
27700-016-662,RIBBON,PLAIN RIBBON,1.7008,PER YARD
27700-016-668,RIBBON,PLAIN RIBBON,1.7008,PER YARD
27700-016-675,RIBBON,PLAIN RIBBON,1.7008,PER YARD
27700-016-686,RIBBON,PLAIN RIBBON,1.7008,PER YARD
27700-016-687,RIBBON,PLAIN RIBBON,1.7008,PER YARD
27700-016-690,RIBBON,PLAIN RIBBON,1.7008,PER YARD
27700-016-693,RIBBON,PLAIN RIBBON,1.7008,PER YARD
27700-016-714,RIBBON,PLAIN RIBBON,1.7008,PER YARD
27700-016-720,RIBBON,PLAIN RIBBON,1.7008,PER YARD
27700-016-743,RIBBON,PLAIN RIBBON,1.7008,PER YARD
27700-016-750,RIBBON,PLAIN RIBBON,1.7008,PER YARD
27700-016-751,RIBBON,PLAIN RIBBON,1.7008,PER YARD
27700-016-761,RIBBON,PLAIN RIBBON,1.7008,PER YARD
27700-016-765,RIBBON,PLAIN RIBBON,1.7008,PER YARD
27700-016-777,RIBBON,PLAIN RIBBON,1.7008,PER YARD
27700-016-779,RIBBON,PLAIN RIBBON,1.7008,PER YARD
27700-016-780,RIBBON,PLAIN RIBBON,1.7008,PER YARD
27700-016-785,RIBBON,PLAIN RIBBON,1.7008,PER YARD
27700-016-789,RIBBON,PLAIN RIBBON,1.7008,PER YARD
27700-016-793,RIBBON,PLAIN RIBBON,1.7008,PER YARD
27700-016-810,RIBBON,PLAIN RIBBON,1.7008,PER YARD
27700-016-812,RIBBON,PLAIN RIBBON,1.7008,PER YARD
27700-016-813,RIBBON,PLAIN RIBBON,1.7008,PER YARD
27700-016-814,RIBBON,PLAIN RIBBON,1.7008,PER YARD
27700-016-815,RIBBON,PLAIN RIBBON,1.7008,PER YARD
27700-016-818,RIBBON,PLAIN RIBBON,1.7008,PER YARD
27700-016-820,RIBBON,PLAIN RIBBON,1.7008,PER YARD
27700-016-823,RIBBON,PLAIN RIBBON,1.7008,PER YARD
27700-016-824,RIBBON,PLAIN RIBBON,1.7008,PER YARD
27700-016-826,RIBBON,PLAIN RIBBON,1.7008,PER YARD
27700-016-835,RIBBON,PLAIN RIBBON,1.7008,PER YARD
27700-016-836,RIBBON,PLAIN RIBBON,1.7008,PER YARD
27700-016-837,RIBBON,PLAIN RIBBON,1.7008,PER YARD
27700-016-838,RIBBON,PLAIN RIBBON,1.7008,PER YARD
27700-016-839,RIBBON,PLAIN RIBBON,1.7008,PER YARD
27700-016-840,RIBBON,PLAIN RIBBON,1.7008,PER YARD
27700-016-845,RIBBON,PLAIN RIBBON,1.7008,PER YARD
27700-016-846,RIBBON,PLAIN RIBBON,1.7008,PER YARD
27700-016-847,RIBBON,PLAIN RIBBON,1.7008,PER YARD
27700-016-850,RIBBON,PLAIN RIBBON,1.7008,PER YARD
27700-016-855,RIBBON,PLAIN RIBBON,1.7008,PER YARD
27700-016-860,RIBBON,PLAIN RIBBON,1.7008,PER YARD
27700-016-868,RIBBON,PLAIN RIBBON,1.7008,PER YARD
27700-016-869,RIBBON,PLAIN RIBBON,1.7008,PER YARD
27700-016-870,RIBBON,PLAIN RIBBON,1.7008,PER YARD
27700-019-007,RIBBON,PLAIN RIBBON,2.0025,PER YARD
27700-019-009,RIBBON,PLAIN RIBBON,2.0025,PER YARD
27700-019-012,RIBBON,PLAIN RIBBON,2.0025,PER YARD
27700-019-017,RIBBON,PLAIN RIBBON,2.0025,PER YARD
27700-019-028,RIBBON,PLAIN RIBBON,2.0025,PER YARD
27700-019-030,RIBBON,PLAIN RIBBON,1.6002,PER YARD
27700-019-077,RIBBON,PLAIN RIBBON,2.0025,PER YARD
27700-019-103,RIBBON,PLAIN RIBBON,2.0025,PER YARD
27700-019-105,RIBBON,PLAIN RIBBON,2.0025,PER YARD
27700-019-112,RIBBON,PLAIN RIBBON,2.0025,PER YARD
27700-019-115,RIBBON,PLAIN RIBBON,2.0025,PER YARD
27700-019-117,RIBBON,PLAIN RIBBON,2.0025,PER YARD
27700-019-123,RIBBON,PLAIN RIBBON,2.0025,PER YARD
27700-019-141,RIBBON,PLAIN RIBBON,2.0025,PER YARD
27700-019-146,RIBBON,PLAIN RIBBON,2.0025,PER YARD
27700-019-148,RIBBON,PLAIN RIBBON,2.0025,PER YARD
27700-019-149,RIBBON,PLAIN RIBBON,2.0025,PER YARD
27700-019-150,RIBBON,PLAIN RIBBON,2.0025,PER YARD
27700-019-151,RIBBON,PLAIN RIBBON,2.0025,PER YARD
27700-019-152,RIBBON,PLAIN RIBBON,2.0025,PER YARD
27700-019-153,RIBBON,PLAIN RIBBON,2.0025,PER YARD
27700-019-154,RIBBON,PLAIN RIBBON,2.0025,PER YARD
27700-019-155,RIBBON,PLAIN RIBBON,2.0025,PER YARD
27700-019-156,RIBBON,PLAIN RIBBON,2.0025,PER YARD
27700-019-157,RIBBON,PLAIN RIBBON,2.0025,PER YARD
27700-019-158,RIBBON,PLAIN RIBBON,2.0025,PER YARD
27700-019-159,RIBBON,PLAIN RIBBON,2.0025,PER YARD
27700-019-160,RIBBON,PLAIN RIBBON,2.0025,PER YARD
27700-019-161,RIBBON,PLAIN RIBBON,2.0025,PER YARD
27700-019-164,RIBBON,PLAIN RIBBON,2.0025,PER YARD
27700-019-165,RIBBON,PLAIN RIBBON,2.0025,PER YARD
27700-019-168,RIBBON,PLAIN RIBBON,2.0025,PER YARD
27700-019-169,RIBBON,PLAIN RIBBON,2.0025,PER YARD
27700-019-174,RIBBON,PLAIN RIBBON,2.0025,PER YARD
27700-019-175,RIBBON,PLAIN RIBBON,2.0025,PER YARD
27700-019-176,RIBBON,PLAIN RIBBON,2.0025,PER YARD
27700-019-177,RIBBON,PLAIN RIBBON,2.0025,PER YARD
27700-019-182,RIBBON,PLAIN RIBBON,2.0025,PER YARD
27700-019-183,RIBBON,PLAIN RIBBON,2.0025,PER YARD
27700-019-185,RIBBON,PLAIN RIBBON,2.0025,PER YARD
27700-019-187,RIBBON,PLAIN RIBBON,2.0025,PER YARD
27700-019-193,RIBBON,PLAIN RIBBON,2.0025,PER YARD
27700-019-198,RIBBON,PLAIN RIBBON,2.0025,PER YARD
27700-019-203,RIBBON,PLAIN RIBBON,2.0025,PER YARD
27700-019-210,RIBBON,PLAIN RIBBON,2.0025,PER YARD
27700-019-235,RIBBON,PLAIN RIBBON,2.0025,PER YARD
27700-019-238,RIBBON,PLAIN RIBBON,2.0025,PER YARD
27700-019-243,RIBBON,PLAIN RIBBON,2.0025,PER YARD
27700-019-250,RIBBON,PLAIN RIBBON,2.0025,PER YARD
27700-019-252,RIBBON,PLAIN RIBBON,2.0025,PER YARD
27700-019-260,RIBBON,PLAIN RIBBON,2.0025,PER YARD
27700-019-264,RIBBON,PLAIN RIBBON,2.0025,PER YARD
27700-019-275,RIBBON,PLAIN RIBBON,2.0025,PER YARD
27700-019-277,RIBBON,PLAIN RIBBON,2.0025,PER YARD
27700-019-285,RIBBON,PLAIN RIBBON,2.0025,PER YARD
27700-019-290,RIBBON,PLAIN RIBBON,2.0025,PER YARD
27700-019-303,RIBBON,PLAIN RIBBON,2.0025,PER YARD
27700-019-305,RIBBON,PLAIN RIBBON,2.0025,PER YARD
27700-019-307,RIBBON,PLAIN RIBBON,2.0025,PER YARD
27700-019-308,RIBBON,PLAIN RIBBON,2.0025,PER YARD
27700-019-311,RIBBON,PLAIN RIBBON,2.0025,PER YARD
27700-019-313,RIBBON,PLAIN RIBBON,2.0025,PER YARD
27700-019-314,RIBBON,PLAIN RIBBON,2.0025,PER YARD
27700-019-317,RIBBON,PLAIN RIBBON,2.0025,PER YARD
27700-019-322,RIBBON,PLAIN RIBBON,2.0025,PER YARD
27700-019-323,RIBBON,PLAIN RIBBON,2.0025,PER YARD
27700-019-324,RIBBON,PLAIN RIBBON,2.0025,PER YARD
27700-019-325,RIBBON,PLAIN RIBBON,2.0025,PER YARD
27700-019-326,RIBBON,PLAIN RIBBON,2.0025,PER YARD
27700-019-327,RIBBON,PLAIN RIBBON,2.0025,PER YARD
27700-019-328,RIBBON,PLAIN RIBBON,2.0025,PER YARD
27700-019-329,RIBBON,PLAIN RIBBON,2.0025,PER YARD
27700-019-330,RIBBON,PLAIN RIBBON,2.0025,PER YARD
27700-019-331,RIBBON,PLAIN RIBBON,2.0025,PER YARD
27700-019-332,RIBBON,PLAIN RIBBON,2.0025,PER YARD
27700-019-333,RIBBON,PLAIN RIBBON,2.0025,PER YARD
27700-019-335,RIBBON,PLAIN RIBBON,2.0025,PER YARD
27700-019-336,RIBBON,PLAIN RIBBON,2.0025,PER YARD
27700-019-337,RIBBON,PLAIN RIBBON,2.0025,PER YARD
27700-019-338,RIBBON,PLAIN RIBBON,2.0025,PER YARD
27700-019-340,RIBBON,PLAIN RIBBON,2.0025,PER YARD
27700-019-342,RIBBON,PLAIN RIBBON,2.0025,PER YARD
27700-019-343,RIBBON,PLAIN RIBBON,2.0025,PER YARD
27700-019-346,RIBBON,PLAIN RIBBON,2.0025,PER YARD
27700-019-347,RIBBON,PLAIN RIBBON,2.0025,PER YARD
27700-019-350,RIBBON,PLAIN RIBBON,2.0025,PER YARD
27700-019-352,RIBBON,PLAIN RIBBON,2.0025,PER YARD
27700-019-363,RIBBON,PLAIN RIBBON,2.0025,PER YARD
27700-019-365,RIBBON,PLAIN RIBBON,2.0025,PER YARD
27700-019-366,RIBBON,PLAIN RIBBON,2.0025,PER YARD
27700-019-369,RIBBON,PLAIN RIBBON,2.0025,PER YARD
27700-019-370,RIBBON,PLAIN RIBBON,2.0025,PER YARD
27700-019-371,RIBBON,PLAIN RIBBON,2.0025,PER YARD
27700-019-372,RIBBON,PLAIN RIBBON,2.0025,PER YARD
27700-019-373,RIBBON,PLAIN RIBBON,2.0025,PER YARD
27700-019-374,RIBBON,PLAIN RIBBON,2.0025,PER YARD
27700-019-420,RIBBON,PLAIN RIBBON,2.0025,PER YARD
27700-019-430,RIBBON,PLAIN RIBBON,2.0025,PER YARD
27700-019-434,RIBBON,PLAIN RIBBON,2.0025,PER YARD
27700-019-435,RIBBON,PLAIN RIBBON,2.0025,PER YARD
27700-019-447,RIBBON,PLAIN RIBBON,2.0025,PER YARD
27700-019-458,RIBBON,PLAIN RIBBON,2.0025,PER YARD
27700-019-462,RIBBON,PLAIN RIBBON,2.0025,PER YARD
27700-019-463,RIBBON,PLAIN RIBBON,2.0025,PER YARD
27700-019-464,RIBBON,PLAIN RIBBON,2.0025,PER YARD
27700-019-465,RIBBON,PLAIN RIBBON,2.0025,PER YARD
27700-019-467,RIBBON,PLAIN RIBBON,2.0025,PER YARD
27700-019-470,RIBBON,PLAIN RIBBON,2.0025,PER YARD
27700-019-473,RIBBON,PLAIN RIBBON,2.0025,PER YARD
27700-019-476,RIBBON,PLAIN RIBBON,2.0025,PER YARD
27700-019-477,RIBBON,PLAIN RIBBON,2.0025,PER YARD
27700-019-510,RIBBON,PLAIN RIBBON,2.0025,PER YARD
27700-019-513,RIBBON,PLAIN RIBBON,2.0025,PER YARD
27700-019-520,RIBBON,PLAIN RIBBON,2.0025,PER YARD
27700-019-524,RIBBON,PLAIN RIBBON,2.0025,PER YARD
27700-019-525,RIBBON,PLAIN RIBBON,2.0025,PER YARD
27700-019-530,RIBBON,PLAIN RIBBON,2.0025,PER YARD
27700-019-544,RIBBON,PLAIN RIBBON,2.0025,PER YARD
27700-019-548,RIBBON,PLAIN RIBBON,2.0025,PER YARD
27700-019-549,RIBBON,PLAIN RIBBON,2.0025,PER YARD
27700-019-550,RIBBON,PLAIN RIBBON,2.0025,PER YARD
27700-019-551,RIBBON,PLAIN RIBBON,2.0025,PER YARD
27700-019-552,RIBBON,PLAIN RIBBON,2.0025,PER YARD
27700-019-555,RIBBON,PLAIN RIBBON,2.0025,PER YARD
27700-019-556,RIBBON,PLAIN RIBBON,2.0025,PER YARD
27700-019-563,RIBBON,PLAIN RIBBON,2.0025,PER YARD
27700-019-564,RIBBON,PLAIN RIBBON,2.0025,PER YARD
27700-019-565,RIBBON,PLAIN RIBBON,2.0025,PER YARD
27700-019-566,RIBBON,PLAIN RIBBON,2.0025,PER YARD
27700-019-567,RIBBON,PLAIN RIBBON,2.0025,PER YARD
27700-019-569,RIBBON,PLAIN RIBBON,2.0025,PER YARD
27700-019-570,RIBBON,PLAIN RIBBON,2.0025,PER YARD
27700-019-572,RIBBON,PLAIN RIBBON,2.0025,PER YARD
27700-019-577,RIBBON,PLAIN RIBBON,2.0025,PER YARD
27700-019-579,RIBBON,PLAIN RIBBON,2.0025,PER YARD
27700-019-580,RIBBON,PLAIN RIBBON,2.0025,PER YARD
27700-019-583,RIBBON,PLAIN RIBBON,2.0025,PER YARD
27700-019-587,RIBBON,PLAIN RIBBON,2.0025,PER YARD
27700-019-589,RIBBON,PLAIN RIBBON,2.0025,PER YARD
27700-019-593,RIBBON,PLAIN RIBBON,2.0025,PER YARD
27700-019-600,RIBBON,PLAIN RIBBON,2.0025,PER YARD
27700-019-614,RIBBON,PLAIN RIBBON,2.0025,PER YARD
27700-019-617,RIBBON,PLAIN RIBBON,2.0025,PER YARD
27700-019-625,RIBBON,PLAIN RIBBON,2.0025,PER YARD
27700-019-640,RIBBON,PLAIN RIBBON,2.0025,PER YARD
27700-019-644,RIBBON,PLAIN RIBBON,2.0025,PER YARD
27700-019-645,RIBBON,PLAIN RIBBON,2.0025,PER YARD
27700-019-650,RIBBON,PLAIN RIBBON,2.0025,PER YARD
27700-019-660,RIBBON,PLAIN RIBBON,2.0025,PER YARD
27700-019-662,RIBBON,PLAIN RIBBON,2.0025,PER YARD
27700-019-668,RIBBON,PLAIN RIBBON,2.0025,PER YARD
27700-019-675,RIBBON,PLAIN RIBBON,2.0025,PER YARD
27700-019-686,RIBBON,PLAIN RIBBON,2.0025,PER YARD
27700-019-687,RIBBON,PLAIN RIBBON,2.0025,PER YARD
27700-019-690,RIBBON,PLAIN RIBBON,2.0025,PER YARD
27700-019-693,RIBBON,PLAIN RIBBON,2.0025,PER YARD
27700-019-714,RIBBON,PLAIN RIBBON,2.0025,PER YARD
27700-019-720,RIBBON,PLAIN RIBBON,2.0025,PER YARD
27700-019-743,RIBBON,PLAIN RIBBON,2.0025,PER YARD
27700-019-750,RIBBON,PLAIN RIBBON,2.0025,PER YARD
27700-019-751,RIBBON,PLAIN RIBBON,2.0025,PER YARD
27700-019-761,RIBBON,PLAIN RIBBON,2.0025,PER YARD
27700-019-765,RIBBON,PLAIN RIBBON,2.0025,PER YARD
27700-019-777,RIBBON,PLAIN RIBBON,2.0025,PER YARD
27700-019-779,RIBBON,PLAIN RIBBON,2.0025,PER YARD
27700-019-780,RIBBON,PLAIN RIBBON,2.0025,PER YARD
27700-019-785,RIBBON,PLAIN RIBBON,2.0025,PER YARD
27700-019-789,RIBBON,PLAIN RIBBON,2.0025,PER YARD
27700-019-793,RIBBON,PLAIN RIBBON,2.0025,PER YARD
27700-019-810,RIBBON,PLAIN RIBBON,2.0025,PER YARD
27700-019-812,RIBBON,PLAIN RIBBON,2.0025,PER YARD
27700-019-813,RIBBON,PLAIN RIBBON,2.0025,PER YARD
27700-019-814,RIBBON,PLAIN RIBBON,2.0025,PER YARD
27700-019-815,RIBBON,PLAIN RIBBON,2.0025,PER YARD
27700-019-818,RIBBON,PLAIN RIBBON,2.0025,PER YARD
27700-019-820,RIBBON,PLAIN RIBBON,2.0025,PER YARD
27700-019-823,RIBBON,PLAIN RIBBON,2.0025,PER YARD
27700-019-824,RIBBON,PLAIN RIBBON,2.0025,PER YARD
27700-019-826,RIBBON,PLAIN RIBBON,2.0025,PER YARD
27700-019-835,RIBBON,PLAIN RIBBON,2.0025,PER YARD
27700-019-836,RIBBON,PLAIN RIBBON,2.0025,PER YARD
27700-019-837,RIBBON,PLAIN RIBBON,2.0025,PER YARD
27700-019-838,RIBBON,PLAIN RIBBON,2.0025,PER YARD
27700-019-839,RIBBON,PLAIN RIBBON,2.0025,PER YARD
27700-019-840,RIBBON,PLAIN RIBBON,2.0025,PER YARD
27700-019-845,RIBBON,PLAIN RIBBON,2.0025,PER YARD
27700-019-846,RIBBON,PLAIN RIBBON,2.0025,PER YARD
27700-019-847,RIBBON,PLAIN RIBBON,2.0025,PER YARD
27700-019-850,RIBBON,PLAIN RIBBON,2.0025,PER YARD
27700-019-855,RIBBON,PLAIN RIBBON,2.0025,PER YARD
27700-019-860,RIBBON,PLAIN RIBBON,2.0025,PER YARD
27700-019-868,RIBBON,PLAIN RIBBON,2.0025,PER YARD
27700-019-869,RIBBON,PLAIN RIBBON,2.0025,PER YARD
27700-019-870,RIBBON,PLAIN RIBBON,2.0025,PER YARD
27700-025-000,RIBBON,PLAIN RIBBON,2.1671,PER YARD
27700-025-007,RIBBON,PLAIN RIBBON,2.7066,PER YARD
27700-025-009,RIBBON,PLAIN RIBBON,2.7066,PER YARD
27700-025-012,RIBBON,PLAIN RIBBON,2.7066,PER YARD
27700-025-017,RIBBON,PLAIN RIBBON,2.7066,PER YARD
27700-025-028,RIBBON,PLAIN RIBBON,2.7066,PER YARD
27700-025-077,RIBBON,PLAIN RIBBON,2.7066,PER YARD
27700-025-103,RIBBON,PLAIN RIBBON,2.7066,PER YARD
27700-025-105,RIBBON,PLAIN RIBBON,2.7066,PER YARD
27700-025-112,RIBBON,PLAIN RIBBON,2.7066,PER YARD
27700-025-115,RIBBON,PLAIN RIBBON,2.7066,PER YARD
27700-025-117,RIBBON,PLAIN RIBBON,2.7066,PER YARD
27700-025-123,RIBBON,PLAIN RIBBON,2.7066,PER YARD
27700-025-141,RIBBON,PLAIN RIBBON,2.7066,PER YARD
27700-025-146,RIBBON,PLAIN RIBBON,2.7066,PER YARD
27700-025-148,RIBBON,PLAIN RIBBON,2.7066,PER YARD
27700-025-149,RIBBON,PLAIN RIBBON,2.7066,PER YARD
27700-025-150,RIBBON,PLAIN RIBBON,2.7066,PER YARD
27700-025-151,RIBBON,PLAIN RIBBON,2.7066,PER YARD
27700-025-152,RIBBON,PLAIN RIBBON,2.7066,PER YARD
27700-025-153,RIBBON,PLAIN RIBBON,2.7066,PER YARD
27700-025-154,RIBBON,PLAIN RIBBON,2.7066,PER YARD
27700-025-155,RIBBON,PLAIN RIBBON,2.7066,PER YARD
27700-025-156,RIBBON,PLAIN RIBBON,2.7066,PER YARD
27700-025-157,RIBBON,PLAIN RIBBON,2.7066,PER YARD
27700-025-158,RIBBON,PLAIN RIBBON,2.7066,PER YARD
27700-025-159,RIBBON,PLAIN RIBBON,2.7066,PER YARD
27700-025-160,RIBBON,PLAIN RIBBON,2.7066,PER YARD
27700-025-161,RIBBON,PLAIN RIBBON,2.7066,PER YARD
27700-025-164,RIBBON,PLAIN RIBBON,2.7066,PER YARD
27700-025-165,RIBBON,PLAIN RIBBON,2.7066,PER YARD
27700-025-168,RIBBON,PLAIN RIBBON,2.7066,PER YARD
27700-025-169,RIBBON,PLAIN RIBBON,2.7066,PER YARD
27700-025-174,RIBBON,PLAIN RIBBON,2.7066,PER YARD
27700-025-175,RIBBON,PLAIN RIBBON,2.7066,PER YARD
27700-025-176,RIBBON,PLAIN RIBBON,2.7066,PER YARD
27700-025-177,RIBBON,PLAIN RIBBON,2.7066,PER YARD
27700-025-182,RIBBON,PLAIN RIBBON,2.7066,PER YARD
27700-025-183,RIBBON,PLAIN RIBBON,2.7066,PER YARD
27700-025-185,RIBBON,PLAIN RIBBON,2.7066,PER YARD
27700-025-187,RIBBON,PLAIN RIBBON,2.7066,PER YARD
27700-025-193,RIBBON,PLAIN RIBBON,2.7066,PER YARD
27700-025-198,RIBBON,PLAIN RIBBON,2.7066,PER YARD
27700-025-203,RIBBON,PLAIN RIBBON,2.7066,PER YARD
27700-025-210,RIBBON,PLAIN RIBBON,2.7066,PER YARD
27700-025-235,RIBBON,PLAIN RIBBON,2.7066,PER YARD
27700-025-238,RIBBON,PLAIN RIBBON,2.7066,PER YARD
27700-025-243,RIBBON,PLAIN RIBBON,2.7066,PER YARD
27700-025-250,RIBBON,PLAIN RIBBON,2.7066,PER YARD
27700-025-252,RIBBON,PLAIN RIBBON,2.7066,PER YARD
27700-025-260,RIBBON,PLAIN RIBBON,2.7066,PER YARD
27700-025-264,RIBBON,PLAIN RIBBON,2.7066,PER YARD
27700-025-275,RIBBON,PLAIN RIBBON,2.7066,PER YARD
27700-025-277,RIBBON,PLAIN RIBBON,2.7066,PER YARD
27700-025-285,RIBBON,PLAIN RIBBON,2.7066,PER YARD
27700-025-290,RIBBON,PLAIN RIBBON,2.7066,PER YARD
27700-025-303,RIBBON,PLAIN RIBBON,2.7066,PER YARD
27700-025-305,RIBBON,PLAIN RIBBON,2.7066,PER YARD
27700-025-307,RIBBON,PLAIN RIBBON,2.7066,PER YARD
27700-025-308,RIBBON,PLAIN RIBBON,2.7066,PER YARD
27700-025-311,RIBBON,PLAIN RIBBON,2.7066,PER YARD
27700-025-313,RIBBON,PLAIN RIBBON,2.7066,PER YARD
27700-025-314,RIBBON,PLAIN RIBBON,2.7066,PER YARD
27700-025-317,RIBBON,PLAIN RIBBON,2.7066,PER YARD
27700-025-322,RIBBON,PLAIN RIBBON,2.7066,PER YARD
27700-025-323,RIBBON,PLAIN RIBBON,2.7066,PER YARD
27700-025-324,RIBBON,PLAIN RIBBON,2.7066,PER YARD
27700-025-325,RIBBON,PLAIN RIBBON,2.7066,PER YARD
27700-025-326,RIBBON,PLAIN RIBBON,2.7066,PER YARD
27700-025-327,RIBBON,PLAIN RIBBON,2.7066,PER YARD
27700-025-328,RIBBON,PLAIN RIBBON,2.7066,PER YARD
27700-025-329,RIBBON,PLAIN RIBBON,2.7066,PER YARD
27700-025-330,RIBBON,PLAIN RIBBON,2.7066,PER YARD
27700-025-331,RIBBON,PLAIN RIBBON,2.7066,PER YARD
27700-025-332,RIBBON,PLAIN RIBBON,2.7066,PER YARD
27700-025-333,RIBBON,PLAIN RIBBON,2.7066,PER YARD
27700-025-335,RIBBON,PLAIN RIBBON,2.7066,PER YARD
27700-025-336,RIBBON,PLAIN RIBBON,2.7066,PER YARD
27700-025-337,RIBBON,PLAIN RIBBON,2.7066,PER YARD
27700-025-338,RIBBON,PLAIN RIBBON,2.7066,PER YARD
27700-025-340,RIBBON,PLAIN RIBBON,2.7066,PER YARD
27700-025-342,RIBBON,PLAIN RIBBON,2.7066,PER YARD
27700-025-343,RIBBON,PLAIN RIBBON,2.7066,PER YARD
27700-025-346,RIBBON,PLAIN RIBBON,2.7066,PER YARD
27700-025-347,RIBBON,PLAIN RIBBON,2.7066,PER YARD
27700-025-350,RIBBON,PLAIN RIBBON,2.7066,PER YARD
27700-025-352,RIBBON,PLAIN RIBBON,2.7066,PER YARD
27700-025-363,RIBBON,PLAIN RIBBON,2.7066,PER YARD
27700-025-365,RIBBON,PLAIN RIBBON,2.7066,PER YARD
27700-025-366,RIBBON,PLAIN RIBBON,2.7066,PER YARD
27700-025-369,RIBBON,PLAIN RIBBON,2.7066,PER YARD
27700-025-370,RIBBON,PLAIN RIBBON,2.7066,PER YARD
27700-025-371,RIBBON,PLAIN RIBBON,2.7066,PER YARD
27700-025-372,RIBBON,PLAIN RIBBON,2.7066,PER YARD
27700-025-373,RIBBON,PLAIN RIBBON,2.7066,PER YARD
27700-025-374,RIBBON,PLAIN RIBBON,2.7066,PER YARD
27700-025-420,RIBBON,PLAIN RIBBON,2.7066,PER YARD
27700-025-430,RIBBON,PLAIN RIBBON,2.7066,PER YARD
27700-025-434,RIBBON,PLAIN RIBBON,2.7066,PER YARD
27700-025-435,RIBBON,PLAIN RIBBON,2.7066,PER YARD
27700-025-447,RIBBON,PLAIN RIBBON,2.7066,PER YARD
27700-025-458,RIBBON,PLAIN RIBBON,2.7066,PER YARD
27700-025-462,RIBBON,PLAIN RIBBON,2.7066,PER YARD
27700-025-463,RIBBON,PLAIN RIBBON,2.7066,PER YARD
27700-025-464,RIBBON,PLAIN RIBBON,2.7066,PER YARD
27700-025-465,RIBBON,PLAIN RIBBON,2.7066,PER YARD
27700-025-467,RIBBON,PLAIN RIBBON,2.7066,PER YARD
27700-025-470,RIBBON,PLAIN RIBBON,2.7066,PER YARD
27700-025-473,RIBBON,PLAIN RIBBON,2.7066,PER YARD
27700-025-476,RIBBON,PLAIN RIBBON,2.7066,PER YARD
27700-025-477,RIBBON,PLAIN RIBBON,2.7066,PER YARD
27700-025-510,RIBBON,PLAIN RIBBON,2.7066,PER YARD
27700-025-513,RIBBON,PLAIN RIBBON,2.7066,PER YARD
27700-025-520,RIBBON,PLAIN RIBBON,2.7066,PER YARD
27700-025-524,RIBBON,PLAIN RIBBON,2.7066,PER YARD
27700-025-525,RIBBON,PLAIN RIBBON,2.7066,PER YARD
27700-025-530,RIBBON,PLAIN RIBBON,2.7066,PER YARD
27700-025-544,RIBBON,PLAIN RIBBON,2.7066,PER YARD
27700-025-548,RIBBON,PLAIN RIBBON,2.7066,PER YARD
27700-025-549,RIBBON,PLAIN RIBBON,2.7066,PER YARD
27700-025-550,RIBBON,PLAIN RIBBON,2.7066,PER YARD
27700-025-551,RIBBON,PLAIN RIBBON,2.7066,PER YARD
27700-025-552,RIBBON,PLAIN RIBBON,2.7066,PER YARD
27700-025-555,RIBBON,PLAIN RIBBON,2.7066,PER YARD
27700-025-556,RIBBON,PLAIN RIBBON,2.7066,PER YARD
27700-025-563,RIBBON,PLAIN RIBBON,2.7066,PER YARD
27700-025-564,RIBBON,PLAIN RIBBON,2.7066,PER YARD
27700-025-565,RIBBON,PLAIN RIBBON,2.7066,PER YARD
27700-025-566,RIBBON,PLAIN RIBBON,2.7066,PER YARD
27700-025-567,RIBBON,PLAIN RIBBON,2.7066,PER YARD
27700-025-569,RIBBON,PLAIN RIBBON,2.7066,PER YARD
27700-025-570,RIBBON,PLAIN RIBBON,2.7066,PER YARD
27700-025-572,RIBBON,PLAIN RIBBON,2.7066,PER YARD
27700-025-577,RIBBON,PLAIN RIBBON,2.7066,PER YARD
27700-025-579,RIBBON,PLAIN RIBBON,2.7066,PER YARD
27700-025-580,RIBBON,PLAIN RIBBON,2.7066,PER YARD
27700-025-583,RIBBON,PLAIN RIBBON,2.7066,PER YARD
27700-025-587,RIBBON,PLAIN RIBBON,2.7066,PER YARD
27700-025-589,RIBBON,PLAIN RIBBON,2.7066,PER YARD
27700-025-593,RIBBON,PLAIN RIBBON,2.7066,PER YARD
27700-025-600,RIBBON,PLAIN RIBBON,2.7066,PER YARD
27700-025-614,RIBBON,PLAIN RIBBON,2.7066,PER YARD
27700-025-617,RIBBON,PLAIN RIBBON,2.7066,PER YARD
27700-025-625,RIBBON,PLAIN RIBBON,2.7066,PER YARD
27700-025-640,RIBBON,PLAIN RIBBON,2.7066,PER YARD
27700-025-644,RIBBON,PLAIN RIBBON,2.7066,PER YARD
27700-025-645,RIBBON,PLAIN RIBBON,2.7066,PER YARD
27700-025-650,RIBBON,PLAIN RIBBON,2.7066,PER YARD
27700-025-660,RIBBON,PLAIN RIBBON,2.7066,PER YARD
27700-025-662,RIBBON,PLAIN RIBBON,2.7066,PER YARD
27700-025-668,RIBBON,PLAIN RIBBON,2.7066,PER YARD
27700-025-675,RIBBON,PLAIN RIBBON,2.7066,PER YARD
27700-025-686,RIBBON,PLAIN RIBBON,2.7066,PER YARD
27700-025-687,RIBBON,PLAIN RIBBON,2.7066,PER YARD
27700-025-690,RIBBON,PLAIN RIBBON,2.7066,PER YARD
27700-025-693,RIBBON,PLAIN RIBBON,2.7066,PER YARD
27700-025-714,RIBBON,PLAIN RIBBON,2.7066,PER YARD
27700-025-720,RIBBON,PLAIN RIBBON,2.7066,PER YARD
27700-025-743,RIBBON,PLAIN RIBBON,2.7066,PER YARD
27700-025-750,RIBBON,PLAIN RIBBON,2.7066,PER YARD
27700-025-751,RIBBON,PLAIN RIBBON,2.7066,PER YARD
27700-025-761,RIBBON,PLAIN RIBBON,2.7066,PER YARD
27700-025-765,RIBBON,PLAIN RIBBON,2.7066,PER YARD
27700-025-777,RIBBON,PLAIN RIBBON,2.7066,PER YARD
27700-025-779,RIBBON,PLAIN RIBBON,2.7066,PER YARD
27700-025-780,RIBBON,PLAIN RIBBON,2.7066,PER YARD
27700-025-785,RIBBON,PLAIN RIBBON,2.7066,PER YARD
27700-025-789,RIBBON,PLAIN RIBBON,2.7066,PER YARD
27700-025-793,RIBBON,PLAIN RIBBON,2.7066,PER YARD
27700-025-810,RIBBON,PLAIN RIBBON,2.7066,PER YARD
27700-025-812,RIBBON,PLAIN RIBBON,2.7066,PER YARD
27700-025-813,RIBBON,PLAIN RIBBON,2.7066,PER YARD
27700-025-814,RIBBON,PLAIN RIBBON,2.7066,PER YARD
27700-025-815,RIBBON,PLAIN RIBBON,2.7066,PER YARD
27700-025-818,RIBBON,PLAIN RIBBON,2.7066,PER YARD
27700-025-820,RIBBON,PLAIN RIBBON,2.7066,PER YARD
27700-025-823,RIBBON,PLAIN RIBBON,2.7066,PER YARD
27700-025-824,RIBBON,PLAIN RIBBON,2.7066,PER YARD
27700-025-826,RIBBON,PLAIN RIBBON,2.7066,PER YARD
27700-025-835,RIBBON,PLAIN RIBBON,2.7066,PER YARD
27700-025-836,RIBBON,PLAIN RIBBON,2.7066,PER YARD
27700-025-837,RIBBON,PLAIN RIBBON,2.7066,PER YARD
27700-025-838,RIBBON,PLAIN RIBBON,2.7066,PER YARD
27700-025-839,RIBBON,PLAIN RIBBON,2.7066,PER YARD
27700-025-840,RIBBON,PLAIN RIBBON,2.7066,PER YARD
27700-025-845,RIBBON,PLAIN RIBBON,2.7066,PER YARD
27700-025-846,RIBBON,PLAIN RIBBON,2.7066,PER YARD
27700-025-847,RIBBON,PLAIN RIBBON,2.7066,PER YARD
27700-025-850,RIBBON,PLAIN RIBBON,2.7066,PER YARD
27700-025-855,RIBBON,PLAIN RIBBON,2.7066,PER YARD
27700-025-860,RIBBON,PLAIN RIBBON,2.7066,PER YARD
27700-025-868,RIBBON,PLAIN RIBBON,2.7066,PER YARD
27700-025-869,RIBBON,PLAIN RIBBON,2.7066,PER YARD
27700-025-870,RIBBON,PLAIN RIBBON,2.7066,PER YARD
27700-032-029,RIBBON,PLAIN RIBBON,3.5204,PER YARD
27700-032-150-3080,RIBBON,PLAIN RIBBON,4.4074,PER YARD
27700-032-374,RIBBON,PLAIN RIBBON,4.0051,PER YARD
27700-032-826,RIBBON,PLAIN RIBBON,4.0051,PER YARD
27700-038-007,RIBBON,PLAIN RIBBON,4.2062,PER YARD
27700-038-030-10450,RIBBON,PLAIN RIBBON,,PER YARD
27700-038-115,RIBBON,PLAIN RIBBON,4.2062,PER YARD
27700-038-250,RIBBON,PLAIN RIBBON,6.0076,PER YARD
27700-038-365,RIBBON,PLAIN RIBBON,,PER YARD
27700-038-563,RIBBON,PLAIN RIBBON,6.7285,PER YARD
27700-038-835,RIBBON,PLAIN RIBBON,,PER YARD
27700-050-370,RIBBON,PLAIN RIBBON,,PER YARD
27788-006-A001,RIBBON,TO CONFIRM,2.5603,PER YARD
27788-006-A002,RIBBON,TO CONFIRM,2.6755,PER YARD
27788-006-A003,RIBBON,TO CONFIRM,2.6755,PER YARD
27788-006-A004,RIBBON,TO CONFIRM,2.6755,PER YARD
27788-006-A006,RIBBON,TO CONFIRM,2.5603,PER YARD
27788-006-A010,RIBBON,TO CONFIRM,2.5603,PER YARD
27788-006-A011,RIBBON,TO CONFIRM,2.5603,PER YARD
27788-006-A012,RIBBON,TO CONFIRM,2.6755,PER YARD
27788-006-A016,RIBBON,TO CONFIRM,2.5603,PER YARD
27788-006-A019,RIBBON,TO CONFIRM,2.6755,PER YARD
27788-006-A020,RIBBON,TO CONFIRM,2.5603,PER YARD
27788-006-A022,RIBBON,TO CONFIRM,2.6755,PER YARD
27788-006-A023,RIBBON,TO CONFIRM,2.6755,PER YARD
27788-006-A024,RIBBON,TO CONFIRM,2.5603,PER YARD
27788-006-A025,RIBBON,TO CONFIRM,2.6755,PER YARD
27788-006-A026,RIBBON,TO CONFIRM,2.6755,PER YARD
27788-006-A027,RIBBON,TO CONFIRM,2.6755,PER YARD
27788-006-A029,RIBBON,TO CONFIRM,2.6755,PER YARD
27788-006-A030,RIBBON,TO CONFIRM,2.6755,PER YARD
27788-006-A031,RIBBON,TO CONFIRM,2.6755,PER YARD
27788-006-A032,RIBBON,TO CONFIRM,2.6755,PER YARD
27788-006-A033,RIBBON,TO CONFIRM,2.5603,PER YARD
27788-006-A034,RIBBON,TO CONFIRM,2.6755,PER YARD
27788-006-A035,RIBBON,TO CONFIRM,2.8164,PER YARD
27788-006-A036,RIBBON,TO CONFIRM,2.6755,PER YARD
27788-006-A037,RIBBON,TO CONFIRM,2.6755,PER YARD
27788-006-A038,RIBBON,TO CONFIRM,2.6755,PER YARD
27788-006-A039,RIBBON,TO CONFIRM,2.6755,PER YARD
27788-006-A040,RIBBON,TO CONFIRM,2.6755,PER YARD
27788-006-A041,RIBBON,TO CONFIRM,2.6755,PER YARD
27788-006-A044,RIBBON,TO CONFIRM,2.6755,PER YARD
27788-006-A045,RIBBON,TO CONFIRM,2.6755,PER YARD
27788-006-A046,RIBBON,TO CONFIRM,2.6755,PER YARD
27788-006-A047,RIBBON,TO CONFIRM,2.5603,PER YARD
27788-006-A048,RIBBON,TO CONFIRM,2.6755,PER YARD
27788-006-A050,RIBBON,TO CONFIRM,2.6755,PER YARD
27788-006-A051,RIBBON,TO CONFIRM,2.6755,PER YARD
27788-006-A052,RIBBON,TO CONFIRM,2.6755,PER YARD
27788-006-A053,RIBBON,TO CONFIRM,2.5603,PER YARD
27788-006-A054,RIBBON,TO CONFIRM,2.5603,PER YARD
27788-006-A055,RIBBON,TO CONFIRM,2.6755,PER YARD
27788-006-A056,RIBBON,TO CONFIRM,2.6755,PER YARD
27788-006-A057,RIBBON,TO CONFIRM,2.6755,PER YARD
27788-006-A059,RIBBON,TO CONFIRM,2.5603,PER YARD
27788-006-A060,RIBBON,TO CONFIRM,2.6755,PER YARD
27788-006-A061,RIBBON,TO CONFIRM,2.6755,PER YARD
27788-006-A062,RIBBON,TO CONFIRM,2.5603,PER YARD
27788-006-A063,RIBBON,TO CONFIRM,2.6755,PER YARD
27788-006-A064,RIBBON,TO CONFIRM,2.5603,PER YARD
27788-006-A065,RIBBON,TO CONFIRM,2.6755,PER YARD
27788-006-A066,RIBBON,TO CONFIRM,2.6755,PER YARD
27788-006-A069,RIBBON,TO CONFIRM,2.5603,PER YARD
27788-006-A070,RIBBON,TO CONFIRM,2.6755,PER YARD
27788-006-A071,RIBBON,TO CONFIRM,2.6755,PER YARD
27788-006-A072,RIBBON,TO CONFIRM,2.6755,PER YARD
27788-006-A074,RIBBON,TO CONFIRM,2.6755,PER YARD
27788-006-A075,RIBBON,TO CONFIRM,2.6755,PER YARD
27788-006-A076,RIBBON,TO CONFIRM,2.5603,PER YARD
27788-009-A001,RIBBON,TO CONFIRM,3.0056,PER YARD
27788-009-A002,RIBBON,TO CONFIRM,3.0056,PER YARD
27788-009-A004,RIBBON,TO CONFIRM,3.0056,PER YARD
27788-009-A006,RIBBON,TO CONFIRM,2.8804,PER YARD
27788-009-A010,RIBBON,TO CONFIRM,3.0056,PER YARD
27788-009-A011,RIBBON,TO CONFIRM,2.8804,PER YARD
27788-009-A012,RIBBON,TO CONFIRM,3.0056,PER YARD
27788-009-A019,RIBBON,TO CONFIRM,3.0056,PER YARD
27788-009-A020,RIBBON,TO CONFIRM,2.8804,PER YARD
27788-009-A022,RIBBON,TO CONFIRM,3.0056,PER YARD
27788-009-A023,RIBBON,TO CONFIRM,3.0056,PER YARD
27788-009-A024,RIBBON,TO CONFIRM,2.8804,PER YARD
27788-009-A025,RIBBON,TO CONFIRM,3.0056,PER YARD
27788-009-A026,RIBBON,TO CONFIRM,3.1638,PER YARD
27788-009-A027,RIBBON,TO CONFIRM,3.0056,PER YARD
27788-009-A029,RIBBON,TO CONFIRM,3.0056,PER YARD
27788-009-A030,RIBBON,TO CONFIRM,3.0056,PER YARD
27788-009-A031,RIBBON,TO CONFIRM,3.1638,PER YARD
27788-009-A033,RIBBON,TO CONFIRM,,PER YARD
27788-009-A035,RIBBON,TO CONFIRM,2.8804,PER YARD
27788-009-A036,RIBBON,TO CONFIRM,2.8804,PER YARD
27788-009-A037,RIBBON,TO CONFIRM,3.0056,PER YARD
27788-009-A039,RIBBON,TO CONFIRM,3.0056,PER YARD
27788-009-A040,RIBBON,TO CONFIRM,3.0056,PER YARD
27788-009-A044,RIBBON,TO CONFIRM,3.0056,PER YARD
27788-009-A045,RIBBON,TO CONFIRM,3.0056,PER YARD
27788-009-A046,RIBBON,TO CONFIRM,3.0056,PER YARD
27788-009-A047,RIBBON,TO CONFIRM,3.0056,PER YARD
27788-009-A048,RIBBON,TO CONFIRM,3.0056,PER YARD
27788-009-A050,RIBBON,TO CONFIRM,3.0056,PER YARD
27788-009-A051,RIBBON,TO CONFIRM,3.0056,PER YARD
27788-009-A052,RIBBON,TO CONFIRM,3.0056,PER YARD
27788-009-A053,RIBBON,TO CONFIRM,2.8804,PER YARD
27788-009-A054,RIBBON,TO CONFIRM,3.1638,PER YARD
27788-009-A056,RIBBON,TO CONFIRM,3.0056,PER YARD
27788-009-A057,RIBBON,TO CONFIRM,3.0056,PER YARD
27788-009-A058,RIBBON,TO CONFIRM,3.0056,PER YARD
27788-009-A059,RIBBON,TO CONFIRM,3.0056,PER YARD
27788-009-A060,RIBBON,TO CONFIRM,3.0056,PER YARD
27788-009-A061,RIBBON,TO CONFIRM,3.0056,PER YARD
27788-009-A062,RIBBON,TO CONFIRM,2.8804,PER YARD
27788-009-A063,RIBBON,TO CONFIRM,2.8804,PER YARD
27788-009-A064,RIBBON,TO CONFIRM,3.0056,PER YARD
27788-009-A065,RIBBON,TO CONFIRM,3.0056,PER YARD
27788-009-A066,RIBBON,TO CONFIRM,3.0056,PER YARD
27788-009-A067,RIBBON,TO CONFIRM,3.0056,PER YARD
27788-009-A068,RIBBON,TO CONFIRM,3.0056,PER YARD
27788-009-A069,RIBBON,TO CONFIRM,2.8804,PER YARD
27788-009-A071,RIBBON,TO CONFIRM,3.0056,PER YARD
27788-009-A072,RIBBON,TO CONFIRM,3.0056,PER YARD
27788-009-A074,RIBBON,TO CONFIRM,3.0056,PER YARD
27788-009-A075,RIBBON,TO CONFIRM,3.0056,PER YARD
27788-009-A076,RIBBON,TO CONFIRM,3.0056,PER YARD
27788-009-A301,RIBBON,TO CONFIRM,3.2004,PER YARD
27788-009-A302,RIBBON,TO CONFIRM,3.3444,PER YARD
27788-009-A303,RIBBON,TO CONFIRM,3.3444,PER YARD
27788-009-A304,RIBBON,TO CONFIRM,3.3444,PER YARD
27788-009-A305,RIBBON,TO CONFIRM,3.2004,PER YARD
27788-009-A306,RIBBON,TO CONFIRM,3.2004,PER YARD
27788-009-A307,RIBBON,TO CONFIRM,3.2004,PER YARD
27788-009-A308,RIBBON,TO CONFIRM,3.2004,PER YARD
27788-009-A309,RIBBON,TO CONFIRM,3.3444,PER YARD
27788-009-A310,RIBBON,TO CONFIRM,3.3444,PER YARD
27788-009-A311,RIBBON,TO CONFIRM,3.2004,PER YARD
27788-009-A312,RIBBON,TO CONFIRM,3.2004,PER YARD
27788-009-A313,RIBBON,TO CONFIRM,3.3444,PER YARD
27788-009-A314,RIBBON,TO CONFIRM,3.3444,PER YARD
27788-009-A316,RIBBON,TO CONFIRM,3.2004,PER YARD
27788-009-A317,RIBBON,TO CONFIRM,3.3444,PER YARD
27788-009-A401,RIBBON,TO CONFIRM,3.5204,PER YARD
27788-009-A402,RIBBON,TO CONFIRM,3.6745,PER YARD
27788-009-A403,RIBBON,TO CONFIRM,3.5204,PER YARD
27788-009-B001,RIBBON,TO CONFIRM,3.5095,PER YARD
27788-009-B002,RIBBON,TO CONFIRM,3.5095,PER YARD
27788-009-B003,RIBBON,TO CONFIRM,3.5095,PER YARD
27788-009-B004,RIBBON,TO CONFIRM,3.3558,PER YARD
27788-009-B006,RIBBON,TO CONFIRM,3.5095,PER YARD
27788-009-B007,RIBBON,TO CONFIRM,3.5095,PER YARD
27788-009-B008,RIBBON,TO CONFIRM,3.5095,PER YARD
27788-009-B009,RIBBON,TO CONFIRM,3.5095,PER YARD
27788-009-B010,RIBBON,TO CONFIRM,3.5095,PER YARD
27788-009-B011,RIBBON,TO CONFIRM,3.5095,PER YARD
27788-009-B012,RIBBON,TO CONFIRM,3.5095,PER YARD
27788-009-B013,RIBBON,TO CONFIRM,3.5188,PER YARD
27788-009-B014,RIBBON,TO CONFIRM,3.3558,PER YARD
27788-009-B015,RIBBON,TO CONFIRM,3.5188,PER YARD
27788-009-B016,RIBBON,TO CONFIRM,3.3558,PER YARD
27788-009-B017,RIBBON,TO CONFIRM,3.36,PER YARD
27788-009-B018,RIBBON,TO CONFIRM,3.6698,PER YARD
27788-009-B401,RIBBON,TO CONFIRM,3.0581,PER YARD
27788-009-B402,RIBBON,TO CONFIRM,3.0581,PER YARD
27788-009-C003,RIBBON,TO CONFIRM,3.0581,PER YARD
27788-009-C401,RIBBON,TO CONFIRM,3.0581,PER YARD
27788-013-A001,RIBBON,TO CONFIRM,3.3444,PER YARD
27788-013-A002,RIBBON,TO CONFIRM,3.3444,PER YARD
27788-013-A003,RIBBON,TO CONFIRM,3.3444,PER YARD
27788-013-A004,RIBBON,TO CONFIRM,3.3444,PER YARD
27788-013-A010,RIBBON,TO CONFIRM,3.3444,PER YARD
27788-013-A011,RIBBON,TO CONFIRM,3.2004,PER YARD
27788-013-A012,RIBBON,TO CONFIRM,3.3444,PER YARD
27788-013-A016,RIBBON,TO CONFIRM,3.2004,PER YARD
27788-013-A019,RIBBON,TO CONFIRM,3.3444,PER YARD
27788-013-A020,RIBBON,TO CONFIRM,3.2004,PER YARD
27788-013-A022,RIBBON,TO CONFIRM,3.3444,PER YARD
27788-013-A023,RIBBON,TO CONFIRM,3.3444,PER YARD
27788-013-A024,RIBBON,TO CONFIRM,3.2004,PER YARD
27788-013-A025,RIBBON,TO CONFIRM,3.3444,PER YARD
27788-013-A026,RIBBON,TO CONFIRM,3.3444,PER YARD
27788-013-A029,RIBBON,TO CONFIRM,3.3444,PER YARD
27788-013-A030,RIBBON,TO CONFIRM,3.3444,PER YARD
27788-013-A031,RIBBON,TO CONFIRM,3.3444,PER YARD
27788-013-A033,RIBBON,TO CONFIRM,3.2004,PER YARD
27788-013-A034,RIBBON,TO CONFIRM,3.3444,PER YARD
27788-013-A035,RIBBON,TO CONFIRM,3.3444,PER YARD
27788-013-A036,RIBBON,TO CONFIRM,3.3444,PER YARD
27788-013-A037,RIBBON,TO CONFIRM,3.3444,PER YARD
27788-013-A038,RIBBON,TO CONFIRM,3.3444,PER YARD
27788-013-A039,RIBBON,TO CONFIRM,3.5204,PER YARD
27788-013-A040,RIBBON,TO CONFIRM,3.3444,PER YARD
27788-013-A041,RIBBON,TO CONFIRM,3.3444,PER YARD
27788-013-A044,RIBBON,TO CONFIRM,3.3444,PER YARD
27788-013-A045,RIBBON,TO CONFIRM,3.3444,PER YARD
27788-013-A046,RIBBON,TO CONFIRM,3.3444,PER YARD
27788-013-A047,RIBBON,TO CONFIRM,3.3444,PER YARD
27788-013-A048,RIBBON,TO CONFIRM,3.3444,PER YARD
27788-013-A050,RIBBON,TO CONFIRM,3.3444,PER YARD
27788-013-A051,RIBBON,TO CONFIRM,3.3444,PER YARD
27788-013-A052,RIBBON,TO CONFIRM,3.3444,PER YARD
27788-013-A053,RIBBON,TO CONFIRM,3.3444,PER YARD
27788-013-A054,RIBBON,TO CONFIRM,3.2004,PER YARD
27788-013-A055,RIBBON,TO CONFIRM,3.3444,PER YARD
27788-013-A056,RIBBON,TO CONFIRM,3.3444,PER YARD
27788-013-A057,RIBBON,TO CONFIRM,3.3444,PER YARD
27788-013-A058,RIBBON,TO CONFIRM,3.3444,PER YARD
27788-013-A059,RIBBON,TO CONFIRM,3.3444,PER YARD
27788-013-A060,RIBBON,TO CONFIRM,3.3444,PER YARD
27788-013-A061,RIBBON,TO CONFIRM,3.3444,PER YARD
27788-013-A062,RIBBON,TO CONFIRM,3.3444,PER YARD
27788-013-A063,RIBBON,TO CONFIRM,3.3444,PER YARD
27788-013-A064,RIBBON,TO CONFIRM,3.3444,PER YARD
27788-013-A065,RIBBON,TO CONFIRM,3.3444,PER YARD
27788-013-A066,RIBBON,TO CONFIRM,3.2004,PER YARD
27788-013-A069,RIBBON,TO CONFIRM,3.2004,PER YARD
27788-013-A071,RIBBON,TO CONFIRM,3.3444,PER YARD
27788-013-A072,RIBBON,TO CONFIRM,3.3444,PER YARD
27788-013-A074,RIBBON,TO CONFIRM,3.3444,PER YARD
27788-013-A075,RIBBON,TO CONFIRM,3.3444,PER YARD
27788-013-A076,RIBBON,TO CONFIRM,3.3444,PER YARD
27788-016-A001,RIBBON,TO CONFIRM,3.8483,PER YARD
27788-016-A003,RIBBON,TO CONFIRM,3.8483,PER YARD
27788-016-A004,RIBBON,TO CONFIRM,3.8483,PER YARD
27788-016-A010,RIBBON,TO CONFIRM,3.8483,PER YARD
27788-016-A012,RIBBON,TO CONFIRM,3.8483,PER YARD
27788-016-A019,RIBBON,TO CONFIRM,3.8483,PER YARD
27788-016-A020,RIBBON,TO CONFIRM,3.8483,PER YARD
27788-016-A022,RIBBON,TO CONFIRM,3.8483,PER YARD
27788-016-A024,RIBBON,TO CONFIRM,3.6759,PER YARD
27788-016-A025,RIBBON,TO CONFIRM,3.8483,PER YARD
27788-016-A026,RIBBON,TO CONFIRM,3.8483,PER YARD
27788-016-A027,RIBBON,TO CONFIRM,3.8483,PER YARD
27788-016-A029,RIBBON,TO CONFIRM,3.8483,PER YARD
27788-016-A030,RIBBON,TO CONFIRM,3.8483,PER YARD
27788-016-A031,RIBBON,TO CONFIRM,3.8483,PER YARD
27788-016-A032,RIBBON,TO CONFIRM,3.8483,PER YARD
27788-016-A033,RIBBON,TO CONFIRM,3.6759,PER YARD
27788-016-A034,RIBBON,TO CONFIRM,3.8483,PER YARD
27788-016-A035,RIBBON,TO CONFIRM,3.8483,PER YARD
27788-016-A036,RIBBON,TO CONFIRM,3.6759,PER YARD
27788-016-A037,RIBBON,TO CONFIRM,3.8483,PER YARD
27788-016-A038,RIBBON,TO CONFIRM,3.8483,PER YARD
27788-016-A039,RIBBON,TO CONFIRM,3.8483,PER YARD
27788-016-A040,RIBBON,TO CONFIRM,3.8483,PER YARD
27788-016-A041,RIBBON,TO CONFIRM,3.8483,PER YARD
27788-016-A044,RIBBON,TO CONFIRM,3.8483,PER YARD
27788-016-A045,RIBBON,TO CONFIRM,3.6759,PER YARD
27788-016-A047,RIBBON,TO CONFIRM,3.6759,PER YARD
27788-016-A048,RIBBON,TO CONFIRM,3.6759,PER YARD
27788-016-A050,RIBBON,TO CONFIRM,3.8483,PER YARD
27788-016-A051,RIBBON,TO CONFIRM,3.8483,PER YARD
27788-016-A052,RIBBON,TO CONFIRM,3.8483,PER YARD
27788-016-A053,RIBBON,TO CONFIRM,3.8483,PER YARD
27788-016-A054,RIBBON,TO CONFIRM,3.945,PER YARD
27788-016-A055,RIBBON,TO CONFIRM,3.8483,PER YARD
27788-016-A056,RIBBON,TO CONFIRM,3.8483,PER YARD
27788-016-A058,RIBBON,TO CONFIRM,3.8483,PER YARD
27788-016-A059,RIBBON,TO CONFIRM,3.8483,PER YARD
27788-016-A060,RIBBON,TO CONFIRM,3.8483,PER YARD
27788-016-A061,RIBBON,TO CONFIRM,3.8483,PER YARD
27788-016-A062,RIBBON,TO CONFIRM,3.6759,PER YARD
27788-016-A063,RIBBON,TO CONFIRM,3.8483,PER YARD
27788-016-A064,RIBBON,TO CONFIRM,3.8483,PER YARD
27788-016-A065,RIBBON,TO CONFIRM,3.8483,PER YARD
27788-016-A066,RIBBON,TO CONFIRM,3.6759,PER YARD
27788-016-A069,RIBBON,TO CONFIRM,3.6759,PER YARD
27788-016-A070,RIBBON,TO CONFIRM,3.8483,PER YARD
27788-016-A071,RIBBON,TO CONFIRM,3.8483,PER YARD
27788-016-A072,RIBBON,TO CONFIRM,3.8483,PER YARD
27788-016-A074,RIBBON,TO CONFIRM,3.8483,PER YARD
27788-016-A076,RIBBON,TO CONFIRM,3.8483,PER YARD
27788-016-A301,RIBBON,TO CONFIRM,4.8472,PER YARD
27788-016-A302,RIBBON,TO CONFIRM,4.636,PER YARD
27788-016-A303,RIBBON,TO CONFIRM,4.8472,PER YARD
27788-016-A304,RIBBON,TO CONFIRM,4.8472,PER YARD
27788-016-A305,RIBBON,TO CONFIRM,4.8472,PER YARD
27788-016-A306,RIBBON,TO CONFIRM,4.8472,PER YARD
27788-016-A307,RIBBON,TO CONFIRM,4.8472,PER YARD
27788-016-A308,RIBBON,TO CONFIRM,4.8472,PER YARD
27788-016-A309,RIBBON,TO CONFIRM,4.8472,PER YARD
27788-016-A310,RIBBON,TO CONFIRM,4.8472,PER YARD
27788-016-A311,RIBBON,TO CONFIRM,4.8472,PER YARD
27788-016-A313,RIBBON,TO CONFIRM,4.8472,PER YARD
27788-016-A316,RIBBON,TO CONFIRM,4.636,PER YARD
27788-016-A317,RIBBON,TO CONFIRM,4.8472,PER YARD
27788-016-A401,RIBBON,TO CONFIRM,5.3511,PER YARD
27788-016-A402,RIBBON,TO CONFIRM,5.3511,PER YARD
27788-016-A403,RIBBON,TO CONFIRM,5.1206,PER YARD
27788-016-B001,RIBBON,TO CONFIRM,4.5171,PER YARD
27788-016-B002,RIBBON,TO CONFIRM,4.5171,PER YARD
27788-016-B004,RIBBON,TO CONFIRM,4.316,PER YARD
27788-016-B006,RIBBON,TO CONFIRM,4.5171,PER YARD
27788-016-B007,RIBBON,TO CONFIRM,4.5171,PER YARD
27788-016-B008,RIBBON,TO CONFIRM,4.316,PER YARD
27788-016-B009,RIBBON,TO CONFIRM,4.316,PER YARD
27788-016-B011,RIBBON,TO CONFIRM,4.5171,PER YARD
27788-016-B012,RIBBON,TO CONFIRM,4.5171,PER YARD
27788-016-B013,RIBBON,TO CONFIRM,4.5171,PER YARD
27788-016-B014,RIBBON,TO CONFIRM,4.5171,PER YARD
27788-016-B015,RIBBON,TO CONFIRM,4.5171,PER YARD
27788-016-B016,RIBBON,TO CONFIRM,4.5171,PER YARD
27788-016-B017,RIBBON,TO CONFIRM,4.5171,PER YARD
27788-016-B018,RIBBON,TO CONFIRM,4.5171,PER YARD
27788-016-B401,RIBBON,TO CONFIRM,5.0123,PER YARD
27788-016-B402,RIBBON,TO CONFIRM,5.0123,PER YARD
27788-016-C401,RIBBON,TO CONFIRM,5.5161,PER YARD
27788-019-A001,RIBBON,TO CONFIRM,4.0133,PER YARD
27788-019-A002,RIBBON,TO CONFIRM,4.0133,PER YARD
27788-019-A003,RIBBON,TO CONFIRM,4.0133,PER YARD
27788-019-A004,RIBBON,TO CONFIRM,4.0133,PER YARD
27788-019-A010,RIBBON,TO CONFIRM,4.0133,PER YARD
27788-019-A011,RIBBON,TO CONFIRM,3.8405,PER YARD
27788-019-A019,RIBBON,TO CONFIRM,4.0133,PER YARD
27788-019-A020,RIBBON,TO CONFIRM,3.8405,PER YARD
27788-019-A022,RIBBON,TO CONFIRM,4.0133,PER YARD
27788-019-A024,RIBBON,TO CONFIRM,4.0133,PER YARD
27788-019-A026,RIBBON,TO CONFIRM,4.0133,PER YARD
27788-019-A029,RIBBON,TO CONFIRM,4.0133,PER YARD
27788-019-A030,RIBBON,TO CONFIRM,4.0133,PER YARD
27788-019-A031,RIBBON,TO CONFIRM,4.0133,PER YARD
27788-019-A032,RIBBON,TO CONFIRM,4.0133,PER YARD
27788-019-A033,RIBBON,TO CONFIRM,3.8405,PER YARD
27788-019-A034,RIBBON,TO CONFIRM,4.0133,PER YARD
27788-019-A035,RIBBON,TO CONFIRM,4.0133,PER YARD
27788-019-A036,RIBBON,TO CONFIRM,4.0133,PER YARD
27788-019-A037,RIBBON,TO CONFIRM,4.0133,PER YARD
27788-019-A038,RIBBON,TO CONFIRM,4.0133,PER YARD
27788-019-A040,RIBBON,TO CONFIRM,4.0133,PER YARD
27788-019-A041,RIBBON,TO CONFIRM,4.0133,PER YARD
27788-019-A044,RIBBON,TO CONFIRM,4.0133,PER YARD
27788-019-A045,RIBBON,TO CONFIRM,4.0133,PER YARD
27788-019-A046,RIBBON,TO CONFIRM,4.0133,PER YARD
27788-019-A047,RIBBON,TO CONFIRM,4.0133,PER YARD
27788-019-A048,RIBBON,TO CONFIRM,4.0133,PER YARD
27788-019-A050,RIBBON,TO CONFIRM,4.0133,PER YARD
27788-019-A051,RIBBON,TO CONFIRM,4.0133,PER YARD
27788-019-A052,RIBBON,TO CONFIRM,4.0133,PER YARD
27788-019-A054,RIBBON,TO CONFIRM,3.8405,PER YARD
27788-019-A055,RIBBON,TO CONFIRM,4.0133,PER YARD
27788-019-A056,RIBBON,TO CONFIRM,4.0133,PER YARD
27788-019-A057,RIBBON,TO CONFIRM,4.0133,PER YARD
27788-019-A058,RIBBON,TO CONFIRM,4.0133,PER YARD
27788-019-A059,RIBBON,TO CONFIRM,4.0133,PER YARD
27788-019-A060,RIBBON,TO CONFIRM,4.0133,PER YARD
27788-019-A061,RIBBON,TO CONFIRM,4.0133,PER YARD
27788-019-A062,RIBBON,TO CONFIRM,3.8405,PER YARD
27788-019-A063,RIBBON,TO CONFIRM,4.0133,PER YARD
27788-019-A064,RIBBON,TO CONFIRM,4.0133,PER YARD
27788-019-A066,RIBBON,TO CONFIRM,4.0133,PER YARD
27788-019-A069,RIBBON,TO CONFIRM,4.0133,PER YARD
27788-019-A070,RIBBON,TO CONFIRM,4.0133,PER YARD
27788-019-A071,RIBBON,TO CONFIRM,4.0133,PER YARD
27788-019-A072,RIBBON,TO CONFIRM,4.0133,PER YARD
27788-019-A074,RIBBON,TO CONFIRM,4.0133,PER YARD
27788-019-A075,RIBBON,TO CONFIRM,4.0133,PER YARD
27788-019-A076,RIBBON,TO CONFIRM,4.0133,PER YARD
27788-019-B001,RIBBON,TO CONFIRM,,PER YARD
27788-019-B002,RIBBON,TO CONFIRM,,PER YARD
27788-022-A001,RIBBON,TO CONFIRM,5.0123,PER YARD
27788-022-A002,RIBBON,TO CONFIRM,5.0123,PER YARD
27788-022-A003,RIBBON,TO CONFIRM,5.0123,PER YARD
27788-022-A004,RIBBON,TO CONFIRM,5.0123,PER YARD
27788-022-A010,RIBBON,TO CONFIRM,5.0123,PER YARD
27788-022-A012,RIBBON,TO CONFIRM,5.0123,PER YARD
27788-022-A019,RIBBON,TO CONFIRM,5.0123,PER YARD
27788-022-A020,RIBBON,TO CONFIRM,5.0123,PER YARD
27788-022-A022,RIBBON,TO CONFIRM,5.0123,PER YARD
27788-022-A023,RIBBON,TO CONFIRM,5.0123,PER YARD
27788-022-A024,RIBBON,TO CONFIRM,4.8006,PER YARD
27788-022-A025,RIBBON,TO CONFIRM,5.0123,PER YARD
27788-022-A026,RIBBON,TO CONFIRM,5.0123,PER YARD
27788-022-A027,RIBBON,TO CONFIRM,5.0123,PER YARD
27788-022-A029,RIBBON,TO CONFIRM,5.0123,PER YARD
27788-022-A030,RIBBON,TO CONFIRM,5.0123,PER YARD
27788-022-A031,RIBBON,TO CONFIRM,5.0123,PER YARD
27788-022-A032,RIBBON,TO CONFIRM,5.0123,PER YARD
27788-022-A033,RIBBON,TO CONFIRM,5.0123,PER YARD
27788-022-A034,RIBBON,TO CONFIRM,5.0123,PER YARD
27788-022-A035,RIBBON,TO CONFIRM,4.8006,PER YARD
27788-022-A036,RIBBON,TO CONFIRM,5.0123,PER YARD
27788-022-A037,RIBBON,TO CONFIRM,5.0123,PER YARD
27788-022-A038,RIBBON,TO CONFIRM,5.0123,PER YARD
27788-022-A039,RIBBON,TO CONFIRM,5.0123,PER YARD
27788-022-A040,RIBBON,TO CONFIRM,5.0123,PER YARD
27788-022-A041,RIBBON,TO CONFIRM,5.0123,PER YARD
27788-022-A044,RIBBON,TO CONFIRM,5.0123,PER YARD
27788-022-A045,RIBBON,TO CONFIRM,5.0123,PER YARD
27788-022-A046,RIBBON,TO CONFIRM,5.0123,PER YARD
27788-022-A047,RIBBON,TO CONFIRM,5.0123,PER YARD
27788-022-A048,RIBBON,TO CONFIRM,5.0123,PER YARD
27788-022-A050,RIBBON,TO CONFIRM,5.0123,PER YARD
27788-022-A051,RIBBON,TO CONFIRM,5.0123,PER YARD
27788-022-A052,RIBBON,TO CONFIRM,5.0123,PER YARD
27788-022-A053,RIBBON,TO CONFIRM,5.0123,PER YARD
27788-022-A054,RIBBON,TO CONFIRM,5.0123,PER YARD
27788-022-A055,RIBBON,TO CONFIRM,5.0123,PER YARD
27788-022-A056,RIBBON,TO CONFIRM,5.0123,PER YARD
27788-022-A057,RIBBON,TO CONFIRM,5.0123,PER YARD
27788-022-A058,RIBBON,TO CONFIRM,5.0123,PER YARD
27788-022-A059,RIBBON,TO CONFIRM,5.0123,PER YARD
27788-022-A060,RIBBON,TO CONFIRM,5.0123,PER YARD
27788-022-A061,RIBBON,TO CONFIRM,5.0123,PER YARD
27788-022-A062,RIBBON,TO CONFIRM,4.8006,PER YARD
27788-022-A063,RIBBON,TO CONFIRM,5.0123,PER YARD
27788-022-A064,RIBBON,TO CONFIRM,5.0123,PER YARD
27788-022-A065,RIBBON,TO CONFIRM,5.0123,PER YARD
27788-022-A066,RIBBON,TO CONFIRM,5.0123,PER YARD
27788-022-A069,RIBBON,TO CONFIRM,4.8006,PER YARD
27788-022-A070,RIBBON,TO CONFIRM,5.0123,PER YARD
27788-022-A071,RIBBON,TO CONFIRM,5.0123,PER YARD
27788-022-A072,RIBBON,TO CONFIRM,5.0123,PER YARD
27788-022-A074,RIBBON,TO CONFIRM,5.0123,PER YARD
27788-022-A075,RIBBON,TO CONFIRM,5.0123,PER YARD
27788-022-A076,RIBBON,TO CONFIRM,5.0123,PER YARD
27788-022-B402,RIBBON,TO CONFIRM,,PER YARD
27788-022-C003,RIBBON,TO CONFIRM,,PER YARD
27788-025-A002,RIBBON,TO CONFIRM,5.5161,PER YARD
27788-025-A003,RIBBON,TO CONFIRM,5.5161,PER YARD
27788-025-A004,RIBBON,TO CONFIRM,5.5161,PER YARD
27788-025-A010,RIBBON,TO CONFIRM,5.5161,PER YARD
27788-025-A012,RIBBON,TO CONFIRM,5.5161,PER YARD
27788-025-A019,RIBBON,TO CONFIRM,5.5161,PER YARD
27788-025-A020,RIBBON,TO CONFIRM,5.5161,PER YARD
27788-025-A022,RIBBON,TO CONFIRM,5.5161,PER YARD
27788-025-A023,RIBBON,TO CONFIRM,5.5161,PER YARD
27788-025-A024,RIBBON,TO CONFIRM,5.2761,PER YARD
27788-025-A025,RIBBON,TO CONFIRM,5.5161,PER YARD
27788-025-A026,RIBBON,TO CONFIRM,5.5161,PER YARD
27788-025-A027,RIBBON,TO CONFIRM,5.5161,PER YARD
27788-025-A029,RIBBON,TO CONFIRM,5.5161,PER YARD
27788-025-A030,RIBBON,TO CONFIRM,5.5161,PER YARD
27788-025-A031,RIBBON,TO CONFIRM,5.5161,PER YARD
27788-025-A032,RIBBON,TO CONFIRM,5.5161,PER YARD
27788-025-A033,RIBBON,TO CONFIRM,5.5161,PER YARD
27788-025-A034,RIBBON,TO CONFIRM,5.5161,PER YARD
27788-025-A035,RIBBON,TO CONFIRM,5.5161,PER YARD
27788-025-A036,RIBBON,TO CONFIRM,5.2761,PER YARD
27788-025-A037,RIBBON,TO CONFIRM,5.5161,PER YARD
27788-025-A038,RIBBON,TO CONFIRM,5.5161,PER YARD
27788-025-A039,RIBBON,TO CONFIRM,5.5161,PER YARD
27788-025-A040,RIBBON,TO CONFIRM,5.5161,PER YARD
27788-025-A041,RIBBON,TO CONFIRM,5.5161,PER YARD
27788-025-A044,RIBBON,TO CONFIRM,5.5161,PER YARD
27788-025-A045,RIBBON,TO CONFIRM,5.5161,PER YARD
27788-025-A046,RIBBON,TO CONFIRM,5.5161,PER YARD
27788-025-A047,RIBBON,TO CONFIRM,5.5161,PER YARD
27788-025-A048,RIBBON,TO CONFIRM,5.5161,PER YARD
27788-025-A050,RIBBON,TO CONFIRM,5.5161,PER YARD
27788-025-A051,RIBBON,TO CONFIRM,5.5161,PER YARD
27788-025-A052,RIBBON,TO CONFIRM,5.5161,PER YARD
27788-025-A053,RIBBON,TO CONFIRM,5.5161,PER YARD
27788-025-A054,RIBBON,TO CONFIRM,5.5161,PER YARD
27788-025-A055,RIBBON,TO CONFIRM,5.5161,PER YARD
27788-025-A056,RIBBON,TO CONFIRM,5.5161,PER YARD
27788-025-A057,RIBBON,TO CONFIRM,5.5161,PER YARD
27788-025-A058,RIBBON,TO CONFIRM,5.5161,PER YARD
27788-025-A060,RIBBON,TO CONFIRM,5.5161,PER YARD
27788-025-A061,RIBBON,TO CONFIRM,5.5161,PER YARD
27788-025-A062,RIBBON,TO CONFIRM,5.2761,PER YARD
27788-025-A063,RIBBON,TO CONFIRM,5.5161,PER YARD
27788-025-A064,RIBBON,TO CONFIRM,5.5161,PER YARD
27788-025-A065,RIBBON,TO CONFIRM,5.5161,PER YARD
27788-025-A066,RIBBON,TO CONFIRM,5.5161,PER YARD
27788-025-A069,RIBBON,TO CONFIRM,5.5161,PER YARD
27788-025-A070,RIBBON,TO CONFIRM,5.5161,PER YARD
27788-025-A071,RIBBON,TO CONFIRM,5.5161,PER YARD
27788-025-A072,RIBBON,TO CONFIRM,5.5161,PER YARD
27788-025-A074,RIBBON,TO CONFIRM,5.5161,PER YARD
27788-025-A075,RIBBON,TO CONFIRM,5.5161,PER YARD
27788-025-A076,RIBBON,TO CONFIRM,5.5161,PER YARD
27788-025-A302,RIBBON,TO CONFIRM,7.0189,PER YARD
27788-025-A303,RIBBON,TO CONFIRM,7.0189,PER YARD
27788-025-A304,RIBBON,TO CONFIRM,7.0189,PER YARD
27788-025-A305,RIBBON,TO CONFIRM,7.0189,PER YARD
27788-025-A306,RIBBON,TO CONFIRM,7.0189,PER YARD
27788-025-A307,RIBBON,TO CONFIRM,6.7208,PER YARD
27788-025-A308,RIBBON,TO CONFIRM,7.0189,PER YARD
27788-025-A309,RIBBON,TO CONFIRM,7.0189,PER YARD
27788-025-A310,RIBBON,TO CONFIRM,7.0189,PER YARD
27788-025-A311,RIBBON,TO CONFIRM,7.0189,PER YARD
27788-025-A313,RIBBON,TO CONFIRM,7.0189,PER YARD
27788-025-A316,RIBBON,TO CONFIRM,7.0189,PER YARD
27788-025-A317,RIBBON,TO CONFIRM,7.0189,PER YARD
27788-025-A401,RIBBON,TO CONFIRM,7.6878,PER YARD
27788-025-A402,RIBBON,TO CONFIRM,7.6878,PER YARD
27788-025-A403,RIBBON,TO CONFIRM,7.6878,PER YARD
27788-025-B001,RIBBON,TO CONFIRM,6.6888,PER YARD
27788-025-B002,RIBBON,TO CONFIRM,6.6888,PER YARD
27788-025-B004,RIBBON,TO CONFIRM,6.6888,PER YARD
27788-025-B006,RIBBON,TO CONFIRM,6.6888,PER YARD
27788-025-B007,RIBBON,TO CONFIRM,6.6888,PER YARD
27788-025-B008,RIBBON,TO CONFIRM,6.4008,PER YARD
27788-025-B009,RIBBON,TO CONFIRM,6.6888,PER YARD
27788-025-B010,RIBBON,TO CONFIRM,6.6888,PER YARD
27788-025-B011,RIBBON,TO CONFIRM,6.4008,PER YARD
27788-025-B012,RIBBON,TO CONFIRM,6.6888,PER YARD
27788-025-B013,RIBBON,TO CONFIRM,6.6888,PER YARD
27788-025-B014,RIBBON,TO CONFIRM,6.6888,PER YARD
27788-025-B015,RIBBON,TO CONFIRM,6.6888,PER YARD
27788-025-B016,RIBBON,TO CONFIRM,6.6888,PER YARD
27788-025-B017,RIBBON,TO CONFIRM,6.6888,PER YARD
27788-025-B018,RIBBON,TO CONFIRM,6.6888,PER YARD
27788-025-B402,RIBBON,TO CONFIRM,7.3577,PER YARD
27788-025-C003,RIBBON,TO CONFIRM,7.1927,PER YARD
27788-025-C401,RIBBON,TO CONFIRM,7.8616,PER YARD
27788-038-A001,RIBBON,TO CONFIRM,7.1927,PER YARD
27788-038-A002,RIBBON,TO CONFIRM,7.1927,PER YARD
27788-038-A003,RIBBON,TO CONFIRM,7.1927,PER YARD
27788-038-A004,RIBBON,TO CONFIRM,7.1927,PER YARD
27788-038-A010,RIBBON,TO CONFIRM,7.1927,PER YARD
27788-038-A012,RIBBON,TO CONFIRM,7.1927,PER YARD
27788-038-A019,RIBBON,TO CONFIRM,7.1927,PER YARD
27788-038-A020,RIBBON,TO CONFIRM,7.1927,PER YARD
27788-038-A022,RIBBON,TO CONFIRM,7.1927,PER YARD
27788-038-A023,RIBBON,TO CONFIRM,7.1927,PER YARD
27788-038-A025,RIBBON,TO CONFIRM,7.1927,PER YARD
27788-038-A026,RIBBON,TO CONFIRM,7.1927,PER YARD
27788-038-A027,RIBBON,TO CONFIRM,7.1927,PER YARD
27788-038-A029,RIBBON,TO CONFIRM,7.1927,PER YARD
27788-038-A030,RIBBON,TO CONFIRM,7.1927,PER YARD
27788-038-A031,RIBBON,TO CONFIRM,7.1927,PER YARD
27788-038-A032,RIBBON,TO CONFIRM,7.1927,PER YARD
27788-038-A033,RIBBON,TO CONFIRM,7.1927,PER YARD
27788-038-A034,RIBBON,TO CONFIRM,7.1927,PER YARD
27788-038-A035,RIBBON,TO CONFIRM,7.1927,PER YARD
27788-038-A036,RIBBON,TO CONFIRM,7.1927,PER YARD
27788-038-A037,RIBBON,TO CONFIRM,7.1927,PER YARD
27788-038-A038,RIBBON,TO CONFIRM,7.1927,PER YARD
27788-038-A039,RIBBON,TO CONFIRM,7.1927,PER YARD
27788-038-A040,RIBBON,TO CONFIRM,7.1927,PER YARD
27788-038-A041,RIBBON,TO CONFIRM,7.1927,PER YARD
27788-038-A044,RIBBON,TO CONFIRM,7.1927,PER YARD
27788-038-A045,RIBBON,TO CONFIRM,7.1927,PER YARD
27788-038-A046,RIBBON,TO CONFIRM,7.1927,PER YARD
27788-038-A047,RIBBON,TO CONFIRM,7.1927,PER YARD
27788-038-A048,RIBBON,TO CONFIRM,7.1927,PER YARD
27788-038-A050,RIBBON,TO CONFIRM,7.1927,PER YARD
27788-038-A051,RIBBON,TO CONFIRM,7.1927,PER YARD
27788-038-A052,RIBBON,TO CONFIRM,7.1927,PER YARD
27788-038-A053,RIBBON,TO CONFIRM,7.1927,PER YARD
27788-038-A054,RIBBON,TO CONFIRM,7.1927,PER YARD
27788-038-A055,RIBBON,TO CONFIRM,7.1927,PER YARD
27788-038-A056,RIBBON,TO CONFIRM,7.1927,PER YARD
27788-038-A057,RIBBON,TO CONFIRM,7.1927,PER YARD
27788-038-A058,RIBBON,TO CONFIRM,7.1927,PER YARD
27788-038-A059,RIBBON,TO CONFIRM,7.1927,PER YARD
27788-038-A060,RIBBON,TO CONFIRM,7.1927,PER YARD
27788-038-A062,RIBBON,TO CONFIRM,7.1927,PER YARD
27788-038-A063,RIBBON,TO CONFIRM,7.1927,PER YARD
27788-038-A064,RIBBON,TO CONFIRM,7.1927,PER YARD
27788-038-A065,RIBBON,TO CONFIRM,7.1927,PER YARD
27788-038-A066,RIBBON,TO CONFIRM,7.1927,PER YARD
27788-038-A069,RIBBON,TO CONFIRM,7.1927,PER YARD
27788-038-A070,RIBBON,TO CONFIRM,7.1927,PER YARD
27788-038-A071,RIBBON,TO CONFIRM,7.1927,PER YARD
27788-038-A072,RIBBON,TO CONFIRM,7.1927,PER YARD
27788-038-A074,RIBBON,TO CONFIRM,7.1927,PER YARD
27788-038-A075,RIBBON,TO CONFIRM,7.1927,PER YARD
27788-038-A076,RIBBON,TO CONFIRM,7.1927,PER YARD
27788-038-A301,RIBBON,TO CONFIRM,9.3644,PER YARD
27788-038-A303,RIBBON,TO CONFIRM,8.9611,PER YARD
27788-038-A304,RIBBON,TO CONFIRM,9.3644,PER YARD
27788-038-A305,RIBBON,TO CONFIRM,9.3644,PER YARD
27788-038-A306,RIBBON,TO CONFIRM,9.3644,PER YARD
27788-038-A307,RIBBON,TO CONFIRM,9.3644,PER YARD
27788-038-A308,RIBBON,TO CONFIRM,8.9611,PER YARD
27788-038-A310,RIBBON,TO CONFIRM,9.3644,PER YARD
27788-038-A311,RIBBON,TO CONFIRM,9.3644,PER YARD
27788-038-A312,RIBBON,TO CONFIRM,9.3644,PER YARD
27788-038-A313,RIBBON,TO CONFIRM,9.3644,PER YARD
27788-038-A316,RIBBON,TO CONFIRM,9.3644,PER YARD
27788-038-A317,RIBBON,TO CONFIRM,9.3644,PER YARD
27788-038-A401,RIBBON,TO CONFIRM,9.9212,PER YARD
27788-038-A402,RIBBON,TO CONFIRM,10.3634,PER YARD
27788-038-B001,RIBBON,TO CONFIRM,8.6955,PER YARD
27788-038-B002,RIBBON,TO CONFIRM,8.6955,PER YARD
27788-038-B006,RIBBON,TO CONFIRM,8.6955,PER YARD
27788-038-B007,RIBBON,TO CONFIRM,8.6955,PER YARD
27788-038-B008,RIBBON,TO CONFIRM,8.6955,PER YARD
27788-038-B010,RIBBON,TO CONFIRM,8.6955,PER YARD
27788-038-B011,RIBBON,TO CONFIRM,8.6955,PER YARD
27788-038-B012,RIBBON,TO CONFIRM,8.321,PER YARD
27788-038-B013,RIBBON,TO CONFIRM,8.6955,PER YARD
27788-038-B014,RIBBON,TO CONFIRM,8.6955,PER YARD
27788-038-B015,RIBBON,TO CONFIRM,8.6955,PER YARD
27788-038-B016,RIBBON,TO CONFIRM,8.6955,PER YARD
27788-038-B017,RIBBON,TO CONFIRM,8.6955,PER YARD
27788-038-B018,RIBBON,TO CONFIRM,8.6955,PER YARD
27788-038-B401,RIBBON,TO CONFIRM,9.5294,PER YARD
27788-038-B402,RIBBON,TO CONFIRM,9.5294,PER YARD
27788-038-C002,RIBBON,TO CONFIRM,9.3644,PER YARD
27788-038-C003,RIBBON,TO CONFIRM,9.3644,PER YARD
28800-002-000,RIBBON,PLAIN RIBBON,0.5944,PER YARD
28800-002-029,RIBBON,PLAIN RIBBON,0.7955,PER YARD
28800-002-030,RIBBON,PLAIN RIBBON,0.5944,PER YARD
28800-003-000,RIBBON,PLAIN RIBBON,0.5395,PER YARD
28800-003-007,RIBBON,PLAIN RIBBON,0.6675,PER YARD
28800-003-009,RIBBON,PLAIN RIBBON,0.6035,PER YARD
28800-003-009-1814,RIBBON,PLAIN RIBBON,0.6035,PER YARD
28800-003-012,RIBBON,PLAIN RIBBON,0.6675,PER YARD
28800-003-017,RIBBON,PLAIN RIBBON,0.6675,PER YARD
28800-003-028,RIBBON,PLAIN RIBBON,0.6035,PER YARD
28800-003-029,RIBBON,PLAIN RIBBON,0.5395,PER YARD
28800-003-029-4291,RIBBON,PLAIN RIBBON,0.5395,PER YARD
28800-003-029-7548,RIBBON,PLAIN RIBBON,0.5395,PER YARD
28800-003-030,RIBBON,PLAIN RIBBON,0.5944,PER YARD
28800-003-030-NORMAL,RIBBON,PLAIN RIBBON,,PER YARD
28800-003-030-YD,RIBBON,PLAIN RIBBON,,PER YARD
28800-003-077,RIBBON,PLAIN RIBBON,0.6035,PER YARD
28800-003-103,RIBBON,PLAIN RIBBON,0.6675,PER YARD
28800-003-105,RIBBON,PLAIN RIBBON,0.6035,PER YARD
28800-003-105-2783,RIBBON,PLAIN RIBBON,0.6675,PER YARD
28800-003-112,RIBBON,PLAIN RIBBON,0.6035,PER YARD
28800-003-115,RIBBON,PLAIN RIBBON,0.6629,PER YARD
28800-003-117,RIBBON,PLAIN RIBBON,0.6675,PER YARD
28800-003-123,RIBBON,PLAIN RIBBON,0.6035,PER YARD
28800-003-141,RIBBON,PLAIN RIBBON,0.6675,PER YARD
28800-003-146,RIBBON,PLAIN RIBBON,0.6035,PER YARD
28800-003-148,RIBBON,PLAIN RIBBON,0.6675,PER YARD
28800-003-149,RIBBON,PLAIN RIBBON,0.6035,PER YARD
28800-003-150,RIBBON,PLAIN RIBBON,0.6035,PER YARD
28800-003-151,RIBBON,PLAIN RIBBON,0.6675,PER YARD
28800-003-151-1010,RIBBON,PLAIN RIBBON,0.6675,PER YARD
28800-003-152,RIBBON,PLAIN RIBBON,0.6035,PER YARD
28800-003-153,RIBBON,PLAIN RIBBON,0.6355,PER YARD
28800-003-154,RIBBON,PLAIN RIBBON,0.6675,PER YARD
28800-003-155,RIBBON,PLAIN RIBBON,0.6675,PER YARD
28800-003-156,RIBBON,PLAIN RIBBON,0.6035,PER YARD
28800-003-157,RIBBON,PLAIN RIBBON,0.6035,PER YARD
28800-003-158,RIBBON,PLAIN RIBBON,0.6675,PER YARD
28800-003-158-1258,RIBBON,PLAIN RIBBON,,PER YARD
28800-003-159,RIBBON,PLAIN RIBBON,0.6035,PER YARD
28800-003-160,RIBBON,PLAIN RIBBON,0.6675,PER YARD
28800-003-161,RIBBON,PLAIN RIBBON,0.6035,PER YARD
28800-003-161-1835,RIBBON,PLAIN RIBBON,0.8047,PER YARD
28800-003-161-1854,RIBBON,PLAIN RIBBON,,PER YARD
28800-003-161-1886,RIBBON,PLAIN RIBBON,0.6675,PER YARD
28800-003-161-1905,RIBBON,PLAIN RIBBON,0.6675,PER YARD
28800-003-164,RIBBON,PLAIN RIBBON,0.6035,PER YARD
28800-003-165,RIBBON,PLAIN RIBBON,0.6355,PER YARD
28800-003-165-0943,RIBBON,PLAIN RIBBON,,PER YARD
28800-003-168,RIBBON,PLAIN RIBBON,0.6675,PER YARD
28800-003-169,RIBBON,PLAIN RIBBON,0.6035,PER YARD
28800-003-174,RIBBON,PLAIN RIBBON,0.6355,PER YARD
28800-003-176,RIBBON,PLAIN RIBBON,0.6035,PER YARD
28800-003-177,RIBBON,PLAIN RIBBON,0.6675,PER YARD
28800-003-182,RIBBON,PLAIN RIBBON,0.3018,PER YARD
28800-003-183,RIBBON,PLAIN RIBBON,0.6035,PER YARD
28800-003-185,RIBBON,PLAIN RIBBON,0.6035,PER YARD
28800-003-187,RIBBON,PLAIN RIBBON,0.6035,PER YARD
28800-003-193,RIBBON,PLAIN RIBBON,0.6035,PER YARD
28800-003-198,RIBBON,PLAIN RIBBON,0.6035,PER YARD
28800-003-203,RIBBON,PLAIN RIBBON,0.6035,PER YARD
28800-003-235,RIBBON,PLAIN RIBBON,0.6035,PER YARD
28800-003-238,RIBBON,PLAIN RIBBON,0.6675,PER YARD
28800-003-243,RIBBON,PLAIN RIBBON,0.6035,PER YARD
28800-003-250,RIBBON,PLAIN RIBBON,0.6035,PER YARD
28800-003-252,RIBBON,PLAIN RIBBON,0.6035,PER YARD
28800-003-260,RIBBON,PLAIN RIBBON,0.6675,PER YARD
28800-003-264,RIBBON,PLAIN RIBBON,0.6675,PER YARD
28800-003-264-1440,RIBBON,PLAIN RIBBON,0.6675,PER YARD
28800-003-275,RIBBON,PLAIN RIBBON,0.6675,PER YARD
28800-003-277,RIBBON,PLAIN RIBBON,0.6675,PER YARD
28800-003-277-1384,RIBBON,PLAIN RIBBON,,PER YARD
28800-003-285,RIBBON,PLAIN RIBBON,0.6035,PER YARD
28800-003-290,RIBBON,PLAIN RIBBON,0.6035,PER YARD
28800-003-290-0814,RIBBON,PLAIN RIBBON,,PER YARD
28800-003-303,RIBBON,PLAIN RIBBON,0.6675,PER YARD
28800-003-303-1513,RIBBON,PLAIN RIBBON,0.3338,PER YARD
28800-003-305,RIBBON,PLAIN RIBBON,0.6035,PER YARD
28800-003-307,RIBBON,PLAIN RIBBON,0.6337,PER YARD
28800-003-308,RIBBON,PLAIN RIBBON,0.6355,PER YARD
28800-003-311,RIBBON,PLAIN RIBBON,0.6035,PER YARD
28800-003-313,RIBBON,PLAIN RIBBON,0.6035,PER YARD
28800-003-314,RIBBON,PLAIN RIBBON,0.6035,PER YARD
28800-003-317,RIBBON,PLAIN RIBBON,0.6035,PER YARD
28800-003-322,RIBBON,PLAIN RIBBON,0.6035,PER YARD
28800-003-324,RIBBON,PLAIN RIBBON,0.6035,PER YARD
28800-003-327,RIBBON,PLAIN RIBBON,0.6035,PER YARD
28800-003-329,RIBBON,PLAIN RIBBON,0.6035,PER YARD
28800-003-330,RIBBON,PLAIN RIBBON,0.6355,PER YARD
28800-003-331,RIBBON,PLAIN RIBBON,0.6035,PER YARD
28800-003-332,RIBBON,PLAIN RIBBON,0.6035,PER YARD
28800-003-333,RIBBON,PLAIN RIBBON,0.6675,PER YARD
28800-003-333-1757,RIBBON,PLAIN RIBBON,0.6675,PER YARD
28800-003-333-1804,RIBBON,PLAIN RIBBON,0.6675,PER YARD
28800-003-336,RIBBON,PLAIN RIBBON,0.6035,PER YARD
28800-003-337,RIBBON,PLAIN RIBBON,0.6035,PER YARD
28800-003-338,RIBBON,PLAIN RIBBON,0.6355,PER YARD
28800-003-340,RIBBON,PLAIN RIBBON,0.6035,PER YARD
28800-003-343,RIBBON,PLAIN RIBBON,,PER YARD
28800-003-346,RIBBON,PLAIN RIBBON,0.6035,PER YARD
28800-003-347,RIBBON,PLAIN RIBBON,0.6035,PER YARD
28800-003-350,RIBBON,PLAIN RIBBON,0.6035,PER YARD
28800-003-352,RIBBON,PLAIN RIBBON,,PER YARD
28800-003-363,RIBBON,PLAIN RIBBON,0.6675,PER YARD
28800-003-365,RIBBON,PLAIN RIBBON,0.6035,PER YARD
28800-003-366,RIBBON,PLAIN RIBBON,0.6035,PER YARD
28800-003-369,RIBBON,PLAIN RIBBON,0.6675,PER YARD
28800-003-370,RIBBON,PLAIN RIBBON,0.6657,PER YARD
28800-003-371,RIBBON,PLAIN RIBBON,0.6035,PER YARD
28800-003-372,RIBBON,PLAIN RIBBON,0.6035,PER YARD
28800-003-373,RIBBON,PLAIN RIBBON,0.6675,PER YARD
28800-003-374,RIBBON,PLAIN RIBBON,0.6337,PER YARD
28800-003-420,RIBBON,PLAIN RIBBON,0.6035,PER YARD
28800-003-430,RIBBON,PLAIN RIBBON,0.6355,PER YARD
28800-003-430-3159,RIBBON,PLAIN RIBBON,0.3338,PER YARD
28800-003-434,RIBBON,PLAIN RIBBON,0.6035,PER YARD
28800-003-435,RIBBON,PLAIN RIBBON,0.6355,PER YARD
28800-003-435-1187,RIBBON,PLAIN RIBBON,1.0,PER YARD
28800-003-447,RIBBON,PLAIN RIBBON,0.6035,PER YARD
28800-003-457,RIBBON,PLAIN RIBBON,0.6035,PER YARD
28800-003-458,RIBBON,PLAIN RIBBON,0.6035,PER YARD
28800-003-462,RIBBON,PLAIN RIBBON,0.6035,PER YARD
28800-003-463,RIBBON,PLAIN RIBBON,0.6035,PER YARD
28800-003-464,RIBBON,PLAIN RIBBON,0.6035,PER YARD
28800-003-465,RIBBON,PLAIN RIBBON,0.6035,PER YARD
28800-003-470,RIBBON,PLAIN RIBBON,0.6035,PER YARD
28800-003-473,RIBBON,PLAIN RIBBON,0.6035,PER YARD
28800-003-476,RIBBON,PLAIN RIBBON,0.6035,PER YARD
28800-003-477,RIBBON,PLAIN RIBBON,0.6035,PER YARD
28800-003-510,RIBBON,PLAIN RIBBON,0.6035,PER YARD
28800-003-510-0819,RIBBON,PLAIN RIBBON,0.6675,PER YARD
28800-003-513,RIBBON,PLAIN RIBBON,0.6035,PER YARD
28800-003-520,RIBBON,PLAIN RIBBON,0.6675,PER YARD
28800-003-524,RIBBON,PLAIN RIBBON,0.6035,PER YARD
28800-003-525,RIBBON,PLAIN RIBBON,0.6035,PER YARD
28800-003-530,RIBBON,PLAIN RIBBON,0.6675,PER YARD
28800-003-548,RIBBON,PLAIN RIBBON,0.6035,PER YARD
28800-003-550,RIBBON,PLAIN RIBBON,0.6035,PER YARD
28800-003-552,RIBBON,PLAIN RIBBON,0.6035,PER YARD
28800-003-563,RIBBON,PLAIN RIBBON,0.6675,PER YARD
28800-003-564,RIBBON,PLAIN RIBBON,0.6675,PER YARD
28800-003-565,RIBBON,PLAIN RIBBON,0.6035,PER YARD
28800-003-566,RIBBON,PLAIN RIBBON,0.6035,PER YARD
28800-003-567,RIBBON,PLAIN RIBBON,0.6675,PER YARD
28800-003-569,RIBBON,PLAIN RIBBON,0.6675,PER YARD
28800-003-570,RIBBON,PLAIN RIBBON,0.6035,PER YARD
28800-003-572,RIBBON,PLAIN RIBBON,0.6035,PER YARD
28800-003-577,RIBBON,PLAIN RIBBON,0.6035,PER YARD
28800-003-580,RIBBON,PLAIN RIBBON,0.6035,PER YARD
28800-003-583,RIBBON,PLAIN RIBBON,0.6035,PER YARD
28800-003-587,RIBBON,PLAIN RIBBON,0.6355,PER YARD
28800-003-587-1263,RIBBON,PLAIN RIBBON,2.4049,PER YARD
28800-003-589,RIBBON,PLAIN RIBBON,0.6035,PER YARD
28800-003-593,RIBBON,PLAIN RIBBON,0.6675,PER YARD
28800-003-614,RIBBON,PLAIN RIBBON,0.6035,PER YARD
28800-003-617,RIBBON,PLAIN RIBBON,0.6355,PER YARD
28800-003-617-0845,RIBBON,PLAIN RIBBON,0.6035,PER YARD
28800-003-640,RIBBON,PLAIN RIBBON,0.6035,PER YARD
28800-003-644,RIBBON,PLAIN RIBBON,0.6035,PER YARD
28800-003-650,RIBBON,PLAIN RIBBON,0.6035,PER YARD
28800-003-660,RIBBON,PLAIN RIBBON,0.6675,PER YARD
28800-003-662,RIBBON,PLAIN RIBBON,0.6035,PER YARD
28800-003-662-0433,RIBBON,PLAIN RIBBON,0.6035,PER YARD
28800-003-662-0434,RIBBON,PLAIN RIBBON,0.6035,PER YARD
28800-003-668,RIBBON,PLAIN RIBBON,0.6675,PER YARD
28800-003-675,RIBBON,PLAIN RIBBON,0.6035,PER YARD
28800-003-686,RIBBON,PLAIN RIBBON,0.6355,PER YARD
28800-003-686-0383,RIBBON,PLAIN RIBBON,0.6035,PER YARD
28800-003-687,RIBBON,PLAIN RIBBON,0.6035,PER YARD
28800-003-690,RIBBON,PLAIN RIBBON,0.6035,PER YARD
28800-003-693,RIBBON,PLAIN RIBBON,0.6035,PER YARD
28800-003-693-0885,RIBBON,PLAIN RIBBON,0.6035,PER YARD
28800-003-714,RIBBON,PLAIN RIBBON,0.6675,PER YARD
28800-003-720,RIBBON,PLAIN RIBBON,0.6035,PER YARD
28800-003-720-6828,RIBBON,PLAIN RIBBON,0.6675,PER YARD
28800-003-743,RIBBON,PLAIN RIBBON,0.6035,PER YARD
28800-003-750,RIBBON,PLAIN RIBBON,0.6675,PER YARD
28800-003-751,RIBBON,PLAIN RIBBON,,PER YARD
28800-003-761,RIBBON,PLAIN RIBBON,0.6035,PER YARD
28800-003-765,RIBBON,PLAIN RIBBON,0.6675,PER YARD
28800-003-777,RIBBON,PLAIN RIBBON,0.6035,PER YARD
28800-003-779,RIBBON,PLAIN RIBBON,0.6035,PER YARD
28800-003-780,RIBBON,PLAIN RIBBON,0.6035,PER YARD
28800-003-785,RIBBON,PLAIN RIBBON,0.6035,PER YARD
28800-003-789,RIBBON,PLAIN RIBBON,0.6337,PER YARD
28800-003-793,RIBBON,PLAIN RIBBON,0.6355,PER YARD
28800-003-810,RIBBON,PLAIN RIBBON,0.6035,PER YARD
28800-003-810-4433,RIBBON,PLAIN RIBBON,0.6675,PER YARD
28800-003-812,RIBBON,PLAIN RIBBON,0.6675,PER YARD
28800-003-812-0573,RIBBON,PLAIN RIBBON,1.1,PER YARD
28800-003-813,RIBBON,PLAIN RIBBON,0.6675,PER YARD
28800-003-814,RIBBON,PLAIN RIBBON,0.6639,PER YARD
28800-003-815,RIBBON,PLAIN RIBBON,0.6675,PER YARD
28800-003-818,RIBBON,PLAIN RIBBON,0.6035,PER YARD
28800-003-820,RIBBON,PLAIN RIBBON,0.6035,PER YARD
28800-003-823,RIBBON,PLAIN RIBBON,0.6035,PER YARD
28800-003-824,RIBBON,PLAIN RIBBON,0.6309,PER YARD
28800-003-826,RIBBON,PLAIN RIBBON,0.6035,PER YARD
28800-003-835,RIBBON,PLAIN RIBBON,0.6035,PER YARD
28800-003-835-7957,RIBBON,PLAIN RIBBON,0.6675,PER YARD
28800-003-836,RIBBON,PLAIN RIBBON,0.6629,PER YARD
28800-003-837,RIBBON,PLAIN RIBBON,0.6675,PER YARD
28800-003-838,RIBBON,PLAIN RIBBON,0.6675,PER YARD
28800-003-839,RIBBON,PLAIN RIBBON,0.6675,PER YARD
28800-003-840,RIBBON,PLAIN RIBBON,0.6035,PER YARD
28800-003-845,RIBBON,PLAIN RIBBON,0.6035,PER YARD
28800-003-846,RIBBON,PLAIN RIBBON,0.6035,PER YARD
28800-003-847,RIBBON,PLAIN RIBBON,0.6035,PER YARD
28800-003-850,RIBBON,PLAIN RIBBON,0.6675,PER YARD
28800-003-855,RIBBON,PLAIN RIBBON,0.6639,PER YARD
28800-003-860,RIBBON,PLAIN RIBBON,0.6355,PER YARD
28800-003-860-0970,RIBBON,PLAIN RIBBON,,PER YARD
28800-003-868,RIBBON,PLAIN RIBBON,0.6584,PER YARD
28800-003-869,RIBBON,PLAIN RIBBON,0.6675,PER YARD
28800-003-870,RIBBON,PLAIN RIBBON,0.6035,PER YARD
28800-005-000,RIBBON,PLAIN RIBBON,0.6629,PER YARD
28800-005-028,RIBBON,PLAIN RIBBON,0.9967,PER YARD
28800-005-029,RIBBON,PLAIN RIBBON,0.6949,PER YARD
28800-005-030,RIBBON,PLAIN RIBBON,0.6309,PER YARD
28800-005-687-0582,RIBBON,PLAIN RIBBON,,PER YARD
28800-005-820,RIBBON,PLAIN RIBBON,0.9053,PER YARD
28800-005-839,RIBBON,PLAIN RIBBON,0.9967,PER YARD
28800-005-855,RIBBON,PLAIN RIBBON,0.7041,PER YARD
28800-006-000,RIBBON,PLAIN RIBBON,0.6949,PER YARD
28800-006-007,RIBBON,PLAIN RIBBON,0.7772,PER YARD
28800-006-009,RIBBON,PLAIN RIBBON,0.7041,PER YARD
28800-006-012,RIBBON,PLAIN RIBBON,0.7772,PER YARD
28800-006-017,RIBBON,PLAIN RIBBON,0.7772,PER YARD
28800-006-028,RIBBON,PLAIN RIBBON,0.7681,PER YARD
28800-006-028-5789,RIBBON,PLAIN RIBBON,,PER YARD
28800-006-029,RIBBON,PLAIN RIBBON,0.6949,PER YARD
28800-006-029-7548,RIBBON,PLAIN RIBBON,0.6309,PER YARD
28800-006-030,RIBBON,PLAIN RIBBON,0.6949,PER YARD
28800-006-030 (YARN DYED),RIBBON,PLAIN RIBBON,,PER YARD
28800-006-077,RIBBON,PLAIN RIBBON,0.7727,PER YARD
28800-006-077-5554,RIBBON,PLAIN RIBBON,0.7041,PER YARD
28800-006-103,RIBBON,PLAIN RIBBON,0.7772,PER YARD
28800-006-103-2380,RIBBON,PLAIN RIBBON,0.7041,PER YARD
28800-006-105,RIBBON,PLAIN RIBBON,0.7772,PER YARD
28800-006-105-2528,RIBBON,PLAIN RIBBON,0.7041,PER YARD
28800-006-105-2562,RIBBON,PLAIN RIBBON,,PER YARD
28800-006-112,RIBBON,PLAIN RIBBON,0.7407,PER YARD
28800-006-115,RIBBON,PLAIN RIBBON,0.7772,PER YARD
28800-006-117,RIBBON,PLAIN RIBBON,1.3533,PER YARD
28800-006-123,RIBBON,PLAIN RIBBON,0.7772,PER YARD
28800-006-141,RIBBON,PLAIN RIBBON,,PER YARD
28800-006-146,RIBBON,PLAIN RIBBON,,PER YARD
28800-006-148,RIBBON,PLAIN RIBBON,0.7407,PER YARD
28800-006-149,RIBBON,PLAIN RIBBON,,PER YARD
28800-006-150,RIBBON,PLAIN RIBBON,0.7041,PER YARD
28800-006-151,RIBBON,PLAIN RIBBON,0.7407,PER YARD
28800-006-152,RIBBON,PLAIN RIBBON,,PER YARD
28800-006-153,RIBBON,PLAIN RIBBON,0.7041,PER YARD
28800-006-154,RIBBON,PLAIN RIBBON,0.7772,PER YARD
28800-006-155,RIBBON,PLAIN RIBBON,0.7772,PER YARD
28800-006-156,RIBBON,PLAIN RIBBON,0.7407,PER YARD
28800-006-157,RIBBON,PLAIN RIBBON,0.7407,PER YARD
28800-006-158,RIBBON,PLAIN RIBBON,0.7041,PER YARD
28800-006-160,RIBBON,PLAIN RIBBON,0.7041,PER YARD
28800-006-161,RIBBON,PLAIN RIBBON,1.0333,PER YARD
28800-006-164,RIBBON,PLAIN RIBBON,0.7772,PER YARD
28800-006-165,RIBBON,PLAIN RIBBON,0.7041,PER YARD
28800-006-168,RIBBON,PLAIN RIBBON,0.7041,PER YARD
28800-006-169,RIBBON,PLAIN RIBBON,0.887,PER YARD
28800-006-174,RIBBON,PLAIN RIBBON,0.7772,PER YARD
28800-006-174-0810,RIBBON,PLAIN RIBBON,0.7772,PER YARD
28800-006-175,RIBBON,PLAIN RIBBON,0.7407,PER YARD
28800-006-176,RIBBON,PLAIN RIBBON,0.7041,PER YARD
28800-006-177,RIBBON,PLAIN RIBBON,0.7772,PER YARD
28800-006-182,RIBBON,PLAIN RIBBON,0.7727,PER YARD
28800-006-183,RIBBON,PLAIN RIBBON,0.7772,PER YARD
28800-006-185,RIBBON,PLAIN RIBBON,0.7772,PER YARD
28800-006-187,RIBBON,PLAIN RIBBON,0.7727,PER YARD
28800-006-193,RIBBON,PLAIN RIBBON,0.7041,PER YARD
28800-006-198,RIBBON,PLAIN RIBBON,0.7041,PER YARD
28800-006-203,RIBBON,PLAIN RIBBON,0.7772,PER YARD
28800-006-210,RIBBON,PLAIN RIBBON,0.7041,PER YARD
28800-006-235,RIBBON,PLAIN RIBBON,0.7681,PER YARD
28800-006-238,RIBBON,PLAIN RIBBON,0.7041,PER YARD
28800-006-243,RIBBON,PLAIN RIBBON,0.7772,PER YARD
28800-006-250,RIBBON,PLAIN RIBBON,0.7772,PER YARD
28800-006-250-7564,RIBBON,PLAIN RIBBON,0.7041,PER YARD
28800-006-252,RIBBON,PLAIN RIBBON,0.7772,PER YARD
28800-006-260,RIBBON,PLAIN RIBBON,0.7772,PER YARD
28800-006-264,RIBBON,PLAIN RIBBON,0.7407,PER YARD
28800-006-275,RIBBON,PLAIN RIBBON,0.7041,PER YARD
28800-006-277,RIBBON,PLAIN RIBBON,0.7772,PER YARD
28800-006-285,RIBBON,PLAIN RIBBON,0.7407,PER YARD
28800-006-290,RIBBON,PLAIN RIBBON,0.7041,PER YARD
28800-006-303,RIBBON,PLAIN RIBBON,0.7772,PER YARD
28800-006-303-1421,RIBBON,PLAIN RIBBON,0.7041,PER YARD
28800-006-305,RIBBON,PLAIN RIBBON,0.7407,PER YARD
28800-006-307,RIBBON,PLAIN RIBBON,0.7041,PER YARD
28800-006-307-1393,RIBBON,PLAIN RIBBON,,PER YARD
28800-006-308,RIBBON,PLAIN RIBBON,0.7772,PER YARD
28800-006-311,RIBBON,PLAIN RIBBON,0.7407,PER YARD
28800-006-313,RIBBON,PLAIN RIBBON,0.7361,PER YARD
28800-006-314,RIBBON,PLAIN RIBBON,0.7407,PER YARD
28800-006-317,RIBBON,PLAIN RIBBON,0.7041,PER YARD
28800-006-322,RIBBON,PLAIN RIBBON,0.7772,PER YARD
28800-006-323,RIBBON,PLAIN RIBBON,0.7041,PER YARD
28800-006-323-1053,RIBBON,PLAIN RIBBON,0.7772,PER YARD
28800-006-324,RIBBON,PLAIN RIBBON,0.7772,PER YARD
28800-006-325,RIBBON,PLAIN RIBBON,0.7041,PER YARD
28800-006-326,RIBBON,PLAIN RIBBON,0.7772,PER YARD
28800-006-327,RIBBON,PLAIN RIBBON,0.7681,PER YARD
28800-006-328,RIBBON,PLAIN RIBBON,0.7361,PER YARD
28800-006-329,RIBBON,PLAIN RIBBON,0.7407,PER YARD
28800-006-330,RIBBON,PLAIN RIBBON,0.7681,PER YARD
28800-006-330-2154,RIBBON,PLAIN RIBBON,0.7041,PER YARD
28800-006-331,RIBBON,PLAIN RIBBON,0.7772,PER YARD
28800-006-332,RIBBON,PLAIN RIBBON,0.7772,PER YARD
28800-006-333,RIBBON,PLAIN RIBBON,0.7041,PER YARD
28800-006-335,RIBBON,PLAIN RIBBON,0.7772,PER YARD
28800-006-336,RIBBON,PLAIN RIBBON,0.7772,PER YARD
28800-006-337,RIBBON,PLAIN RIBBON,0.7772,PER YARD
28800-006-338,RIBBON,PLAIN RIBBON,0.7041,PER YARD
28800-006-338-1805,RIBBON,PLAIN RIBBON,0.7041,PER YARD
28800-006-340,RIBBON,PLAIN RIBBON,0.7041,PER YARD
28800-006-342,RIBBON,PLAIN RIBBON,0.7727,PER YARD
28800-006-343,RIBBON,PLAIN RIBBON,0.7041,PER YARD
28800-006-346,RIBBON,PLAIN RIBBON,0.7772,PER YARD
28800-006-347,RIBBON,PLAIN RIBBON,0.7041,PER YARD
28800-006-350,RIBBON,PLAIN RIBBON,0.7041,PER YARD
28800-006-352,RIBBON,PLAIN RIBBON,0.7772,PER YARD
28800-006-363,RIBBON,PLAIN RIBBON,0.7772,PER YARD
28800-006-363-1212,RIBBON,PLAIN RIBBON,0.7772,PER YARD
28800-006-365,RIBBON,PLAIN RIBBON,0.7772,PER YARD
28800-006-366,RIBBON,PLAIN RIBBON,0.7041,PER YARD
28800-006-369,RIBBON,PLAIN RIBBON,0.7772,PER YARD
28800-006-370,RIBBON,PLAIN RIBBON,0.7772,PER YARD
28800-006-371,RIBBON,PLAIN RIBBON,0.7041,PER YARD
28800-006-371-4556,RIBBON,PLAIN RIBBON,0.7772,PER YARD
28800-006-372,RIBBON,PLAIN RIBBON,0.7759,PER YARD
28800-006-374,RIBBON,PLAIN RIBBON,0.7361,PER YARD
28800-006-420,RIBBON,PLAIN RIBBON,0.7772,PER YARD
28800-006-430,RIBBON,PLAIN RIBBON,1.4173,PER YARD
28800-006-434,RIBBON,PLAIN RIBBON,0.7407,PER YARD
28800-006-435,RIBBON,PLAIN RIBBON,0.7041,PER YARD
28800-006-447,RIBBON,PLAIN RIBBON,0.7407,PER YARD
28800-006-458,RIBBON,PLAIN RIBBON,0.7407,PER YARD
28800-006-462,RIBBON,PLAIN RIBBON,0.7041,PER YARD
28800-006-463,RIBBON,PLAIN RIBBON,0.7772,PER YARD
28800-006-464,RIBBON,PLAIN RIBBON,0.7772,PER YARD
28800-006-465,RIBBON,PLAIN RIBBON,0.7772,PER YARD
28800-006-467,RIBBON,PLAIN RIBBON,0.7727,PER YARD
28800-006-470,RIBBON,PLAIN RIBBON,0.7772,PER YARD
28800-006-473,RIBBON,PLAIN RIBBON,0.7041,PER YARD
28800-006-476,RIBBON,PLAIN RIBBON,0.7772,PER YARD
28800-006-477,RIBBON,PLAIN RIBBON,0.7407,PER YARD
28800-006-510,RIBBON,PLAIN RIBBON,0.9967,PER YARD
28800-006-513,RIBBON,PLAIN RIBBON,0.7772,PER YARD
28800-006-520,RIBBON,PLAIN RIBBON,0.7772,PER YARD
28800-006-520-0938,RIBBON,PLAIN RIBBON,0.7041,PER YARD
28800-006-524,RIBBON,PLAIN RIBBON,0.7041,PER YARD
28800-006-525,RIBBON,PLAIN RIBBON,0.7772,PER YARD
28800-006-530,RIBBON,PLAIN RIBBON,0.7407,PER YARD
28800-006-548,RIBBON,PLAIN RIBBON,0.7041,PER YARD
28800-006-550,RIBBON,PLAIN RIBBON,0.7041,PER YARD
28800-006-551,RIBBON,PLAIN RIBBON,0.7041,PER YARD
28800-006-552,RIBBON,PLAIN RIBBON,0.7041,PER YARD
28800-006-555,RIBBON,PLAIN RIBBON,0.7041,PER YARD
28800-006-563,RIBBON,PLAIN RIBBON,0.7041,PER YARD
28800-006-564,RIBBON,PLAIN RIBBON,0.7041,PER YARD
28800-006-565,RIBBON,PLAIN RIBBON,0.7407,PER YARD
28800-006-566,RIBBON,PLAIN RIBBON,0.7041,PER YARD
28800-006-567,RIBBON,PLAIN RIBBON,0.7041,PER YARD
28800-006-569,RIBBON,PLAIN RIBBON,0.7727,PER YARD
28800-006-570,RIBBON,PLAIN RIBBON,0.7041,PER YARD
28800-006-572,RIBBON,PLAIN RIBBON,0.7772,PER YARD
28800-006-577,RIBBON,PLAIN RIBBON,0.7772,PER YARD
28800-006-579,RIBBON,PLAIN RIBBON,0.7772,PER YARD
28800-006-580,RIBBON,PLAIN RIBBON,0.7041,PER YARD
28800-006-583,RIBBON,PLAIN RIBBON,0.7041,PER YARD
28800-006-587,RIBBON,PLAIN RIBBON,0.7772,PER YARD
28800-006-589,RIBBON,PLAIN RIBBON,0.7041,PER YARD
28800-006-593,RIBBON,PLAIN RIBBON,0.7772,PER YARD
28800-006-593-1666,RIBBON,PLAIN RIBBON,,PER YARD
28800-006-614,RIBBON,PLAIN RIBBON,0.7041,PER YARD
28800-006-617,RIBBON,PLAIN RIBBON,0.7772,PER YARD
28800-006-617-0845,RIBBON,PLAIN RIBBON,0.7041,PER YARD
28800-006-625,RIBBON,PLAIN RIBBON,0.7772,PER YARD
28800-006-640,RIBBON,PLAIN RIBBON,0.7407,PER YARD
28800-006-644,RIBBON,PLAIN RIBBON,0.7772,PER YARD
28800-006-645,RIBBON,PLAIN RIBBON,0.7407,PER YARD
28800-006-650,RIBBON,PLAIN RIBBON,0.7041,PER YARD
28800-006-660,RIBBON,PLAIN RIBBON,0.7041,PER YARD
28800-006-662,RIBBON,PLAIN RIBBON,0.7745,PER YARD
28800-006-668,RIBBON,PLAIN RIBBON,0.7041,PER YARD
28800-006-675,RIBBON,PLAIN RIBBON,0.7407,PER YARD
28800-006-686,RIBBON,PLAIN RIBBON,0.7772,PER YARD
28800-006-687,RIBBON,PLAIN RIBBON,0.7772,PER YARD
28800-006-690,RIBBON,PLAIN RIBBON,0.7772,PER YARD
28800-006-693,RIBBON,PLAIN RIBBON,0.7407,PER YARD
28800-006-714,RIBBON,PLAIN RIBBON,0.7407,PER YARD
28800-006-720,RIBBON,PLAIN RIBBON,0.7772,PER YARD
28800-006-743,RIBBON,PLAIN RIBBON,,PER YARD
28800-006-750,RIBBON,PLAIN RIBBON,0.7041,PER YARD
28800-006-751,RIBBON,PLAIN RIBBON,0.7407,PER YARD
28800-006-761,RIBBON,PLAIN RIBBON,0.7041,PER YARD
28800-006-765,RIBBON,PLAIN RIBBON,0.7041,PER YARD
28800-006-777,RIBBON,PLAIN RIBBON,0.7407,PER YARD
28800-006-779,RIBBON,PLAIN RIBBON,0.7772,PER YARD
28800-006-780,RIBBON,PLAIN RIBBON,0.7407,PER YARD
28800-006-785,RIBBON,PLAIN RIBBON,0.7772,PER YARD
28800-006-789,RIBBON,PLAIN RIBBON,0.7407,PER YARD
28800-006-793,RIBBON,PLAIN RIBBON,0.7772,PER YARD
28800-006-810,RIBBON,PLAIN RIBBON,0.7772,PER YARD
28800-006-812,RIBBON,PLAIN RIBBON,0.7041,PER YARD
28800-006-813,RIBBON,PLAIN RIBBON,0.7772,PER YARD
28800-006-814,RIBBON,PLAIN RIBBON,0.7041,PER YARD
28800-006-815,RIBBON,PLAIN RIBBON,0.7772,PER YARD
28800-006-818,RIBBON,PLAIN RIBBON,0.7041,PER YARD
28800-006-820,RIBBON,PLAIN RIBBON,0.7041,PER YARD
28800-006-823,RIBBON,PLAIN RIBBON,0.7041,PER YARD
28800-006-824,RIBBON,PLAIN RIBBON,0.7772,PER YARD
28800-006-824-1423,RIBBON,PLAIN RIBBON,69.9517,PER YARD
28800-006-826,RIBBON,PLAIN RIBBON,0.7041,PER YARD
28800-006-835,RIBBON,PLAIN RIBBON,0.7772,PER YARD
28800-006-836,RIBBON,PLAIN RIBBON,0.7772,PER YARD
28800-006-837,RIBBON,PLAIN RIBBON,0.7772,PER YARD
28800-006-838,RIBBON,PLAIN RIBBON,0.7041,PER YARD
28800-006-839,RIBBON,PLAIN RIBBON,0.7041,PER YARD
28800-006-840,RIBBON,PLAIN RIBBON,0.7393,PER YARD
28800-006-845,RIBBON,PLAIN RIBBON,0.7041,PER YARD
28800-006-846,RIBBON,PLAIN RIBBON,0.7041,PER YARD
28800-006-847,RIBBON,PLAIN RIBBON,0.7772,PER YARD
28800-006-850,RIBBON,PLAIN RIBBON,0.7759,PER YARD
28800-006-855,RIBBON,PLAIN RIBBON,0.7041,PER YARD
28800-006-860,RIBBON,PLAIN RIBBON,0.7772,PER YARD
28800-006-868,RIBBON,PLAIN RIBBON,0.7772,PER YARD
28800-006-869,RIBBON,PLAIN RIBBON,0.7407,PER YARD
28800-006-870,RIBBON,PLAIN RIBBON,0.7772,PER YARD
28800-006164,RIBBON,PLAIN RIBBON,,PER YARD
28800-009-000,RIBBON,PLAIN RIBBON,0.9693,PER YARD
28800-009-007,RIBBON,PLAIN RIBBON,1.207,PER YARD
28800-009-009,RIBBON,PLAIN RIBBON,1.0973,PER YARD
28800-009-012,RIBBON,PLAIN RIBBON,1.207,PER YARD
28800-009-017,RIBBON,PLAIN RIBBON,1.207,PER YARD
28800-009-028,RIBBON,PLAIN RIBBON,1.207,PER YARD
28800-009-029,RIBBON,PLAIN RIBBON,0.8778,PER YARD
28800-009-030,RIBBON,PLAIN RIBBON,0.9693,PER YARD
28800-009-077,RIBBON,PLAIN RIBBON,1.207,PER YARD
28800-009-103,RIBBON,PLAIN RIBBON,1.207,PER YARD
28800-009-105,RIBBON,PLAIN RIBBON,1.207,PER YARD
28800-009-112,RIBBON,PLAIN RIBBON,1.207,PER YARD
28800-009-115,RIBBON,PLAIN RIBBON,1.0973,PER YARD
28800-009-117,RIBBON,PLAIN RIBBON,1.207,PER YARD
28800-009-123,RIBBON,PLAIN RIBBON,1.207,PER YARD
28800-009-141,RIBBON,PLAIN RIBBON,1.0973,PER YARD
28800-009-146,RIBBON,PLAIN RIBBON,1.0973,PER YARD
28800-009-146-0586,RIBBON,PLAIN RIBBON,,PER YARD
28800-009-148,RIBBON,PLAIN RIBBON,1.207,PER YARD
28800-009-149,RIBBON,PLAIN RIBBON,1.207,PER YARD
28800-009-150,RIBBON,PLAIN RIBBON,1.1521,PER YARD
28800-009-151,RIBBON,PLAIN RIBBON,1.0973,PER YARD
28800-009-152,RIBBON,PLAIN RIBBON,1.0973,PER YARD
28800-009-153,RIBBON,PLAIN RIBBON,1.207,PER YARD
28800-009-154,RIBBON,PLAIN RIBBON,1.0973,PER YARD
28800-009-155,RIBBON,PLAIN RIBBON,1.207,PER YARD
28800-009-156,RIBBON,PLAIN RIBBON,1.1521,PER YARD
28800-009-157,RIBBON,PLAIN RIBBON,1.1521,PER YARD
28800-009-158,RIBBON,PLAIN RIBBON,1.0973,PER YARD
28800-009-159,RIBBON,PLAIN RIBBON,1.207,PER YARD
28800-009-160,RIBBON,PLAIN RIBBON,1.0973,PER YARD
28800-009-161,RIBBON,PLAIN RIBBON,1.1521,PER YARD
28800-009-164,RIBBON,PLAIN RIBBON,1.0973,PER YARD
28800-009-165,RIBBON,PLAIN RIBBON,1.0973,PER YARD
28800-009-168,RIBBON,PLAIN RIBBON,1.0973,PER YARD
28800-009-169,RIBBON,PLAIN RIBBON,1.0973,PER YARD
28800-009-174,RIBBON,PLAIN RIBBON,1.0973,PER YARD
28800-009-174-0809,RIBBON,PLAIN RIBBON,1.207,PER YARD
28800-009-175,RIBBON,PLAIN RIBBON,1.0973,PER YARD
28800-009-176,RIBBON,PLAIN RIBBON,1.0973,PER YARD
28800-009-177,RIBBON,PLAIN RIBBON,1.207,PER YARD
28800-009-182,RIBBON,PLAIN RIBBON,1.0973,PER YARD
28800-009-183,RIBBON,PLAIN RIBBON,1.0973,PER YARD
28800-009-185,RIBBON,PLAIN RIBBON,1.0973,PER YARD
28800-009-187,RIBBON,PLAIN RIBBON,1.0973,PER YARD
28800-009-193,RIBBON,PLAIN RIBBON,1.0973,PER YARD
28800-009-198,RIBBON,PLAIN RIBBON,1.0973,PER YARD
28800-009-203,RIBBON,PLAIN RIBBON,1.0973,PER YARD
28800-009-203-2281,RIBBON,PLAIN RIBBON,,PER YARD
28800-009-210,RIBBON,PLAIN RIBBON,1.0973,PER YARD
28800-009-235,RIBBON,PLAIN RIBBON,1.207,PER YARD
28800-009-238,RIBBON,PLAIN RIBBON,1.0973,PER YARD
28800-009-243,RIBBON,PLAIN RIBBON,1.0698,PER YARD
28800-009-250,RIBBON,PLAIN RIBBON,1.207,PER YARD
28800-009-252,RIBBON,PLAIN RIBBON,1.207,PER YARD
28800-009-260,RIBBON,PLAIN RIBBON,1.207,PER YARD
28800-009-264,RIBBON,PLAIN RIBBON,1.1521,PER YARD
28800-009-275,RIBBON,PLAIN RIBBON,1.0973,PER YARD
28800-009-277,RIBBON,PLAIN RIBBON,1.207,PER YARD
28800-009-285,RIBBON,PLAIN RIBBON,,PER YARD
28800-009-290,RIBBON,PLAIN RIBBON,1.207,PER YARD
28800-009-303,RIBBON,PLAIN RIBBON,1.207,PER YARD
28800-009-303-1470,RIBBON,PLAIN RIBBON,,PER YARD
28800-009-305,RIBBON,PLAIN RIBBON,1.0973,PER YARD
28800-009-307,RIBBON,PLAIN RIBBON,1.1521,PER YARD
28800-009-308,RIBBON,PLAIN RIBBON,1.0973,PER YARD
28800-009-311,RIBBON,PLAIN RIBBON,1.207,PER YARD
28800-009-313,RIBBON,PLAIN RIBBON,1.0973,PER YARD
28800-009-314,RIBBON,PLAIN RIBBON,1.0973,PER YARD
28800-009-317,RIBBON,PLAIN RIBBON,1.0973,PER YARD
28800-009-322,RIBBON,PLAIN RIBBON,1.1521,PER YARD
28800-009-323,RIBBON,PLAIN RIBBON,1.0973,PER YARD
28800-009-324,RIBBON,PLAIN RIBBON,1.207,PER YARD
28800-009-325,RIBBON,PLAIN RIBBON,1.0973,PER YARD
28800-009-326,RIBBON,PLAIN RIBBON,,PER YARD
28800-009-327,RIBBON,PLAIN RIBBON,1.207,PER YARD
28800-009-328,RIBBON,PLAIN RIBBON,1.0973,PER YARD
28800-009-329,RIBBON,PLAIN RIBBON,1.0973,PER YARD
28800-009-330,RIBBON,PLAIN RIBBON,1.207,PER YARD
28800-009-331,RIBBON,PLAIN RIBBON,1.207,PER YARD
28800-009-332,RIBBON,PLAIN RIBBON,1.1521,PER YARD
28800-009-333,RIBBON,PLAIN RIBBON,,PER YARD
28800-009-335,RIBBON,PLAIN RIBBON,1.0973,PER YARD
28800-009-336,RIBBON,PLAIN RIBBON,1.0973,PER YARD
28800-009-337,RIBBON,PLAIN RIBBON,,PER YARD
28800-009-338,RIBBON,PLAIN RIBBON,1.0973,PER YARD
28800-009-340,RIBBON,PLAIN RIBBON,1.207,PER YARD
28800-009-342,RIBBON,PLAIN RIBBON,1.0973,PER YARD
28800-009-346,RIBBON,PLAIN RIBBON,,PER YARD
28800-009-347,RIBBON,PLAIN RIBBON,1.207,PER YARD
28800-009-350,RIBBON,PLAIN RIBBON,1.0973,PER YARD
28800-009-352,RIBBON,PLAIN RIBBON,1.0973,PER YARD
28800-009-363,RIBBON,PLAIN RIBBON,1.0973,PER YARD
28800-009-363-1993,RIBBON,PLAIN RIBBON,1.207,PER YARD
28800-009-365,RIBBON,PLAIN RIBBON,1.0973,PER YARD
28800-009-366,RIBBON,PLAIN RIBBON,1.207,PER YARD
28800-009-369,RIBBON,PLAIN RIBBON,1.0973,PER YARD
28800-009-370,RIBBON,PLAIN RIBBON,1.1521,PER YARD
28800-009-371,RIBBON,PLAIN RIBBON,1.207,PER YARD
28800-009-372,RIBBON,PLAIN RIBBON,1.207,PER YARD
28800-009-373,RIBBON,PLAIN RIBBON,1.0973,PER YARD
28800-009-374,RIBBON,PLAIN RIBBON,1.0973,PER YARD
28800-009-420,RIBBON,PLAIN RIBBON,1.5728,PER YARD
28800-009-430,RIBBON,PLAIN RIBBON,1.207,PER YARD
28800-009-434,RIBBON,PLAIN RIBBON,1.0973,PER YARD
28800-009-435,RIBBON,PLAIN RIBBON,1.207,PER YARD
28800-009-447,RIBBON,PLAIN RIBBON,1.207,PER YARD
28800-009-458,RIBBON,PLAIN RIBBON,1.207,PER YARD
28800-009-462,RIBBON,PLAIN RIBBON,1.0973,PER YARD
28800-009-463,RIBBON,PLAIN RIBBON,1.0973,PER YARD
28800-009-464,RIBBON,PLAIN RIBBON,1.0973,PER YARD
28800-009-465,RIBBON,PLAIN RIBBON,1.0973,PER YARD
28800-009-467,RIBBON,PLAIN RIBBON,1.0973,PER YARD
28800-009-470,RIBBON,PLAIN RIBBON,1.0973,PER YARD
28800-009-473,RIBBON,PLAIN RIBBON,1.0973,PER YARD
28800-009-476,RIBBON,PLAIN RIBBON,1.0973,PER YARD
28800-009-477,RIBBON,PLAIN RIBBON,1.0973,PER YARD
28800-009-510,RIBBON,PLAIN RIBBON,1.0973,PER YARD
28800-009-513,RIBBON,PLAIN RIBBON,1.0973,PER YARD
28800-009-520,RIBBON,PLAIN RIBBON,1.207,PER YARD
28800-009-524,RIBBON,PLAIN RIBBON,1.207,PER YARD
28800-009-525,RIBBON,PLAIN RIBBON,1.0973,PER YARD
28800-009-530,RIBBON,PLAIN RIBBON,1.0973,PER YARD
28800-009-544,RIBBON,PLAIN RIBBON,1.0973,PER YARD
28800-009-548,RIBBON,PLAIN RIBBON,,PER YARD
28800-009-549,RIBBON,PLAIN RIBBON,1.0973,PER YARD
28800-009-550,RIBBON,PLAIN RIBBON,1.0973,PER YARD
28800-009-551,RIBBON,PLAIN RIBBON,1.0973,PER YARD
28800-009-552,RIBBON,PLAIN RIBBON,1.0973,PER YARD
28800-009-555,RIBBON,PLAIN RIBBON,,PER YARD
28800-009-556,RIBBON,PLAIN RIBBON,1.0973,PER YARD
28800-009-563,RIBBON,PLAIN RIBBON,,PER YARD
28800-009-564,RIBBON,PLAIN RIBBON,,PER YARD
28800-009-565,RIBBON,PLAIN RIBBON,1.207,PER YARD
28800-009-566,RIBBON,PLAIN RIBBON,1.0973,PER YARD
28800-009-567,RIBBON,PLAIN RIBBON,1.207,PER YARD
28800-009-569,RIBBON,PLAIN RIBBON,1.207,PER YARD
28800-009-570,RIBBON,PLAIN RIBBON,1.0973,PER YARD
28800-009-572,RIBBON,PLAIN RIBBON,1.0973,PER YARD
28800-009-577,RIBBON,PLAIN RIBBON,1.1521,PER YARD
28800-009-579,RIBBON,PLAIN RIBBON,1.1521,PER YARD
28800-009-580,RIBBON,PLAIN RIBBON,1.1521,PER YARD
28800-009-583,RIBBON,PLAIN RIBBON,1.207,PER YARD
28800-009-587,RIBBON,PLAIN RIBBON,1.207,PER YARD
28800-009-589,RIBBON,PLAIN RIBBON,1.207,PER YARD
28800-009-593,RIBBON,PLAIN RIBBON,1.0973,PER YARD
28800-009-600,RIBBON,PLAIN RIBBON,,PER YARD
28800-009-614,RIBBON,PLAIN RIBBON,1.1521,PER YARD
28800-009-617,RIBBON,PLAIN RIBBON,1.0973,PER YARD
28800-009-625,RIBBON,PLAIN RIBBON,1.0973,PER YARD
28800-009-640,RIBBON,PLAIN RIBBON,1.0973,PER YARD
28800-009-644,RIBBON,PLAIN RIBBON,1.207,PER YARD
28800-009-645,RIBBON,PLAIN RIBBON,1.1521,PER YARD
28800-009-650,RIBBON,PLAIN RIBBON,1.207,PER YARD
28800-009-660,RIBBON,PLAIN RIBBON,1.0973,PER YARD
28800-009-662,RIBBON,PLAIN RIBBON,1.207,PER YARD
28800-009-668,RIBBON,PLAIN RIBBON,1.0973,PER YARD
28800-009-675,RIBBON,PLAIN RIBBON,1.207,PER YARD
28800-009-686,RIBBON,PLAIN RIBBON,1.0973,PER YARD
28800-009-687,RIBBON,PLAIN RIBBON,1.1521,PER YARD
28800-009-690,RIBBON,PLAIN RIBBON,1.0973,PER YARD
28800-009-693,RIBBON,PLAIN RIBBON,1.0973,PER YARD
28800-009-714,RIBBON,PLAIN RIBBON,1.0973,PER YARD
28800-009-720,RIBBON,PLAIN RIBBON,1.0973,PER YARD
28800-009-743,RIBBON,PLAIN RIBBON,,PER YARD
28800-009-750,RIBBON,PLAIN RIBBON,1.0973,PER YARD
28800-009-751,RIBBON,PLAIN RIBBON,1.207,PER YARD
28800-009-761,RIBBON,PLAIN RIBBON,1.0973,PER YARD
28800-009-765,RIBBON,PLAIN RIBBON,1.0973,PER YARD
28800-009-777,RIBBON,PLAIN RIBBON,1.207,PER YARD
28800-009-779,RIBBON,PLAIN RIBBON,1.0973,PER YARD
28800-009-780,RIBBON,PLAIN RIBBON,1.0698,PER YARD
28800-009-785,RIBBON,PLAIN RIBBON,1.0973,PER YARD
28800-009-789,RIBBON,PLAIN RIBBON,1.207,PER YARD
28800-009-793,RIBBON,PLAIN RIBBON,1.207,PER YARD
28800-009-810,RIBBON,PLAIN RIBBON,1.0973,PER YARD
28800-009-812,RIBBON,PLAIN RIBBON,1.0973,PER YARD
28800-009-813,RIBBON,PLAIN RIBBON,1.207,PER YARD
28800-009-814,RIBBON,PLAIN RIBBON,1.0973,PER YARD
28800-009-815,RIBBON,PLAIN RIBBON,1.207,PER YARD
28800-009-818,RIBBON,PLAIN RIBBON,1.0973,PER YARD
28800-009-820,RIBBON,PLAIN RIBBON,1.0973,PER YARD
28800-009-823,RIBBON,PLAIN RIBBON,1.0973,PER YARD
28800-009-824,RIBBON,PLAIN RIBBON,1.1521,PER YARD
28800-009-826,RIBBON,PLAIN RIBBON,1.207,PER YARD
28800-009-835,RIBBON,PLAIN RIBBON,1.1521,PER YARD
28800-009-836,RIBBON,PLAIN RIBBON,1.0973,PER YARD
28800-009-837,RIBBON,PLAIN RIBBON,1.207,PER YARD
28800-009-838,RIBBON,PLAIN RIBBON,1.0973,PER YARD
28800-009-839,RIBBON,PLAIN RIBBON,1.0973,PER YARD
28800-009-840,RIBBON,PLAIN RIBBON,1.0973,PER YARD
28800-009-845,RIBBON,PLAIN RIBBON,1.207,PER YARD
28800-009-846,RIBBON,PLAIN RIBBON,,PER YARD
28800-009-847,RIBBON,PLAIN RIBBON,1.207,PER YARD
28800-009-850,RIBBON,PLAIN RIBBON,1.1521,PER YARD
28800-009-855,RIBBON,PLAIN RIBBON,1.207,PER YARD
28800-009-860,RIBBON,PLAIN RIBBON,1.0973,PER YARD
28800-009-868,RIBBON,PLAIN RIBBON,1.207,PER YARD
28800-009-869,RIBBON,PLAIN RIBBON,1.207,PER YARD
28800-009-870,RIBBON,PLAIN RIBBON,1.0973,PER YARD
28800-013-000,RIBBON,PLAIN RIBBON,1.1156,PER YARD
28800-013-007,RIBBON,PLAIN RIBBON,1.5362,PER YARD
28800-013-009,RIBBON,PLAIN RIBBON,1.5362,PER YARD
28800-013-012,RIBBON,PLAIN RIBBON,1.5362,PER YARD
28800-013-017,RIBBON,PLAIN RIBBON,1.5362,PER YARD
28800-013-028,RIBBON,PLAIN RIBBON,1.5362,PER YARD
28800-013-029,RIBBON,PLAIN RIBBON,1.1156,PER YARD
28800-013-030,RIBBON,PLAIN RIBBON,1.2344,PER YARD
28800-013-030-YD,RIBBON,PLAIN RIBBON,,PER YARD
28800-013-077,RIBBON,PLAIN RIBBON,1.5362,PER YARD
28800-013-103,RIBBON,PLAIN RIBBON,1.399,PER YARD
28800-013-105,RIBBON,PLAIN RIBBON,1.5362,PER YARD
28800-013-112,RIBBON,PLAIN RIBBON,1.399,PER YARD
28800-013-115,RIBBON,PLAIN RIBBON,1.399,PER YARD
28800-013-117,RIBBON,PLAIN RIBBON,1.5362,PER YARD
28800-013-123,RIBBON,PLAIN RIBBON,1.5362,PER YARD
28800-013-141,RIBBON,PLAIN RIBBON,1.399,PER YARD
28800-013-141-0513,RIBBON,PLAIN RIBBON,,PER YARD
28800-013-146,RIBBON,PLAIN RIBBON,1.399,PER YARD
28800-013-148,RIBBON,PLAIN RIBBON,1.5362,PER YARD
28800-013-149,RIBBON,PLAIN RIBBON,1.5362,PER YARD
28800-013-150,RIBBON,PLAIN RIBBON,1.4676,PER YARD
28800-013-151,RIBBON,PLAIN RIBBON,1.5362,PER YARD
28800-013-152,RIBBON,PLAIN RIBBON,1.4676,PER YARD
28800-013-153,RIBBON,PLAIN RIBBON,1.5362,PER YARD
28800-013-154,RIBBON,PLAIN RIBBON,1.5362,PER YARD
28800-013-155,RIBBON,PLAIN RIBBON,1.399,PER YARD
28800-013-156,RIBBON,PLAIN RIBBON,1.5362,PER YARD
28800-013-157,RIBBON,PLAIN RIBBON,1.399,PER YARD
28800-013-158,RIBBON,PLAIN RIBBON,1.399,PER YARD
28800-013-159,RIBBON,PLAIN RIBBON,1.399,PER YARD
28800-013-160,RIBBON,PLAIN RIBBON,1.399,PER YARD
28800-013-161,RIBBON,PLAIN RIBBON,1.4676,PER YARD
28800-013-164,RIBBON,PLAIN RIBBON,1.399,PER YARD
28800-013-165,RIBBON,PLAIN RIBBON,1.4676,PER YARD
28800-013-168,RIBBON,PLAIN RIBBON,1.5362,PER YARD
28800-013-169,RIBBON,PLAIN RIBBON,1.399,PER YARD
28800-013-174,RIBBON,PLAIN RIBBON,1.399,PER YARD
28800-013-175,RIBBON,PLAIN RIBBON,1.399,PER YARD
28800-013-176,RIBBON,PLAIN RIBBON,1.5389,PER YARD
28800-013-177,RIBBON,PLAIN RIBBON,1.399,PER YARD
28800-013-182,RIBBON,PLAIN RIBBON,1.5362,PER YARD
28800-013-183,RIBBON,PLAIN RIBBON,1.469,PER YARD
28800-013-185,RIBBON,PLAIN RIBBON,1.399,PER YARD
28800-013-187,RIBBON,PLAIN RIBBON,1.5362,PER YARD
28800-013-193,RIBBON,PLAIN RIBBON,1.4676,PER YARD
28800-013-198,RIBBON,PLAIN RIBBON,1.399,PER YARD
28800-013-203,RIBBON,PLAIN RIBBON,1.4676,PER YARD
28800-013-210,RIBBON,PLAIN RIBBON,1.3641,PER YARD
28800-013-235,RIBBON,PLAIN RIBBON,1.399,PER YARD
28800-013-238,RIBBON,PLAIN RIBBON,1.399,PER YARD
28800-013-243,RIBBON,PLAIN RIBBON,,PER YARD
28800-013-250,RIBBON,PLAIN RIBBON,1.5362,PER YARD
28800-013-252,RIBBON,PLAIN RIBBON,1.5362,PER YARD
28800-013-260,RIBBON,PLAIN RIBBON,1.5362,PER YARD
28800-013-264,RIBBON,PLAIN RIBBON,1.4676,PER YARD
28800-013-275,RIBBON,PLAIN RIBBON,1.399,PER YARD
28800-013-277,RIBBON,PLAIN RIBBON,1.5362,PER YARD
28800-013-285,RIBBON,PLAIN RIBBON,1.399,PER YARD
28800-013-290,RIBBON,PLAIN RIBBON,1.399,PER YARD
28800-013-303,RIBBON,PLAIN RIBBON,1.399,PER YARD
28800-013-305,RIBBON,PLAIN RIBBON,1.4676,PER YARD
28800-013-307,RIBBON,PLAIN RIBBON,1.399,PER YARD
28800-013-308,RIBBON,PLAIN RIBBON,1.5362,PER YARD
28800-013-311,RIBBON,PLAIN RIBBON,1.399,PER YARD
28800-013-313,RIBBON,PLAIN RIBBON,1.399,PER YARD
28800-013-314,RIBBON,PLAIN RIBBON,1.5362,PER YARD
28800-013-317,RIBBON,PLAIN RIBBON,1.5389,PER YARD
28800-013-322,RIBBON,PLAIN RIBBON,1.3641,PER YARD
28800-013-323,RIBBON,PLAIN RIBBON,1.399,PER YARD
28800-013-324,RIBBON,PLAIN RIBBON,1.5362,PER YARD
28800-013-325,RIBBON,PLAIN RIBBON,1.4676,PER YARD
28800-013-326,RIBBON,PLAIN RIBBON,1.399,PER YARD
28800-013-327,RIBBON,PLAIN RIBBON,1.399,PER YARD
28800-013-329,RIBBON,PLAIN RIBBON,1.399,PER YARD
28800-013-330,RIBBON,PLAIN RIBBON,1.399,PER YARD
28800-013-331,RIBBON,PLAIN RIBBON,1.399,PER YARD
28800-013-332,RIBBON,PLAIN RIBBON,1.5362,PER YARD
28800-013-333,RIBBON,PLAIN RIBBON,1.399,PER YARD
28800-013-335,RIBBON,PLAIN RIBBON,1.399,PER YARD
28800-013-336,RIBBON,PLAIN RIBBON,1.399,PER YARD
28800-013-338,RIBBON,PLAIN RIBBON,1.5362,PER YARD
28800-013-342,RIBBON,PLAIN RIBBON,1.399,PER YARD
28800-013-343,RIBBON,PLAIN RIBBON,1.4676,PER YARD
28800-013-346,RIBBON,PLAIN RIBBON,,PER YARD
28800-013-347,RIBBON,PLAIN RIBBON,1.5362,PER YARD
28800-013-350,RIBBON,PLAIN RIBBON,1.3641,PER YARD
28800-013-352,RIBBON,PLAIN RIBBON,1.399,PER YARD
28800-013-363,RIBBON,PLAIN RIBBON,1.5362,PER YARD
28800-013-365,RIBBON,PLAIN RIBBON,1.5362,PER YARD
28800-013-366,RIBBON,PLAIN RIBBON,1.399,PER YARD
28800-013-369,RIBBON,PLAIN RIBBON,1.399,PER YARD
28800-013-370,RIBBON,PLAIN RIBBON,1.399,PER YARD
28800-013-371,RIBBON,PLAIN RIBBON,1.399,PER YARD
28800-013-372,RIBBON,PLAIN RIBBON,1.5362,PER YARD
28800-013-374,RIBBON,PLAIN RIBBON,1.3641,PER YARD
28800-013-420,RIBBON,PLAIN RIBBON,1.399,PER YARD
28800-013-430,RIBBON,PLAIN RIBBON,1.5362,PER YARD
28800-013-434,RIBBON,PLAIN RIBBON,1.5362,PER YARD
28800-013-435,RIBBON,PLAIN RIBBON,1.399,PER YARD
28800-013-447,RIBBON,PLAIN RIBBON,1.5362,PER YARD
28800-013-458,RIBBON,PLAIN RIBBON,1.5362,PER YARD
28800-013-462,RIBBON,PLAIN RIBBON,1.5362,PER YARD
28800-013-463,RIBBON,PLAIN RIBBON,1.399,PER YARD
28800-013-464,RIBBON,PLAIN RIBBON,1.5362,PER YARD
28800-013-465,RIBBON,PLAIN RIBBON,1.5362,PER YARD
28800-013-467,RIBBON,PLAIN RIBBON,1.399,PER YARD
28800-013-470,RIBBON,PLAIN RIBBON,1.399,PER YARD
28800-013-473,RIBBON,PLAIN RIBBON,1.5362,PER YARD
28800-013-476,RIBBON,PLAIN RIBBON,1.5362,PER YARD
28800-013-477,RIBBON,PLAIN RIBBON,1.399,PER YARD
28800-013-510,RIBBON,PLAIN RIBBON,,PER YARD
28800-013-513,RIBBON,PLAIN RIBBON,1.399,PER YARD
28800-013-520,RIBBON,PLAIN RIBBON,1.399,PER YARD
28800-013-524,RIBBON,PLAIN RIBBON,1.399,PER YARD
28800-013-525,RIBBON,PLAIN RIBBON,1.5389,PER YARD
28800-013-530,RIBBON,PLAIN RIBBON,1.399,PER YARD
28800-013-544,RIBBON,PLAIN RIBBON,1.5389,PER YARD
28800-013-548,RIBBON,PLAIN RIBBON,1.5362,PER YARD
28800-013-549,RIBBON,PLAIN RIBBON,1.5362,PER YARD
28800-013-550,RIBBON,PLAIN RIBBON,,PER YARD
28800-013-551,RIBBON,PLAIN RIBBON,1.399,PER YARD
28800-013-552,RIBBON,PLAIN RIBBON,,PER YARD
28800-013-555,RIBBON,PLAIN RIBBON,1.5362,PER YARD
28800-013-556,RIBBON,PLAIN RIBBON,1.5362,PER YARD
28800-013-563,RIBBON,PLAIN RIBBON,1.5362,PER YARD
28800-013-564,RIBBON,PLAIN RIBBON,1.3291,PER YARD
28800-013-565,RIBBON,PLAIN RIBBON,1.399,PER YARD
28800-013-566,RIBBON,PLAIN RIBBON,1.399,PER YARD
28800-013-567,RIBBON,PLAIN RIBBON,1.4676,PER YARD
28800-013-569,RIBBON,PLAIN RIBBON,1.5362,PER YARD
28800-013-569-1502,RIBBON,PLAIN RIBBON,,PER YARD
28800-013-570,RIBBON,PLAIN RIBBON,1.399,PER YARD
28800-013-572,RIBBON,PLAIN RIBBON,1.5362,PER YARD
28800-013-577,RIBBON,PLAIN RIBBON,1.5362,PER YARD
28800-013-579,RIBBON,PLAIN RIBBON,1.399,PER YARD
28800-013-580,RIBBON,PLAIN RIBBON,1.5362,PER YARD
28800-013-583,RIBBON,PLAIN RIBBON,1.399,PER YARD
28800-013-587,RIBBON,PLAIN RIBBON,1.399,PER YARD
28800-013-589,RIBBON,PLAIN RIBBON,1.399,PER YARD
28800-013-593,RIBBON,PLAIN RIBBON,1.5362,PER YARD
28800-013-614,RIBBON,PLAIN RIBBON,1.399,PER YARD
28800-013-617,RIBBON,PLAIN RIBBON,1.5376,PER YARD
28800-013-640,RIBBON,PLAIN RIBBON,1.399,PER YARD
28800-013-644,RIBBON,PLAIN RIBBON,1.399,PER YARD
28800-013-645,RIBBON,PLAIN RIBBON,1.5362,PER YARD
28800-013-650,RIBBON,PLAIN RIBBON,1.5362,PER YARD
28800-013-660,RIBBON,PLAIN RIBBON,1.399,PER YARD
28800-013-662,RIBBON,PLAIN RIBBON,1.399,PER YARD
28800-013-664,RIBBON,PLAIN RIBBON,1.399,PER YARD
28800-013-668,RIBBON,PLAIN RIBBON,1.4676,PER YARD
28800-013-675,RIBBON,PLAIN RIBBON,1.399,PER YARD
28800-013-686,RIBBON,PLAIN RIBBON,1.5362,PER YARD
28800-013-687,RIBBON,PLAIN RIBBON,1.5362,PER YARD
28800-013-690,RIBBON,PLAIN RIBBON,1.5362,PER YARD
28800-013-693,RIBBON,PLAIN RIBBON,1.399,PER YARD
28800-013-714,RIBBON,PLAIN RIBBON,1.3641,PER YARD
28800-013-720,RIBBON,PLAIN RIBBON,1.399,PER YARD
28800-013-743,RIBBON,PLAIN RIBBON,1.399,PER YARD
28800-013-750,RIBBON,PLAIN RIBBON,1.5362,PER YARD
28800-013-751,RIBBON,PLAIN RIBBON,1.399,PER YARD
28800-013-761,RIBBON,PLAIN RIBBON,1.399,PER YARD
28800-013-777,RIBBON,PLAIN RIBBON,1.399,PER YARD
28800-013-779,RIBBON,PLAIN RIBBON,1.5362,PER YARD
28800-013-780,RIBBON,PLAIN RIBBON,1.5362,PER YARD
28800-013-785,RIBBON,PLAIN RIBBON,1.399,PER YARD
28800-013-789,RIBBON,PLAIN RIBBON,1.4676,PER YARD
28800-013-793,RIBBON,PLAIN RIBBON,1.399,PER YARD
28800-013-810,RIBBON,PLAIN RIBBON,1.5362,PER YARD
28800-013-812,RIBBON,PLAIN RIBBON,,PER YARD
28800-013-813,RIBBON,PLAIN RIBBON,1.5362,PER YARD
28800-013-814,RIBBON,PLAIN RIBBON,1.5362,PER YARD
28800-013-815,RIBBON,PLAIN RIBBON,1.4676,PER YARD
28800-013-818,RIBBON,PLAIN RIBBON,1.5362,PER YARD
28800-013-820,RIBBON,PLAIN RIBBON,1.399,PER YARD
28800-013-823,RIBBON,PLAIN RIBBON,,PER YARD
28800-013-824,RIBBON,PLAIN RIBBON,1.5362,PER YARD
28800-013-826,RIBBON,PLAIN RIBBON,1.399,PER YARD
28800-013-835,RIBBON,PLAIN RIBBON,1.399,PER YARD
28800-013-836,RIBBON,PLAIN RIBBON,1.5362,PER YARD
28800-013-837,RIBBON,PLAIN RIBBON,1.5362,PER YARD
28800-013-838,RIBBON,PLAIN RIBBON,,PER YARD
28800-013-839,RIBBON,PLAIN RIBBON,1.5362,PER YARD
28800-013-840,RIBBON,PLAIN RIBBON,1.399,PER YARD
28800-013-845,RIBBON,PLAIN RIBBON,1.399,PER YARD
28800-013-846,RIBBON,PLAIN RIBBON,1.399,PER YARD
28800-013-847,RIBBON,PLAIN RIBBON,1.399,PER YARD
28800-013-850,RIBBON,PLAIN RIBBON,1.399,PER YARD
28800-013-855,RIBBON,PLAIN RIBBON,1.399,PER YARD
28800-013-860,RIBBON,PLAIN RIBBON,1.5362,PER YARD
28800-013-868,RIBBON,PLAIN RIBBON,1.4676,PER YARD
28800-013-869,RIBBON,PLAIN RIBBON,1.5362,PER YARD
28800-013-870,RIBBON,PLAIN RIBBON,1.3641,PER YARD
28800-016-000,RIBBON,PLAIN RIBBON,1.6734,PER YARD
28800-016-007,RIBBON,PLAIN RIBBON,1.998,PER YARD
28800-016-009,RIBBON,PLAIN RIBBON,2.094,PER YARD
28800-016-012,RIBBON,PLAIN RIBBON,1.902,PER YARD
28800-016-017,RIBBON,PLAIN RIBBON,1.902,PER YARD
28800-016-028,RIBBON,PLAIN RIBBON,1.998,PER YARD
28800-016-029,RIBBON,PLAIN RIBBON,1.6734,PER YARD
28800-016-030,RIBBON,PLAIN RIBBON,1.6734,PER YARD
28800-016-077,RIBBON,PLAIN RIBBON,1.998,PER YARD
28800-016-103,RIBBON,PLAIN RIBBON,1.998,PER YARD
28800-016-103-2268,RIBBON,PLAIN RIBBON,1.902,PER YARD
28800-016-105,RIBBON,PLAIN RIBBON,1.902,PER YARD
28800-016-112,RIBBON,PLAIN RIBBON,2.094,PER YARD
28800-016-115,RIBBON,PLAIN RIBBON,2.094,PER YARD
28800-016-117,RIBBON,PLAIN RIBBON,2.094,PER YARD
28800-016-123,RIBBON,PLAIN RIBBON,1.902,PER YARD
28800-016-141,RIBBON,PLAIN RIBBON,1.902,PER YARD
28800-016-141-0513,RIBBON,PLAIN RIBBON,,PER YARD
28800-016-146,RIBBON,PLAIN RIBBON,1.902,PER YARD
28800-016-146-0586,RIBBON,PLAIN RIBBON,,PER YARD
28800-016-148,RIBBON,PLAIN RIBBON,2.094,PER YARD
28800-016-149,RIBBON,PLAIN RIBBON,1.902,PER YARD
28800-016-150,RIBBON,PLAIN RIBBON,2.094,PER YARD
28800-016-151,RIBBON,PLAIN RIBBON,2.094,PER YARD
28800-016-152,RIBBON,PLAIN RIBBON,,PER YARD
28800-016-153,RIBBON,PLAIN RIBBON,2.094,PER YARD
28800-016-154,RIBBON,PLAIN RIBBON,1.902,PER YARD
28800-016-155,RIBBON,PLAIN RIBBON,1.902,PER YARD
28800-016-156,RIBBON,PLAIN RIBBON,1.902,PER YARD
28800-016-157,RIBBON,PLAIN RIBBON,2.094,PER YARD
28800-016-158,RIBBON,PLAIN RIBBON,1.902,PER YARD
28800-016-159,RIBBON,PLAIN RIBBON,1.902,PER YARD
28800-016-160,RIBBON,PLAIN RIBBON,2.094,PER YARD
28800-016-161,RIBBON,PLAIN RIBBON,2.094,PER YARD
28800-016-164,RIBBON,PLAIN RIBBON,1.998,PER YARD
28800-016-164-0871,RIBBON,PLAIN RIBBON,,PER YARD
28800-016-165,RIBBON,PLAIN RIBBON,1.902,PER YARD
28800-016-1650,RIBBON,PLAIN RIBBON,1.902,PER YARD
28800-016-168,RIBBON,PLAIN RIBBON,2.094,PER YARD
28800-016-169,RIBBON,PLAIN RIBBON,,PER YARD
28800-016-174,RIBBON,PLAIN RIBBON,1.8069,PER YARD
28800-016-175,RIBBON,PLAIN RIBBON,1.902,PER YARD
28800-016-176,RIBBON,PLAIN RIBBON,1.902,PER YARD
28800-016-177,RIBBON,PLAIN RIBBON,2.094,PER YARD
28800-016-183,RIBBON,PLAIN RIBBON,2.094,PER YARD
28800-016-185,RIBBON,PLAIN RIBBON,1.902,PER YARD
28800-016-187,RIBBON,PLAIN RIBBON,2.094,PER YARD
28800-016-193,RIBBON,PLAIN RIBBON,1.902,PER YARD
28800-016-198,RIBBON,PLAIN RIBBON,1.902,PER YARD
28800-016-203,RIBBON,PLAIN RIBBON,2.094,PER YARD
28800-016-210,RIBBON,PLAIN RIBBON,1.902,PER YARD
28800-016-235,RIBBON,PLAIN RIBBON,1.8544,PER YARD
28800-016-238,RIBBON,PLAIN RIBBON,1.902,PER YARD
28800-016-243,RIBBON,PLAIN RIBBON,1.902,PER YARD
28800-016-250,RIBBON,PLAIN RIBBON,2.094,PER YARD
28800-016-252,RIBBON,PLAIN RIBBON,1.902,PER YARD
28800-016-260,RIBBON,PLAIN RIBBON,2.094,PER YARD
28800-016-264,RIBBON,PLAIN RIBBON,2.542,PER YARD
28800-016-275,RIBBON,PLAIN RIBBON,2.6975,PER YARD
28800-016-277,RIBBON,PLAIN RIBBON,2.094,PER YARD
28800-016-277-0797,RIBBON,PLAIN RIBBON,,PER YARD
28800-016-285,RIBBON,PLAIN RIBBON,,PER YARD
28800-016-290,RIBBON,PLAIN RIBBON,1.8069,PER YARD
28800-016-303,RIBBON,PLAIN RIBBON,,PER YARD
28800-016-303-1490,RIBBON,PLAIN RIBBON,2.094,PER YARD
28800-016-305,RIBBON,PLAIN RIBBON,2.094,PER YARD
28800-016-307,RIBBON,PLAIN RIBBON,2.094,PER YARD
28800-016-308,RIBBON,PLAIN RIBBON,2.094,PER YARD
28800-016-311,RIBBON,PLAIN RIBBON,2.542,PER YARD
28800-016-313,RIBBON,PLAIN RIBBON,2.094,PER YARD
28800-016-314,RIBBON,PLAIN RIBBON,2.094,PER YARD
28800-016-317,RIBBON,PLAIN RIBBON,,PER YARD
28800-016-322,RIBBON,PLAIN RIBBON,2.094,PER YARD
28800-016-323,RIBBON,PLAIN RIBBON,1.902,PER YARD
28800-016-324,RIBBON,PLAIN RIBBON,1.902,PER YARD
28800-016-325,RIBBON,PLAIN RIBBON,1.902,PER YARD
28800-016-326,RIBBON,PLAIN RIBBON,1.8544,PER YARD
28800-016-327,RIBBON,PLAIN RIBBON,1.8069,PER YARD
28800-016-328,RIBBON,PLAIN RIBBON,2.094,PER YARD
28800-016-329,RIBBON,PLAIN RIBBON,2.094,PER YARD
28800-016-330,RIBBON,PLAIN RIBBON,1.902,PER YARD
28800-016-331,RIBBON,PLAIN RIBBON,1.902,PER YARD
28800-016-332,RIBBON,PLAIN RIBBON,2.094,PER YARD
28800-016-333,RIBBON,PLAIN RIBBON,,PER YARD
28800-016-335,RIBBON,PLAIN RIBBON,1.8069,PER YARD
28800-016-337,RIBBON,PLAIN RIBBON,,PER YARD
28800-016-338,RIBBON,PLAIN RIBBON,1.902,PER YARD
28800-016-340,RIBBON,PLAIN RIBBON,1.902,PER YARD
28800-016-342,RIBBON,PLAIN RIBBON,2.094,PER YARD
28800-016-343,RIBBON,PLAIN RIBBON,1.8069,PER YARD
28800-016-346,RIBBON,PLAIN RIBBON,1.902,PER YARD
28800-016-347,RIBBON,PLAIN RIBBON,1.902,PER YARD
28800-016-350,RIBBON,PLAIN RIBBON,2.094,PER YARD
28800-016-352,RIBBON,PLAIN RIBBON,2.094,PER YARD
28800-016-363,RIBBON,PLAIN RIBBON,1.902,PER YARD
28800-016-365,RIBBON,PLAIN RIBBON,,PER YARD
28800-016-366,RIBBON,PLAIN RIBBON,2.094,PER YARD
28800-016-369,RIBBON,PLAIN RIBBON,,PER YARD
28800-016-370,RIBBON,PLAIN RIBBON,1.902,PER YARD
28800-016-371,RIBBON,PLAIN RIBBON,2.094,PER YARD
28800-016-372,RIBBON,PLAIN RIBBON,1.902,PER YARD
28800-016-373,RIBBON,PLAIN RIBBON,1.902,PER YARD
28800-016-374,RIBBON,PLAIN RIBBON,2.094,PER YARD
28800-016-420,RIBBON,PLAIN RIBBON,2.094,PER YARD
28800-016-430,RIBBON,PLAIN RIBBON,2.094,PER YARD
28800-016-434,RIBBON,PLAIN RIBBON,1.902,PER YARD
28800-016-435,RIBBON,PLAIN RIBBON,1.902,PER YARD
28800-016-447,RIBBON,PLAIN RIBBON,1.902,PER YARD
28800-016-458,RIBBON,PLAIN RIBBON,1.8205,PER YARD
28800-016-462,RIBBON,PLAIN RIBBON,1.902,PER YARD
28800-016-463,RIBBON,PLAIN RIBBON,1.902,PER YARD
28800-016-464,RIBBON,PLAIN RIBBON,1.8069,PER YARD
28800-016-465,RIBBON,PLAIN RIBBON,2.094,PER YARD
28800-016-467,RIBBON,PLAIN RIBBON,1.902,PER YARD
28800-016-470,RIBBON,PLAIN RIBBON,1.998,PER YARD
28800-016-473,RIBBON,PLAIN RIBBON,1.902,PER YARD
28800-016-473-1361,RIBBON,PLAIN RIBBON,,PER YARD
28800-016-476,RIBBON,PLAIN RIBBON,1.902,PER YARD
28800-016-510,RIBBON,PLAIN RIBBON,1.8069,PER YARD
28800-016-513,RIBBON,PLAIN RIBBON,1.902,PER YARD
28800-016-520,RIBBON,PLAIN RIBBON,1.902,PER YARD
28800-016-524,RIBBON,PLAIN RIBBON,1.8069,PER YARD
28800-016-530,RIBBON,PLAIN RIBBON,1.902,PER YARD
28800-016-548,RIBBON,PLAIN RIBBON,2.094,PER YARD
28800-016-549,RIBBON,PLAIN RIBBON,2.094,PER YARD
28800-016-551,RIBBON,PLAIN RIBBON,1.902,PER YARD
28800-016-552,RIBBON,PLAIN RIBBON,,PER YARD
28800-016-556,RIBBON,PLAIN RIBBON,2.094,PER YARD
28800-016-563,RIBBON,PLAIN RIBBON,2.094,PER YARD
28800-016-564,RIBBON,PLAIN RIBBON,1.8069,PER YARD
28800-016-565,RIBBON,PLAIN RIBBON,1.902,PER YARD
28800-016-566,RIBBON,PLAIN RIBBON,1.998,PER YARD
28800-016-567,RIBBON,PLAIN RIBBON,1.902,PER YARD
28800-016-569,RIBBON,PLAIN RIBBON,1.902,PER YARD
28800-016-569-1502,RIBBON,PLAIN RIBBON,1.902,PER YARD
28800-016-570,RIBBON,PLAIN RIBBON,1.902,PER YARD
28800-016-572,RIBBON,PLAIN RIBBON,1.902,PER YARD
28800-016-577,RIBBON,PLAIN RIBBON,1.8544,PER YARD
28800-016-583,RIBBON,PLAIN RIBBON,1.8069,PER YARD
28800-016-587,RIBBON,PLAIN RIBBON,2.094,PER YARD
28800-016-589,RIBBON,PLAIN RIBBON,1.902,PER YARD
28800-016-593,RIBBON,PLAIN RIBBON,1.902,PER YARD
28800-016-600,RIBBON,PLAIN RIBBON,1.902,PER YARD
28800-016-614,RIBBON,PLAIN RIBBON,2.094,PER YARD
28800-016-617,RIBBON,PLAIN RIBBON,,PER YARD
28800-016-625,RIBBON,PLAIN RIBBON,1.8069,PER YARD
28800-016-640,RIBBON,PLAIN RIBBON,1.902,PER YARD
28800-016-644,RIBBON,PLAIN RIBBON,,PER YARD
28800-016-645,RIBBON,PLAIN RIBBON,1.902,PER YARD
28800-016-650,RIBBON,PLAIN RIBBON,2.094,PER YARD
28800-016-660,RIBBON,PLAIN RIBBON,,PER YARD
28800-016-662,RIBBON,PLAIN RIBBON,1.902,PER YARD
28800-016-668,RIBBON,PLAIN RIBBON,1.902,PER YARD
28800-016-675,RIBBON,PLAIN RIBBON,2.094,PER YARD
28800-016-686,RIBBON,PLAIN RIBBON,2.094,PER YARD
28800-016-687,RIBBON,PLAIN RIBBON,2.094,PER YARD
28800-016-690,RIBBON,PLAIN RIBBON,1.902,PER YARD
28800-016-693,RIBBON,PLAIN RIBBON,1.998,PER YARD
28800-016-714,RIBBON,PLAIN RIBBON,2.094,PER YARD
28800-016-720,RIBBON,PLAIN RIBBON,1.902,PER YARD
28800-016-743,RIBBON,PLAIN RIBBON,1.8069,PER YARD
28800-016-750,RIBBON,PLAIN RIBBON,2.094,PER YARD
28800-016-751,RIBBON,PLAIN RIBBON,1.902,PER YARD
28800-016-761,RIBBON,PLAIN RIBBON,1.902,PER YARD
28800-016-765,RIBBON,PLAIN RIBBON,1.8069,PER YARD
28800-016-777,RIBBON,PLAIN RIBBON,2.094,PER YARD
28800-016-779,RIBBON,PLAIN RIBBON,1.902,PER YARD
28800-016-780,RIBBON,PLAIN RIBBON,1.8069,PER YARD
28800-016-785,RIBBON,PLAIN RIBBON,1.8069,PER YARD
28800-016-789,RIBBON,PLAIN RIBBON,2.094,PER YARD
28800-016-793,RIBBON,PLAIN RIBBON,1.902,PER YARD
28800-016-810,RIBBON,PLAIN RIBBON,2.094,PER YARD
28800-016-812,RIBBON,PLAIN RIBBON,1.998,PER YARD
28800-016-813,RIBBON,PLAIN RIBBON,2.094,PER YARD
28800-016-813-2065,RIBBON,PLAIN RIBBON,1.902,PER YARD
28800-016-814,RIBBON,PLAIN RIBBON,2.094,PER YARD
28800-016-815,RIBBON,PLAIN RIBBON,1.902,PER YARD
28800-016-818,RIBBON,PLAIN RIBBON,1.998,PER YARD
28800-016-820,RIBBON,PLAIN RIBBON,2.094,PER YARD
28800-016-823,RIBBON,PLAIN RIBBON,1.902,PER YARD
28800-016-824,RIBBON,PLAIN RIBBON,2.094,PER YARD
28800-016-826,RIBBON,PLAIN RIBBON,1.998,PER YARD
28800-016-835,RIBBON,PLAIN RIBBON,2.094,PER YARD
28800-016-835-6457,RIBBON,PLAIN RIBBON,,PER YARD
28800-016-836,RIBBON,PLAIN RIBBON,1.902,PER YARD
28800-016-837,RIBBON,PLAIN RIBBON,2.094,PER YARD
28800-016-838,RIBBON,PLAIN RIBBON,1.902,PER YARD
28800-016-840,RIBBON,PLAIN RIBBON,1.902,PER YARD
28800-016-845,RIBBON,PLAIN RIBBON,1.8069,PER YARD
28800-016-846,RIBBON,PLAIN RIBBON,1.902,PER YARD
28800-016-847,RIBBON,PLAIN RIBBON,1.998,PER YARD
28800-016-850,RIBBON,PLAIN RIBBON,2.094,PER YARD
28800-016-855,RIBBON,PLAIN RIBBON,1.207,PER YARD
28800-016-860,RIBBON,PLAIN RIBBON,1.902,PER YARD
28800-016-868,RIBBON,PLAIN RIBBON,2.094,PER YARD
28800-016-869,RIBBON,PLAIN RIBBON,1.998,PER YARD
28800-016-870,RIBBON,PLAIN RIBBON,1.902,PER YARD
28800-019-000,RIBBON,PLAIN RIBBON,1.7648,PER YARD
28800-019-007,RIBBON,PLAIN RIBBON,2.4236,PER YARD
28800-019-009,RIBBON,PLAIN RIBBON,2.4232,PER YARD
28800-019-012,RIBBON,PLAIN RIBBON,2.4232,PER YARD
28800-019-017,RIBBON,PLAIN RIBBON,2.4232,PER YARD
28800-019-028,RIBBON,PLAIN RIBBON,2.4232,PER YARD
28800-019-029,RIBBON,PLAIN RIBBON,1.9385,PER YARD
28800-019-030,RIBBON,PLAIN RIBBON,1.9385,PER YARD
28800-019-077,RIBBON,PLAIN RIBBON,2.2037,PER YARD
28800-019-103,RIBBON,PLAIN RIBBON,2.4232,PER YARD
28800-019-105,RIBBON,PLAIN RIBBON,3.1455,PER YARD
28800-019-112,RIBBON,PLAIN RIBBON,2.3134,PER YARD
28800-019-112-4348,RIBBON,PLAIN RIBBON,,PER YARD
28800-019-112-4454,RIBBON,PLAIN RIBBON,,PER YARD
28800-019-115,RIBBON,PLAIN RIBBON,2.2037,PER YARD
28800-019-117,RIBBON,PLAIN RIBBON,2.2037,PER YARD
28800-019-123,RIBBON,PLAIN RIBBON,2.6746,PER YARD
28800-019-141,RIBBON,PLAIN RIBBON,2.4232,PER YARD
28800-019-146,RIBBON,PLAIN RIBBON,2.2037,PER YARD
28800-019-148,RIBBON,PLAIN RIBBON,2.2037,PER YARD
28800-019-149,RIBBON,PLAIN RIBBON,2.4232,PER YARD
28800-019-150,RIBBON,PLAIN RIBBON,2.2037,PER YARD
28800-019-151,RIBBON,PLAIN RIBBON,2.4232,PER YARD
28800-019-152,RIBBON,PLAIN RIBBON,2.0935,PER YARD
28800-019-153,RIBBON,PLAIN RIBBON,2.4232,PER YARD
28800-019-154,RIBBON,PLAIN RIBBON,2.4232,PER YARD
28800-019-155,RIBBON,PLAIN RIBBON,2.2037,PER YARD
28800-019-156,RIBBON,PLAIN RIBBON,2.2037,PER YARD
28800-019-157,RIBBON,PLAIN RIBBON,2.2037,PER YARD
28800-019-158,RIBBON,PLAIN RIBBON,2.2037,PER YARD
28800-019-158-1147,RIBBON,PLAIN RIBBON,,PER YARD
28800-019-159,RIBBON,PLAIN RIBBON,2.2037,PER YARD
28800-019-160,RIBBON,PLAIN RIBBON,2.2037,PER YARD
28800-019-161,RIBBON,PLAIN RIBBON,2.3683,PER YARD
28800-019-164,RIBBON,PLAIN RIBBON,3.1455,PER YARD
28800-019-168,RIBBON,PLAIN RIBBON,2.4232,PER YARD
28800-019-169,RIBBON,PLAIN RIBBON,2.2037,PER YARD
28800-019-175,RIBBON,PLAIN RIBBON,2.2037,PER YARD
28800-019-176,RIBBON,PLAIN RIBBON,2.4232,PER YARD
28800-019-177,RIBBON,PLAIN RIBBON,2.4232,PER YARD
28800-019-182,RIBBON,PLAIN RIBBON,,PER YARD
28800-019-183,RIBBON,PLAIN RIBBON,2.2037,PER YARD
28800-019-185,RIBBON,PLAIN RIBBON,2.2037,PER YARD
28800-019-187,RIBBON,PLAIN RIBBON,2.3134,PER YARD
28800-019-193,RIBBON,PLAIN RIBBON,2.2037,PER YARD
28800-019-198,RIBBON,PLAIN RIBBON,2.2037,PER YARD
28800-019-203,RIBBON,PLAIN RIBBON,2.2037,PER YARD
28800-019-210,RIBBON,PLAIN RIBBON,2.2037,PER YARD
28800-019-235,RIBBON,PLAIN RIBBON,2.3134,PER YARD
28800-019-238,RIBBON,PLAIN RIBBON,2.4232,PER YARD
28800-019-243,RIBBON,PLAIN RIBBON,,PER YARD
28800-019-250,RIBBON,PLAIN RIBBON,2.4232,PER YARD
28800-019-252,RIBBON,PLAIN RIBBON,2.4232,PER YARD
28800-019-260,RIBBON,PLAIN RIBBON,2.4232,PER YARD
28800-019-264,RIBBON,PLAIN RIBBON,2.2037,PER YARD
28800-019-275,RIBBON,PLAIN RIBBON,2.6746,PER YARD
28800-019-277,RIBBON,PLAIN RIBBON,2.4232,PER YARD
28800-019-290,RIBBON,PLAIN RIBBON,,PER YARD
28800-019-303,RIBBON,PLAIN RIBBON,2.2037,PER YARD
28800-019-305,RIBBON,PLAIN RIBBON,2.2037,PER YARD
28800-019-307,RIBBON,PLAIN RIBBON,2.2037,PER YARD
28800-019-308,RIBBON,PLAIN RIBBON,2.4232,PER YARD
28800-019-311,RIBBON,PLAIN RIBBON,2.0935,PER YARD
28800-019-313,RIBBON,PLAIN RIBBON,2.2037,PER YARD
28800-019-314,RIBBON,PLAIN RIBBON,3.1455,PER YARD
28800-019-317,RIBBON,PLAIN RIBBON,2.2037,PER YARD
28800-019-322,RIBBON,PLAIN RIBBON,2.4232,PER YARD
28800-019-323,RIBBON,PLAIN RIBBON,2.2037,PER YARD
28800-019-324,RIBBON,PLAIN RIBBON,,PER YARD
28800-019-325,RIBBON,PLAIN RIBBON,,PER YARD
28800-019-327,RIBBON,PLAIN RIBBON,2.2037,PER YARD
28800-019-328,RIBBON,PLAIN RIBBON,2.4232,PER YARD
28800-019-329,RIBBON,PLAIN RIBBON,2.4232,PER YARD
28800-019-330,RIBBON,PLAIN RIBBON,2.4232,PER YARD
28800-019-331,RIBBON,PLAIN RIBBON,2.2037,PER YARD
28800-019-332,RIBBON,PLAIN RIBBON,2.2037,PER YARD
28800-019-333,RIBBON,PLAIN RIBBON,2.4236,PER YARD
28800-019-335,RIBBON,PLAIN RIBBON,2.0935,PER YARD
28800-019-336,RIBBON,PLAIN RIBBON,2.0935,PER YARD
28800-019-337,RIBBON,PLAIN RIBBON,2.4232,PER YARD
28800-019-340,RIBBON,PLAIN RIBBON,,PER YARD
28800-019-342,RIBBON,PLAIN RIBBON,2.0935,PER YARD
28800-019-343,RIBBON,PLAIN RIBBON,2.2037,PER YARD
28800-019-346,RIBBON,PLAIN RIBBON,2.4232,PER YARD
28800-019-347,RIBBON,PLAIN RIBBON,2.4232,PER YARD
28800-019-350,RIBBON,PLAIN RIBBON,2.4232,PER YARD
28800-019-352,RIBBON,PLAIN RIBBON,2.4232,PER YARD
28800-019-363,RIBBON,PLAIN RIBBON,2.2037,PER YARD
28800-019-365,RIBBON,PLAIN RIBBON,2.4232,PER YARD
28800-019-366,RIBBON,PLAIN RIBBON,2.1486,PER YARD
28800-019-369,RIBBON,PLAIN RIBBON,2.1486,PER YARD
28800-019-370,RIBBON,PLAIN RIBBON,2.4232,PER YARD
28800-019-371,RIBBON,PLAIN RIBBON,2.2037,PER YARD
28800-019-372,RIBBON,PLAIN RIBBON,2.2037,PER YARD
28800-019-373,RIBBON,PLAIN RIBBON,2.2037,PER YARD
28800-019-374,RIBBON,PLAIN RIBBON,2.2037,PER YARD
28800-019-420,RIBBON,PLAIN RIBBON,2.2037,PER YARD
28800-019-430,RIBBON,PLAIN RIBBON,2.3134,PER YARD
28800-019-434,RIBBON,PLAIN RIBBON,2.2037,PER YARD
28800-019-435,RIBBON,PLAIN RIBBON,,PER YARD
28800-019-447,RIBBON,PLAIN RIBBON,2.3134,PER YARD
28800-019-458,RIBBON,PLAIN RIBBON,2.4232,PER YARD
28800-019-462,RIBBON,PLAIN RIBBON,2.3134,PER YARD
28800-019-463,RIBBON,PLAIN RIBBON,2.4232,PER YARD
28800-019-464,RIBBON,PLAIN RIBBON,2.4232,PER YARD
28800-019-465,RIBBON,PLAIN RIBBON,2.4232,PER YARD
28800-019-467,RIBBON,PLAIN RIBBON,2.2037,PER YARD
28800-019-470,RIBBON,PLAIN RIBBON,2.2037,PER YARD
28800-019-476,RIBBON,PLAIN RIBBON,2.4232,PER YARD
28800-019-477,RIBBON,PLAIN RIBBON,2.4232,PER YARD
28800-019-510,RIBBON,PLAIN RIBBON,3.1455,PER YARD
28800-019-513,RIBBON,PLAIN RIBBON,,PER YARD
28800-019-520,RIBBON,PLAIN RIBBON,2.2037,PER YARD
28800-019-524,RIBBON,PLAIN RIBBON,2.0935,PER YARD
28800-019-525,RIBBON,PLAIN RIBBON,2.0935,PER YARD
28800-019-530,RIBBON,PLAIN RIBBON,2.4232,PER YARD
28800-019-544,RIBBON,PLAIN RIBBON,,PER YARD
28800-019-548,RIBBON,PLAIN RIBBON,2.2037,PER YARD
28800-019-549,RIBBON,PLAIN RIBBON,2.4232,PER YARD
28800-019-550,RIBBON,PLAIN RIBBON,2.4232,PER YARD
28800-019-551,RIBBON,PLAIN RIBBON,2.4232,PER YARD
28800-019-552,RIBBON,PLAIN RIBBON,2.2037,PER YARD
28800-019-555,RIBBON,PLAIN RIBBON,2.4232,PER YARD
28800-019-556,RIBBON,PLAIN RIBBON,2.2037,PER YARD
28800-019-563,RIBBON,PLAIN RIBBON,2.2037,PER YARD
28800-019-565,RIBBON,PLAIN RIBBON,2.4232,PER YARD
28800-019-566,RIBBON,PLAIN RIBBON,1.1034,PER YARD
28800-019-567,RIBBON,PLAIN RIBBON,2.4232,PER YARD
28800-019-569,RIBBON,PLAIN RIBBON,2.4232,PER YARD
28800-019-570,RIBBON,PLAIN RIBBON,2.4232,PER YARD
28800-019-572,RIBBON,PLAIN RIBBON,,PER YARD
28800-019-577,RIBBON,PLAIN RIBBON,2.4232,PER YARD
28800-019-579,RIBBON,PLAIN RIBBON,,PER YARD
28800-019-580,RIBBON,PLAIN RIBBON,,PER YARD
28800-019-583,RIBBON,PLAIN RIBBON,2.3134,PER YARD
28800-019-587,RIBBON,PLAIN RIBBON,2.4232,PER YARD
28800-019-589,RIBBON,PLAIN RIBBON,2.4232,PER YARD
28800-019-593,RIBBON,PLAIN RIBBON,2.4232,PER YARD
28800-019-600,RIBBON,PLAIN RIBBON,2.4236,PER YARD
28800-019-614,RIBBON,PLAIN RIBBON,2.4232,PER YARD
28800-019-617,RIBBON,PLAIN RIBBON,,PER YARD
28800-019-625,RIBBON,PLAIN RIBBON,2.0935,PER YARD
28800-019-640,RIBBON,PLAIN RIBBON,2.4232,PER YARD
28800-019-644,RIBBON,PLAIN RIBBON,2.4232,PER YARD
28800-019-645,RIBBON,PLAIN RIBBON,2.4232,PER YARD
28800-019-650,RIBBON,PLAIN RIBBON,2.4232,PER YARD
28800-019-660,RIBBON,PLAIN RIBBON,2.4232,PER YARD
28800-019-662,RIBBON,PLAIN RIBBON,2.1486,PER YARD
28800-019-668,RIBBON,PLAIN RIBBON,2.3134,PER YARD
28800-019-675,RIBBON,PLAIN RIBBON,2.2037,PER YARD
28800-019-686,RIBBON,PLAIN RIBBON,2.2037,PER YARD
28800-019-687,RIBBON,PLAIN RIBBON,2.2037,PER YARD
28800-019-690,RIBBON,PLAIN RIBBON,2.4232,PER YARD
28800-019-693,RIBBON,PLAIN RIBBON,2.4232,PER YARD
28800-019-714,RIBBON,PLAIN RIBBON,2.2037,PER YARD
28800-019-720,RIBBON,PLAIN RIBBON,2.2037,PER YARD
28800-019-743,RIBBON,PLAIN RIBBON,2.2037,PER YARD
28800-019-750,RIBBON,PLAIN RIBBON,2.4232,PER YARD
28800-019-751,RIBBON,PLAIN RIBBON,2.4232,PER YARD
28800-019-761,RIBBON,PLAIN RIBBON,2.2037,PER YARD
28800-019-765,RIBBON,PLAIN RIBBON,2.2037,PER YARD
28800-019-777,RIBBON,PLAIN RIBBON,2.3134,PER YARD
28800-019-779,RIBBON,PLAIN RIBBON,2.4232,PER YARD
28800-019-780,RIBBON,PLAIN RIBBON,2.4232,PER YARD
28800-019-785,RIBBON,PLAIN RIBBON,2.2037,PER YARD
28800-019-789,RIBBON,PLAIN RIBBON,2.2037,PER YARD
28800-019-793,RIBBON,PLAIN RIBBON,2.2037,PER YARD
28800-019-810,RIBBON,PLAIN RIBBON,2.3134,PER YARD
28800-019-812,RIBBON,PLAIN RIBBON,2.0935,PER YARD
28800-019-813,RIBBON,PLAIN RIBBON,2.2037,PER YARD
28800-019-814,RIBBON,PLAIN RIBBON,2.2037,PER YARD
28800-019-815,RIBBON,PLAIN RIBBON,2.4232,PER YARD
28800-019-818,RIBBON,PLAIN RIBBON,2.4232,PER YARD
28800-019-820,RIBBON,PLAIN RIBBON,2.4232,PER YARD
28800-019-823,RIBBON,PLAIN RIBBON,2.2037,PER YARD
28800-019-824,RIBBON,PLAIN RIBBON,2.7843,PER YARD
28800-019-826,RIBBON,PLAIN RIBBON,2.3134,PER YARD
28800-019-835,RIBBON,PLAIN RIBBON,2.4232,PER YARD
28800-019-836,RIBBON,PLAIN RIBBON,2.2037,PER YARD
28800-019-837,RIBBON,PLAIN RIBBON,2.2037,PER YARD
28800-019-838,RIBBON,PLAIN RIBBON,2.4236,PER YARD
28800-019-839,RIBBON,PLAIN RIBBON,2.4232,PER YARD
28800-019-840,RIBBON,PLAIN RIBBON,2.2037,PER YARD
28800-019-846,RIBBON,PLAIN RIBBON,2.2037,PER YARD
28800-019-847,RIBBON,PLAIN RIBBON,,PER YARD
28800-019-850,RIBBON,PLAIN RIBBON,2.2037,PER YARD
28800-019-855,RIBBON,PLAIN RIBBON,2.4232,PER YARD
28800-019-860,RIBBON,PLAIN RIBBON,2.2037,PER YARD
28800-019-868,RIBBON,PLAIN RIBBON,2.4232,PER YARD
28800-019-869,RIBBON,PLAIN RIBBON,2.2037,PER YARD
28800-019-870,RIBBON,PLAIN RIBBON,2.2037,PER YARD
28800-022-000,RIBBON,PLAIN RIBBON,,PER YARD
28800-022-007,RIBBON,PLAIN RIBBON,,PER YARD
28800-022-009,RIBBON,PLAIN RIBBON,2.606,PER YARD
28800-022-012,RIBBON,PLAIN RIBBON,0.013,PER YARD
28800-022-017,RIBBON,PLAIN RIBBON,2.606,PER YARD
28800-022-029,RIBBON,PLAIN RIBBON,2.0848,PER YARD
28800-022-030,RIBBON,PLAIN RIBBON,2.2951,PER YARD
28800-022-112,RIBBON,PLAIN RIBBON,2.606,PER YARD
28800-022-117,RIBBON,PLAIN RIBBON,2.606,PER YARD
28800-022-148,RIBBON,PLAIN RIBBON,2.606,PER YARD
28800-022-156,RIBBON,PLAIN RIBBON,2.8712,PER YARD
28800-022-161,RIBBON,PLAIN RIBBON,,PER YARD
28800-022-164,RIBBON,PLAIN RIBBON,2.8712,PER YARD
28800-022-175,RIBBON,PLAIN RIBBON,,PER YARD
28800-022-183,RIBBON,PLAIN RIBBON,2.606,PER YARD
28800-022-185,RIBBON,PLAIN RIBBON,,PER YARD
28800-022-193,RIBBON,PLAIN RIBBON,,PER YARD
28800-022-260,RIBBON,PLAIN RIBBON,2.606,PER YARD
28800-022-264,RIBBON,PLAIN RIBBON,,PER YARD
28800-022-275,RIBBON,PLAIN RIBBON,2.606,PER YARD
28800-022-277,RIBBON,PLAIN RIBBON,2.606,PER YARD
28800-022-305,RIBBON,PLAIN RIBBON,,PER YARD
28800-022-324,RIBBON,PLAIN RIBBON,,PER YARD
28800-022-328,RIBBON,PLAIN RIBBON,2.606,PER YARD
28800-022-329,RIBBON,PLAIN RIBBON,2.606,PER YARD
28800-022-330,RIBBON,PLAIN RIBBON,2.606,PER YARD
28800-022-332,RIBBON,PLAIN RIBBON,,PER YARD
28800-022-333,RIBBON,PLAIN RIBBON,2.606,PER YARD
28800-022-365,RIBBON,PLAIN RIBBON,,PER YARD
28800-022-371,RIBBON,PLAIN RIBBON,2.606,PER YARD
28800-022-430,RIBBON,PLAIN RIBBON,2.606,PER YARD
28800-022-462,RIBBON,PLAIN RIBBON,2.8712,PER YARD
28800-022-463,RIBBON,PLAIN RIBBON,2.606,PER YARD
28800-022-473,RIBBON,PLAIN RIBBON,,PER YARD
28800-022-477,RIBBON,PLAIN RIBBON,2.8712,PER YARD
28800-022-550,RIBBON,PLAIN RIBBON,,PER YARD
28800-022-570,RIBBON,PLAIN RIBBON,0.013,PER YARD
28800-022-577,RIBBON,PLAIN RIBBON,2.606,PER YARD
28800-022-587,RIBBON,PLAIN RIBBON,2.4757,PER YARD
28800-022-614,RIBBON,PLAIN RIBBON,2.8712,PER YARD
28800-022-662,RIBBON,PLAIN RIBBON,2.606,PER YARD
28800-022-690,RIBBON,PLAIN RIBBON,2.606,PER YARD
28800-022-693,RIBBON,PLAIN RIBBON,2.606,PER YARD
28800-022-714,RIBBON,PLAIN RIBBON,,PER YARD
28800-022-777,RIBBON,PLAIN RIBBON,2.606,PER YARD
28800-022-789,RIBBON,PLAIN RIBBON,2.606,PER YARD
28800-022-793,RIBBON,PLAIN RIBBON,,PER YARD
28800-022-810,RIBBON,PLAIN RIBBON,2.606,PER YARD
28800-022-812,RIBBON,PLAIN RIBBON,2.8712,PER YARD
28800-022-826,RIBBON,PLAIN RIBBON,2.606,PER YARD
28800-022-835,RIBBON,PLAIN RIBBON,2.606,PER YARD
28800-022-836,RIBBON,PLAIN RIBBON,,PER YARD
28800-022-837,RIBBON,PLAIN RIBBON,2.8712,PER YARD
28800-022-850,RIBBON,PLAIN RIBBON,2.606,PER YARD
28800-025-000,RIBBON,PLAIN RIBBON,2.6426,PER YARD
28800-025-007,RIBBON,PLAIN RIBBON,3.301,PER YARD
28800-025-009,RIBBON,PLAIN RIBBON,3.301,PER YARD
28800-025-012,RIBBON,PLAIN RIBBON,3.301,PER YARD
28800-025-017,RIBBON,PLAIN RIBBON,3.1501,PER YARD
28800-025-028,RIBBON,PLAIN RIBBON,3.301,PER YARD
28800-025-029,RIBBON,PLAIN RIBBON,2.3957,PER YARD
28800-025-030,RIBBON,PLAIN RIBBON,2.3957,PER YARD
28800-025-077,RIBBON,PLAIN RIBBON,2.9992,PER YARD
28800-025-103,RIBBON,PLAIN RIBBON,2.9992,PER YARD
28800-025-105,RIBBON,PLAIN RIBBON,3.301,PER YARD
28800-025-105-2709,RIBBON,PLAIN RIBBON,,PER YARD
28800-025-112,RIBBON,PLAIN RIBBON,3.301,PER YARD
28800-025-115,RIBBON,PLAIN RIBBON,3.1501,PER YARD
28800-025-117,RIBBON,PLAIN RIBBON,2.9992,PER YARD
28800-025-123,RIBBON,PLAIN RIBBON,3.301,PER YARD
28800-025-141,RIBBON,PLAIN RIBBON,3.301,PER YARD
28800-025-146,RIBBON,PLAIN RIBBON,3.1501,PER YARD
28800-025-146-0586,RIBBON,PLAIN RIBBON,,PER YARD
28800-025-148,RIBBON,PLAIN RIBBON,2.9992,PER YARD
28800-025-148-1860,RIBBON,PLAIN RIBBON,2.9992,PER YARD
28800-025-149,RIBBON,PLAIN RIBBON,3.1501,PER YARD
28800-025-150,RIBBON,PLAIN RIBBON,3.301,PER YARD
28800-025-151,RIBBON,PLAIN RIBBON,3.301,PER YARD
28800-025-152,RIBBON,PLAIN RIBBON,3.301,PER YARD
28800-025-153,RIBBON,PLAIN RIBBON,3.1501,PER YARD
28800-025-154,RIBBON,PLAIN RIBBON,3.301,PER YARD
28800-025-155,RIBBON,PLAIN RIBBON,3.301,PER YARD
28800-025-156,RIBBON,PLAIN RIBBON,3.301,PER YARD
28800-025-157,RIBBON,PLAIN RIBBON,2.9992,PER YARD
28800-025-158,RIBBON,PLAIN RIBBON,3.1501,PER YARD
28800-025-159,RIBBON,PLAIN RIBBON,2.9992,PER YARD
28800-025-160,RIBBON,PLAIN RIBBON,3.301,PER YARD
28800-025-161,RIBBON,PLAIN RIBBON,3.301,PER YARD
28800-025-164,RIBBON,PLAIN RIBBON,3.301,PER YARD
28800-025-164-0871,RIBBON,PLAIN RIBBON,,PER YARD
28800-025-165,RIBBON,PLAIN RIBBON,2.9992,PER YARD
28800-025-168,RIBBON,PLAIN RIBBON,2.9992,PER YARD
28800-025-169,RIBBON,PLAIN RIBBON,3.301,PER YARD
28800-025-174,RIBBON,PLAIN RIBBON,2.8493,PER YARD
28800-025-175,RIBBON,PLAIN RIBBON,2.9992,PER YARD
28800-025-176,RIBBON,PLAIN RIBBON,3.301,PER YARD
28800-025-177,RIBBON,PLAIN RIBBON,3.301,PER YARD
28800-025-177-0878,RIBBON,PLAIN RIBBON,,PER YARD
28800-025-182,RIBBON,PLAIN RIBBON,3.1501,PER YARD
28800-025-183,RIBBON,PLAIN RIBBON,2.9992,PER YARD
28800-025-185,RIBBON,PLAIN RIBBON,3.301,PER YARD
28800-025-187,RIBBON,PLAIN RIBBON,3.301,PER YARD
28800-025-193,RIBBON,PLAIN RIBBON,2.9992,PER YARD
28800-025-198,RIBBON,PLAIN RIBBON,3.301,PER YARD
28800-025-203,RIBBON,PLAIN RIBBON,3.301,PER YARD
28800-025-210,RIBBON,PLAIN RIBBON,3.301,PER YARD
28800-025-235,RIBBON,PLAIN RIBBON,3.301,PER YARD
28800-025-238,RIBBON,PLAIN RIBBON,2.9992,PER YARD
28800-025-243,RIBBON,PLAIN RIBBON,3.301,PER YARD
28800-025-250,RIBBON,PLAIN RIBBON,3.301,PER YARD
28800-025-250-6994,RIBBON,PLAIN RIBBON,,PER YARD
28800-025-252,RIBBON,PLAIN RIBBON,3.301,PER YARD
28800-025-260,RIBBON,PLAIN RIBBON,3.1501,PER YARD
28800-025-264,RIBBON,PLAIN RIBBON,2.9992,PER YARD
28800-025-275,RIBBON,PLAIN RIBBON,3.301,PER YARD
28800-025-277,RIBBON,PLAIN RIBBON,3.301,PER YARD
28800-025-285,RIBBON,PLAIN RIBBON,,PER YARD
28800-025-290,RIBBON,PLAIN RIBBON,3.301,PER YARD
28800-025-303,RIBBON,PLAIN RIBBON,2.9992,PER YARD
28800-025-305,RIBBON,PLAIN RIBBON,2.9992,PER YARD
28800-025-307,RIBBON,PLAIN RIBBON,2.8493,PER YARD
28800-025-308,RIBBON,PLAIN RIBBON,3.301,PER YARD
28800-025-311,RIBBON,PLAIN RIBBON,3.301,PER YARD
28800-025-313,RIBBON,PLAIN RIBBON,2.9992,PER YARD
28800-025-314,RIBBON,PLAIN RIBBON,3.301,PER YARD
28800-025-317,RIBBON,PLAIN RIBBON,2.9992,PER YARD
28800-025-322,RIBBON,PLAIN RIBBON,3.301,PER YARD
28800-025-323,RIBBON,PLAIN RIBBON,2.9992,PER YARD
28800-025-324,RIBBON,PLAIN RIBBON,3.301,PER YARD
28800-025-325,RIBBON,PLAIN RIBBON,2.9992,PER YARD
28800-025-327,RIBBON,PLAIN RIBBON,3.301,PER YARD
28800-025-328,RIBBON,PLAIN RIBBON,3.301,PER YARD
28800-025-329,RIBBON,PLAIN RIBBON,3.1501,PER YARD
28800-025-330,RIBBON,PLAIN RIBBON,3.301,PER YARD
28800-025-331,RIBBON,PLAIN RIBBON,2.9992,PER YARD
28800-025-332,RIBBON,PLAIN RIBBON,2.9992,PER YARD
28800-025-333,RIBBON,PLAIN RIBBON,3.301,PER YARD
28800-025-335,RIBBON,PLAIN RIBBON,,PER YARD
28800-025-336,RIBBON,PLAIN RIBBON,2.9992,PER YARD
28800-025-337,RIBBON,PLAIN RIBBON,2.9992,PER YARD
28800-025-338,RIBBON,PLAIN RIBBON,3.1501,PER YARD
28800-025-338-1805,RIBBON,PLAIN RIBBON,,PER YARD
28800-025-340,RIBBON,PLAIN RIBBON,3.301,PER YARD
28800-025-342,RIBBON,PLAIN RIBBON,2.9992,PER YARD
28800-025-343,RIBBON,PLAIN RIBBON,3.301,PER YARD
28800-025-346,RIBBON,PLAIN RIBBON,3.301,PER YARD
28800-025-347,RIBBON,PLAIN RIBBON,2.9992,PER YARD
28800-025-350,RIBBON,PLAIN RIBBON,3.1501,PER YARD
28800-025-352,RIBBON,PLAIN RIBBON,3.301,PER YARD
28800-025-363,RIBBON,PLAIN RIBBON,3.301,PER YARD
28800-025-365,RIBBON,PLAIN RIBBON,3.301,PER YARD
28800-025-366,RIBBON,PLAIN RIBBON,3.301,PER YARD
28800-025-369,RIBBON,PLAIN RIBBON,3.301,PER YARD
28800-025-370,RIBBON,PLAIN RIBBON,3.301,PER YARD
28800-025-371,RIBBON,PLAIN RIBBON,2.9992,PER YARD
28800-025-372,RIBBON,PLAIN RIBBON,2.9992,PER YARD
28800-025-373,RIBBON,PLAIN RIBBON,2.9992,PER YARD
28800-025-374,RIBBON,PLAIN RIBBON,3.301,PER YARD
28800-025-420,RIBBON,PLAIN RIBBON,2.9992,PER YARD
28800-025-430,RIBBON,PLAIN RIBBON,3.301,PER YARD
28800-025-434,RIBBON,PLAIN RIBBON,2.9992,PER YARD
28800-025-435,RIBBON,PLAIN RIBBON,2.9992,PER YARD
28800-025-447,RIBBON,PLAIN RIBBON,3.301,PER YARD
28800-025-462,RIBBON,PLAIN RIBBON,3.301,PER YARD
28800-025-463,RIBBON,PLAIN RIBBON,3.301,PER YARD
28800-025-464,RIBBON,PLAIN RIBBON,3.301,PER YARD
28800-025-465,RIBBON,PLAIN RIBBON,3.301,PER YARD
28800-025-467,RIBBON,PLAIN RIBBON,2.9992,PER YARD
28800-025-470,RIBBON,PLAIN RIBBON,2.9992,PER YARD
28800-025-473,RIBBON,PLAIN RIBBON,3.301,PER YARD
28800-025-476,RIBBON,PLAIN RIBBON,2.9992,PER YARD
28800-025-477,RIBBON,PLAIN RIBBON,2.9992,PER YARD
28800-025-513,RIBBON,PLAIN RIBBON,3.1501,PER YARD
28800-025-520,RIBBON,PLAIN RIBBON,2.9992,PER YARD
28800-025-524,RIBBON,PLAIN RIBBON,3.301,PER YARD
28800-025-525,RIBBON,PLAIN RIBBON,3.301,PER YARD
28800-025-530,RIBBON,PLAIN RIBBON,3.301,PER YARD
28800-025-544,RIBBON,PLAIN RIBBON,2.9243,PER YARD
28800-025-548,RIBBON,PLAIN RIBBON,3.301,PER YARD
28800-025-549,RIBBON,PLAIN RIBBON,3.301,PER YARD
28800-025-550,RIBBON,PLAIN RIBBON,3.301,PER YARD
28800-025-551,RIBBON,PLAIN RIBBON,2.9992,PER YARD
28800-025-552,RIBBON,PLAIN RIBBON,2.9992,PER YARD
28800-025-555,RIBBON,PLAIN RIBBON,3.301,PER YARD
28800-025-556,RIBBON,PLAIN RIBBON,2.9992,PER YARD
28800-025-563,RIBBON,PLAIN RIBBON,3.301,PER YARD
28800-025-564,RIBBON,PLAIN RIBBON,2.9243,PER YARD
28800-025-565,RIBBON,PLAIN RIBBON,2.9992,PER YARD
28800-025-566,RIBBON,PLAIN RIBBON,2.9992,PER YARD
28800-025-567,RIBBON,PLAIN RIBBON,3.301,PER YARD
28800-025-569,RIBBON,PLAIN RIBBON,2.9992,PER YARD
28800-025-570,RIBBON,PLAIN RIBBON,3.301,PER YARD
28800-025-572,RIBBON,PLAIN RIBBON,3.301,PER YARD
28800-025-577,RIBBON,PLAIN RIBBON,3.301,PER YARD
28800-025-577-0899,RIBBON,PLAIN RIBBON,2.9992,PER YARD
28800-025-579,RIBBON,PLAIN RIBBON,3.1501,PER YARD
28800-025-580,RIBBON,PLAIN RIBBON,,PER YARD
28800-025-583,RIBBON,PLAIN RIBBON,2.9992,PER YARD
28800-025-587,RIBBON,PLAIN RIBBON,3.301,PER YARD
28800-025-589,RIBBON,PLAIN RIBBON,3.1501,PER YARD
28800-025-593,RIBBON,PLAIN RIBBON,3.1501,PER YARD
28800-025-600,RIBBON,PLAIN RIBBON,3.1501,PER YARD
28800-025-614,RIBBON,PLAIN RIBBON,2.9992,PER YARD
28800-025-617,RIBBON,PLAIN RIBBON,,PER YARD
28800-025-625,RIBBON,PLAIN RIBBON,2.9992,PER YARD
28800-025-640,RIBBON,PLAIN RIBBON,2.9992,PER YARD
28800-025-644,RIBBON,PLAIN RIBBON,2.9992,PER YARD
28800-025-645,RIBBON,PLAIN RIBBON,3.301,PER YARD
28800-025-650,RIBBON,PLAIN RIBBON,2.9992,PER YARD
28800-025-660,RIBBON,PLAIN RIBBON,3.301,PER YARD
28800-025-662,RIBBON,PLAIN RIBBON,3.1501,PER YARD
28800-025-668,RIBBON,PLAIN RIBBON,3.301,PER YARD
28800-025-675,RIBBON,PLAIN RIBBON,2.9992,PER YARD
28800-025-686,RIBBON,PLAIN RIBBON,3.301,PER YARD
28800-025-687,RIBBON,PLAIN RIBBON,2.9992,PER YARD
28800-025-690,RIBBON,PLAIN RIBBON,3.301,PER YARD
28800-025-693,RIBBON,PLAIN RIBBON,3.301,PER YARD
28800-025-714,RIBBON,PLAIN RIBBON,3.301,PER YARD
28800-025-720,RIBBON,PLAIN RIBBON,3.301,PER YARD
28800-025-743,RIBBON,PLAIN RIBBON,,PER YARD
28800-025-750,RIBBON,PLAIN RIBBON,3.1501,PER YARD
28800-025-751,RIBBON,PLAIN RIBBON,3.301,PER YARD
28800-025-761,RIBBON,PLAIN RIBBON,2.9992,PER YARD
28800-025-765,RIBBON,PLAIN RIBBON,3.301,PER YARD
28800-025-777,RIBBON,PLAIN RIBBON,3.301,PER YARD
28800-025-779,RIBBON,PLAIN RIBBON,3.301,PER YARD
28800-025-780,RIBBON,PLAIN RIBBON,3.1501,PER YARD
28800-025-785,RIBBON,PLAIN RIBBON,2.9992,PER YARD
28800-025-789,RIBBON,PLAIN RIBBON,2.9992,PER YARD
28800-025-793,RIBBON,PLAIN RIBBON,3.301,PER YARD
28800-025-810,RIBBON,PLAIN RIBBON,3.301,PER YARD
28800-025-812,RIBBON,PLAIN RIBBON,3.301,PER YARD
28800-025-813,RIBBON,PLAIN RIBBON,3.301,PER YARD
28800-025-813-2052,RIBBON,PLAIN RIBBON,,PER YARD
28800-025-813-2065,RIBBON,PLAIN RIBBON,,PER YARD
28800-025-814,RIBBON,PLAIN RIBBON,,PER YARD
28800-025-815,RIBBON,PLAIN RIBBON,3.1501,PER YARD
28800-025-818,RIBBON,PLAIN RIBBON,3.301,PER YARD
28800-025-820,RIBBON,PLAIN RIBBON,3.301,PER YARD
28800-025-823,RIBBON,PLAIN RIBBON,3.301,PER YARD
28800-025-824,RIBBON,PLAIN RIBBON,2.9992,PER YARD
28800-025-826,RIBBON,PLAIN RIBBON,3.301,PER YARD
28800-025-835,RIBBON,PLAIN RIBBON,3.301,PER YARD
28800-025-836,RIBBON,PLAIN RIBBON,3.301,PER YARD
28800-025-837,RIBBON,PLAIN RIBBON,3.301,PER YARD
28800-025-838,RIBBON,PLAIN RIBBON,3.301,PER YARD
28800-025-840,RIBBON,PLAIN RIBBON,2.9992,PER YARD
28800-025-845,RIBBON,PLAIN RIBBON,2.9992,PER YARD
28800-025-846,RIBBON,PLAIN RIBBON,3.1501,PER YARD
28800-025-847,RIBBON,PLAIN RIBBON,3.1501,PER YARD
28800-025-850,RIBBON,PLAIN RIBBON,2.9992,PER YARD
28800-025-855,RIBBON,PLAIN RIBBON,2.9992,PER YARD
28800-025-860,RIBBON,PLAIN RIBBON,2.9992,PER YARD
28800-025-868,RIBBON,PLAIN RIBBON,2.9992,PER YARD
28800-025-869,RIBBON,PLAIN RIBBON,3.301,PER YARD
28800-025-870,RIBBON,PLAIN RIBBON,2.9992,PER YARD
28800-028-000,RIBBON,PLAIN RIBBON,3.1272,PER YARD
28800-028-029,RIBBON,PLAIN RIBBON,3.1272,PER YARD
28800-028-203,RIBBON,PLAIN RIBBON,,PER YARD
28800-028-275,RIBBON,PLAIN RIBBON,,PER YARD
28800-028-308,RIBBON,PLAIN RIBBON,,PER YARD
28800-028-332,RIBBON,PLAIN RIBBON,,PER YARD
28800-028-476,RIBBON,PLAIN RIBBON,4.2977,PER YARD
28800-028-690,RIBBON,PLAIN RIBBON,,PER YARD
28800-028-810,RIBBON,PLAIN RIBBON,,PER YARD
28800-032-000,RIBBON,PLAIN RIBBON,3.8771,PER YARD
28800-032-007,RIBBON,PLAIN RIBBON,4.4074,PER YARD
28800-032-009,RIBBON,PLAIN RIBBON,4.8463,PER YARD
28800-032-012,RIBBON,PLAIN RIBBON,4.4074,PER YARD
28800-032-017,RIBBON,PLAIN RIBBON,4.8463,PER YARD
28800-032-028,RIBBON,PLAIN RIBBON,4.8463,PER YARD
28800-032-029,RIBBON,PLAIN RIBBON,3.8771,PER YARD
28800-032-030,RIBBON,PLAIN RIBBON,3.7079,PER YARD
28800-032-077,RIBBON,PLAIN RIBBON,4.8463,PER YARD
28800-032-103,RIBBON,PLAIN RIBBON,4.8463,PER YARD
28800-032-105,RIBBON,PLAIN RIBBON,4.8463,PER YARD
28800-032-112,RIBBON,PLAIN RIBBON,4.8463,PER YARD
28800-032-115,RIBBON,PLAIN RIBBON,4.8463,PER YARD
28800-032-117,RIBBON,PLAIN RIBBON,4.4074,PER YARD
28800-032-123,RIBBON,PLAIN RIBBON,4.8463,PER YARD
28800-032-141,RIBBON,PLAIN RIBBON,4.8463,PER YARD
28800-032-146,RIBBON,PLAIN RIBBON,4.8463,PER YARD
28800-032-148,RIBBON,PLAIN RIBBON,4.8463,PER YARD
28800-032-149,RIBBON,PLAIN RIBBON,4.8463,PER YARD
28800-032-150,RIBBON,PLAIN RIBBON,,PER YARD
28800-032-151,RIBBON,PLAIN RIBBON,4.8463,PER YARD
28800-032-152,RIBBON,PLAIN RIBBON,4.8463,PER YARD
28800-032-154,RIBBON,PLAIN RIBBON,4.4074,PER YARD
28800-032-155,RIBBON,PLAIN RIBBON,4.8463,PER YARD
28800-032-156,RIBBON,PLAIN RIBBON,4.8463,PER YARD
28800-032-157,RIBBON,PLAIN RIBBON,4.8463,PER YARD
28800-032-158,RIBBON,PLAIN RIBBON,4.8463,PER YARD
28800-032-159,RIBBON,PLAIN RIBBON,4.8463,PER YARD
28800-032-160,RIBBON,PLAIN RIBBON,4.8463,PER YARD
28800-032-161,RIBBON,PLAIN RIBBON,4.8463,PER YARD
28800-032-164,RIBBON,PLAIN RIBBON,4.6269,PER YARD
28800-032-174,RIBBON,PLAIN RIBBON,,PER YARD
28800-032-175,RIBBON,PLAIN RIBBON,4.4074,PER YARD
28800-032-176,RIBBON,PLAIN RIBBON,,PER YARD
28800-032-177,RIBBON,PLAIN RIBBON,4.8463,PER YARD
28800-032-182,RIBBON,PLAIN RIBBON,,PER YARD
28800-032-183,RIBBON,PLAIN RIBBON,4.4074,PER YARD
28800-032-185,RIBBON,PLAIN RIBBON,4.4074,PER YARD
28800-032-187,RIBBON,PLAIN RIBBON,4.8463,PER YARD
28800-032-198,RIBBON,PLAIN RIBBON,4.4074,PER YARD
28800-032-203,RIBBON,PLAIN RIBBON,4.4074,PER YARD
28800-032-235,RIBBON,PLAIN RIBBON,4.4074,PER YARD
28800-032-252,RIBBON,PLAIN RIBBON,4.4074,PER YARD
28800-032-260,RIBBON,PLAIN RIBBON,4.6269,PER YARD
28800-032-264,RIBBON,PLAIN RIBBON,4.4074,PER YARD
28800-032-275,RIBBON,PLAIN RIBBON,4.8463,PER YARD
28800-032-277,RIBBON,PLAIN RIBBON,4.4074,PER YARD
28800-032-303,RIBBON,PLAIN RIBBON,4.4074,PER YARD
28800-032-305,RIBBON,PLAIN RIBBON,4.4074,PER YARD
28800-032-307,RIBBON,PLAIN RIBBON,4.4074,PER YARD
28800-032-308,RIBBON,PLAIN RIBBON,4.4074,PER YARD
28800-032-311,RIBBON,PLAIN RIBBON,4.4074,PER YARD
28800-032-313,RIBBON,PLAIN RIBBON,4.4074,PER YARD
28800-032-314,RIBBON,PLAIN RIBBON,4.4074,PER YARD
28800-032-322,RIBBON,PLAIN RIBBON,4.4074,PER YARD
28800-032-325,RIBBON,PLAIN RIBBON,,PER YARD
28800-032-327,RIBBON,PLAIN RIBBON,4.4074,PER YARD
28800-032-329,RIBBON,PLAIN RIBBON,4.4074,PER YARD
28800-032-330,RIBBON,PLAIN RIBBON,4.4074,PER YARD
28800-032-331,RIBBON,PLAIN RIBBON,4.4074,PER YARD
28800-032-333,RIBBON,PLAIN RIBBON,4.4074,PER YARD
28800-032-335,RIBBON,PLAIN RIBBON,4.8463,PER YARD
28800-032-336,RIBBON,PLAIN RIBBON,4.8463,PER YARD
28800-032-338,RIBBON,PLAIN RIBBON,4.187,PER YARD
28800-032-340,RIBBON,PLAIN RIBBON,4.4074,PER YARD
28800-032-343,RIBBON,PLAIN RIBBON,4.4074,PER YARD
28800-032-350,RIBBON,PLAIN RIBBON,4.4074,PER YARD
28800-032-352,RIBBON,PLAIN RIBBON,4.4074,PER YARD
28800-032-363,RIBBON,PLAIN RIBBON,4.4074,PER YARD
28800-032-365,RIBBON,PLAIN RIBBON,4.4074,PER YARD
28800-032-369,RIBBON,PLAIN RIBBON,4.4074,PER YARD
28800-032-370,RIBBON,PLAIN RIBBON,4.4074,PER YARD
28800-032-371,RIBBON,PLAIN RIBBON,,PER YARD
28800-032-372,RIBBON,PLAIN RIBBON,4.4074,PER YARD
28800-032-374,RIBBON,PLAIN RIBBON,,PER YARD
28800-032-420,RIBBON,PLAIN RIBBON,4.4074,PER YARD
28800-032-430,RIBBON,PLAIN RIBBON,4.4074,PER YARD
28800-032-435,RIBBON,PLAIN RIBBON,4.4074,PER YARD
28800-032-447,RIBBON,PLAIN RIBBON,4.8463,PER YARD
28800-032-458,RIBBON,PLAIN RIBBON,4.4074,PER YARD
28800-032-462,RIBBON,PLAIN RIBBON,4.8463,PER YARD
28800-032-465,RIBBON,PLAIN RIBBON,,PER YARD
28800-032-477,RIBBON,PLAIN RIBBON,4.4074,PER YARD
28800-032-510,RIBBON,PLAIN RIBBON,4.4074,PER YARD
28800-032-513,RIBBON,PLAIN RIBBON,4.4074,PER YARD
28800-032-520,RIBBON,PLAIN RIBBON,4.4074,PER YARD
28800-032-524,RIBBON,PLAIN RIBBON,4.4074,PER YARD
28800-032-525,RIBBON,PLAIN RIBBON,4.4074,PER YARD
28800-032-530,RIBBON,PLAIN RIBBON,4.4074,PER YARD
28800-032-544,RIBBON,PLAIN RIBBON,4.4074,PER YARD
28800-032-548,RIBBON,PLAIN RIBBON,4.4074,PER YARD
28800-032-550,RIBBON,PLAIN RIBBON,4.4074,PER YARD
28800-032-551,RIBBON,PLAIN RIBBON,4.4074,PER YARD
28800-032-552,RIBBON,PLAIN RIBBON,4.4074,PER YARD
28800-032-555,RIBBON,PLAIN RIBBON,4.4074,PER YARD
28800-032-556,RIBBON,PLAIN RIBBON,4.4074,PER YARD
28800-032-563,RIBBON,PLAIN RIBBON,4.4074,PER YARD
28800-032-564,RIBBON,PLAIN RIBBON,4.4074,PER YARD
28800-032-565,RIBBON,PLAIN RIBBON,4.4074,PER YARD
28800-032-567,RIBBON,PLAIN RIBBON,4.4074,PER YARD
28800-032-569,RIBBON,PLAIN RIBBON,4.4074,PER YARD
28800-032-570,RIBBON,PLAIN RIBBON,4.4074,PER YARD
28800-032-572,RIBBON,PLAIN RIBBON,4.4074,PER YARD
28800-032-577,RIBBON,PLAIN RIBBON,4.4074,PER YARD
28800-032-580,RIBBON,PLAIN RIBBON,4.4074,PER YARD
28800-032-587,RIBBON,PLAIN RIBBON,4.4074,PER YARD
28800-032-589,RIBBON,PLAIN RIBBON,4.4074,PER YARD
28800-032-593,RIBBON,PLAIN RIBBON,4.4074,PER YARD
28800-032-614,RIBBON,PLAIN RIBBON,4.4074,PER YARD
28800-032-617,RIBBON,PLAIN RIBBON,4.4074,PER YARD
28800-032-625,RIBBON,PLAIN RIBBON,4.4074,PER YARD
28800-032-640,RIBBON,PLAIN RIBBON,4.4074,PER YARD
28800-032-644,RIBBON,PLAIN RIBBON,4.4074,PER YARD
28800-032-650,RIBBON,PLAIN RIBBON,4.4074,PER YARD
28800-032-660,RIBBON,PLAIN RIBBON,4.8463,PER YARD
28800-032-662,RIBBON,PLAIN RIBBON,4.8463,PER YARD
28800-032-668,RIBBON,PLAIN RIBBON,4.4074,PER YARD
28800-032-675,RIBBON,PLAIN RIBBON,4.4074,PER YARD
28800-032-686,RIBBON,PLAIN RIBBON,4.8463,PER YARD
28800-032-690,RIBBON,PLAIN RIBBON,4.4074,PER YARD
28800-032-693,RIBBON,PLAIN RIBBON,4.8463,PER YARD
28800-032-714,RIBBON,PLAIN RIBBON,4.8463,PER YARD
28800-032-720,RIBBON,PLAIN RIBBON,4.4074,PER YARD
28800-032-750,RIBBON,PLAIN RIBBON,4.8463,PER YARD
28800-032-751,RIBBON,PLAIN RIBBON,4.4074,PER YARD
28800-032-785,RIBBON,PLAIN RIBBON,4.4074,PER YARD
28800-032-789,RIBBON,PLAIN RIBBON,4.4074,PER YARD
28800-032-810,RIBBON,PLAIN RIBBON,4.8463,PER YARD
28800-032-813,RIBBON,PLAIN RIBBON,4.8463,PER YARD
28800-032-815,RIBBON,PLAIN RIBBON,4.8463,PER YARD
28800-032-820,RIBBON,PLAIN RIBBON,4.8463,PER YARD
28800-032-823,RIBBON,PLAIN RIBBON,4.6269,PER YARD
28800-032-824,RIBBON,PLAIN RIBBON,4.4074,PER YARD
28800-032-826,RIBBON,PLAIN RIBBON,4.4074,PER YARD
28800-032-835,RIBBON,PLAIN RIBBON,4.8463,PER YARD
28800-032-837,RIBBON,PLAIN RIBBON,4.4074,PER YARD
28800-032-845,RIBBON,PLAIN RIBBON,,PER YARD
28800-032-860,RIBBON,PLAIN RIBBON,,PER YARD
28800-032-868,RIBBON,PLAIN RIBBON,4.8463,PER YARD
28800-038-000,RIBBON,PLAIN RIBBON,6.5745,PER YARD
28800-038-007,RIBBON,PLAIN RIBBON,4.6086,PER YARD
28800-038-009,RIBBON,PLAIN RIBBON,5.0658,PER YARD
28800-038-012,RIBBON,PLAIN RIBBON,4.6086,PER YARD
28800-038-017,RIBBON,PLAIN RIBBON,5.0694,PER YARD
28800-038-028,RIBBON,PLAIN RIBBON,5.0658,PER YARD
28800-038-029,RIBBON,PLAIN RIBBON,3.8725,PER YARD
28800-038-030,RIBBON,PLAIN RIBBON,4.0599,PER YARD
28800-038-077,RIBBON,PLAIN RIBBON,5.0658,PER YARD
28800-038-103,RIBBON,PLAIN RIBBON,5.0694,PER YARD
28800-038-105,RIBBON,PLAIN RIBBON,5.0658,PER YARD
28800-038-112,RIBBON,PLAIN RIBBON,4.8372,PER YARD
28800-038-115,RIBBON,PLAIN RIBBON,5.0658,PER YARD
28800-038-117,RIBBON,PLAIN RIBBON,5.0658,PER YARD
28800-038-123,RIBBON,PLAIN RIBBON,5.0676,PER YARD
28800-038-141,RIBBON,PLAIN RIBBON,4.6086,PER YARD
28800-038-146,RIBBON,PLAIN RIBBON,4.6086,PER YARD
28800-038-148,RIBBON,PLAIN RIBBON,4.6086,PER YARD
28800-038-149,RIBBON,PLAIN RIBBON,4.6086,PER YARD
28800-038-150,RIBBON,PLAIN RIBBON,5.0694,PER YARD
28800-038-151,RIBBON,PLAIN RIBBON,4.6086,PER YARD
28800-038-152,RIBBON,PLAIN RIBBON,4.6086,PER YARD
28800-038-153,RIBBON,PLAIN RIBBON,4.6086,PER YARD
28800-038-154,RIBBON,PLAIN RIBBON,5.8202,PER YARD
28800-038-155,RIBBON,PLAIN RIBBON,4.6086,PER YARD
28800-038-156,RIBBON,PLAIN RIBBON,4.6086,PER YARD
28800-038-157,RIBBON,PLAIN RIBBON,4.839,PER YARD
28800-038-158,RIBBON,PLAIN RIBBON,4.6086,PER YARD
28800-038-159,RIBBON,PLAIN RIBBON,4.6086,PER YARD
28800-038-160,RIBBON,PLAIN RIBBON,4.6086,PER YARD
28800-038-161,RIBBON,PLAIN RIBBON,5.0694,PER YARD
28800-038-164,RIBBON,PLAIN RIBBON,4.8372,PER YARD
28800-038-165,RIBBON,PLAIN RIBBON,4.6086,PER YARD
28800-038-168,RIBBON,PLAIN RIBBON,4.6086,PER YARD
28800-038-169,RIBBON,PLAIN RIBBON,4.6086,PER YARD
28800-038-174,RIBBON,PLAIN RIBBON,4.6086,PER YARD
28800-038-175,RIBBON,PLAIN RIBBON,4.6086,PER YARD
28800-038-176,RIBBON,PLAIN RIBBON,4.6086,PER YARD
28800-038-177,RIBBON,PLAIN RIBBON,4.6086,PER YARD
28800-038-182,RIBBON,PLAIN RIBBON,2.3158,PER YARD
28800-038-183,RIBBON,PLAIN RIBBON,5.0694,PER YARD
28800-038-185,RIBBON,PLAIN RIBBON,5.0694,PER YARD
28800-038-187,RIBBON,PLAIN RIBBON,4.6086,PER YARD
28800-038-193,RIBBON,PLAIN RIBBON,5.0658,PER YARD
28800-038-198,RIBBON,PLAIN RIBBON,4.6086,PER YARD
28800-038-203,RIBBON,PLAIN RIBBON,4.6086,PER YARD
28800-038-210,RIBBON,PLAIN RIBBON,4.6086,PER YARD
28800-038-235,RIBBON,PLAIN RIBBON,5.5916,PER YARD
28800-038-238,RIBBON,PLAIN RIBBON,4.6086,PER YARD
28800-038-243,RIBBON,PLAIN RIBBON,4.6086,PER YARD
28800-038-250,RIBBON,PLAIN RIBBON,6.5745,PER YARD
28800-038-252,RIBBON,PLAIN RIBBON,5.0694,PER YARD
28800-038-260,RIBBON,PLAIN RIBBON,6.1512,PER YARD
28800-038-264,RIBBON,PLAIN RIBBON,4.6086,PER YARD
28800-038-275,RIBBON,PLAIN RIBBON,5.0658,PER YARD
28800-038-277,RIBBON,PLAIN RIBBON,5.0658,PER YARD
28800-038-285,RIBBON,PLAIN RIBBON,4.6086,PER YARD
28800-038-290,RIBBON,PLAIN RIBBON,5.0658,PER YARD
28800-038-303,RIBBON,PLAIN RIBBON,5.0658,PER YARD
28800-038-305,RIBBON,PLAIN RIBBON,4.6086,PER YARD
28800-038-307,RIBBON,PLAIN RIBBON,4.6086,PER YARD
28800-038-308,RIBBON,PLAIN RIBBON,4.6086,PER YARD
28800-038-311,RIBBON,PLAIN RIBBON,5.0658,PER YARD
28800-038-313,RIBBON,PLAIN RIBBON,4.6086,PER YARD
28800-038-314,RIBBON,PLAIN RIBBON,4.6086,PER YARD
28800-038-317,RIBBON,PLAIN RIBBON,5.0694,PER YARD
28800-038-322,RIBBON,PLAIN RIBBON,5.5916,PER YARD
28800-038-323,RIBBON,PLAIN RIBBON,4.6086,PER YARD
28800-038-324,RIBBON,PLAIN RIBBON,4.6086,PER YARD
28800-038-325,RIBBON,PLAIN RIBBON,4.6086,PER YARD
28800-038-326,RIBBON,PLAIN RIBBON,4.6086,PER YARD
28800-038-327,RIBBON,PLAIN RIBBON,4.6086,PER YARD
28800-038-328,RIBBON,PLAIN RIBBON,4.6086,PER YARD
28800-038-329,RIBBON,PLAIN RIBBON,4.6086,PER YARD
28800-038-330,RIBBON,PLAIN RIBBON,5.0694,PER YARD
28800-038-331,RIBBON,PLAIN RIBBON,4.6086,PER YARD
28800-038-332,RIBBON,PLAIN RIBBON,4.6086,PER YARD
28800-038-333,RIBBON,PLAIN RIBBON,4.6086,PER YARD
28800-038-335,RIBBON,PLAIN RIBBON,4.6086,PER YARD
28800-038-336,RIBBON,PLAIN RIBBON,4.6086,PER YARD
28800-038-337,RIBBON,PLAIN RIBBON,4.6086,PER YARD
28800-038-338,RIBBON,PLAIN RIBBON,4.6086,PER YARD
28800-038-340,RIBBON,PLAIN RIBBON,4.8372,PER YARD
28800-038-342,RIBBON,PLAIN RIBBON,4.6086,PER YARD
28800-038-343,RIBBON,PLAIN RIBBON,4.6086,PER YARD
28800-038-346,RIBBON,PLAIN RIBBON,4.6086,PER YARD
28800-038-347,RIBBON,PLAIN RIBBON,4.6086,PER YARD
28800-038-350,RIBBON,PLAIN RIBBON,4.6086,PER YARD
28800-038-352,RIBBON,PLAIN RIBBON,4.839,PER YARD
28800-038-363,RIBBON,PLAIN RIBBON,4.6086,PER YARD
28800-038-365,RIBBON,PLAIN RIBBON,4.6086,PER YARD
28800-038-366,RIBBON,PLAIN RIBBON,4.6086,PER YARD
28800-038-369,RIBBON,PLAIN RIBBON,5.0658,PER YARD
28800-038-370,RIBBON,PLAIN RIBBON,5.0658,PER YARD
28800-038-371,RIBBON,PLAIN RIBBON,5.0658,PER YARD
28800-038-372,RIBBON,PLAIN RIBBON,5.0676,PER YARD
28800-038-373,RIBBON,PLAIN RIBBON,4.6086,PER YARD
28800-038-374,RIBBON,PLAIN RIBBON,4.6086,PER YARD
28800-038-420,RIBBON,PLAIN RIBBON,5.0694,PER YARD
28800-038-430,RIBBON,PLAIN RIBBON,4.6086,PER YARD
28800-038-434,RIBBON,PLAIN RIBBON,4.6086,PER YARD
28800-038-435,RIBBON,PLAIN RIBBON,4.6086,PER YARD
28800-038-447,RIBBON,PLAIN RIBBON,4.6086,PER YARD
28800-038-458,RIBBON,PLAIN RIBBON,5.0658,PER YARD
28800-038-462,RIBBON,PLAIN RIBBON,5.0658,PER YARD
28800-038-463,RIBBON,PLAIN RIBBON,5.5916,PER YARD
28800-038-464,RIBBON,PLAIN RIBBON,4.6086,PER YARD
28800-038-465,RIBBON,PLAIN RIBBON,5.0658,PER YARD
28800-038-467,RIBBON,PLAIN RIBBON,5.0658,PER YARD
28800-038-470,RIBBON,PLAIN RIBBON,4.6086,PER YARD
28800-038-473,RIBBON,PLAIN RIBBON,4.6086,PER YARD
28800-038-476,RIBBON,PLAIN RIBBON,4.6086,PER YARD
28800-038-477,RIBBON,PLAIN RIBBON,4.839,PER YARD
28800-038-510,RIBBON,PLAIN RIBBON,4.6086,PER YARD
28800-038-513,RIBBON,PLAIN RIBBON,4.6086,PER YARD
28800-038-520,RIBBON,PLAIN RIBBON,4.6086,PER YARD
28800-038-524,RIBBON,PLAIN RIBBON,4.6086,PER YARD
28800-038-525,RIBBON,PLAIN RIBBON,4.6086,PER YARD
28800-038-530,RIBBON,PLAIN RIBBON,4.839,PER YARD
28800-038-544,RIBBON,PLAIN RIBBON,4.6086,PER YARD
28800-038-548,RIBBON,PLAIN RIBBON,4.6086,PER YARD
28800-038-549,RIBBON,PLAIN RIBBON,4.6086,PER YARD
28800-038-550,RIBBON,PLAIN RIBBON,5.0694,PER YARD
28800-038-551,RIBBON,PLAIN RIBBON,4.6086,PER YARD
28800-038-552,RIBBON,PLAIN RIBBON,5.0694,PER YARD
28800-038-555,RIBBON,PLAIN RIBBON,4.6086,PER YARD
28800-038-556,RIBBON,PLAIN RIBBON,7.2329,PER YARD
28800-038-563,RIBBON,PLAIN RIBBON,5.0658,PER YARD
28800-038-564,RIBBON,PLAIN RIBBON,4.6086,PER YARD
28800-038-565,RIBBON,PLAIN RIBBON,4.6086,PER YARD
28800-038-566,RIBBON,PLAIN RIBBON,4.6086,PER YARD
28800-038-567,RIBBON,PLAIN RIBBON,5.0658,PER YARD
28800-038-569,RIBBON,PLAIN RIBBON,4.6086,PER YARD
28800-038-570,RIBBON,PLAIN RIBBON,5.0658,PER YARD
28800-038-572,RIBBON,PLAIN RIBBON,4.6086,PER YARD
28800-038-577,RIBBON,PLAIN RIBBON,4.6086,PER YARD
28800-038-579,RIBBON,PLAIN RIBBON,4.6086,PER YARD
28800-038-580,RIBBON,PLAIN RIBBON,5.0694,PER YARD
28800-038-583,RIBBON,PLAIN RIBBON,4.6086,PER YARD
28800-038-587,RIBBON,PLAIN RIBBON,4.6086,PER YARD
28800-038-589,RIBBON,PLAIN RIBBON,7.2329,PER YARD
28800-038-593,RIBBON,PLAIN RIBBON,5.0658,PER YARD
28800-038-600,RIBBON,PLAIN RIBBON,4.6086,PER YARD
28800-038-614,RIBBON,PLAIN RIBBON,4.6086,PER YARD
28800-038-617,RIBBON,PLAIN RIBBON,5.0694,PER YARD
28800-038-625,RIBBON,PLAIN RIBBON,5.0694,PER YARD
28800-038-640,RIBBON,PLAIN RIBBON,4.6086,PER YARD
28800-038-644,RIBBON,PLAIN RIBBON,4.6086,PER YARD
28800-038-645,RIBBON,PLAIN RIBBON,4.6086,PER YARD
28800-038-650,RIBBON,PLAIN RIBBON,4.6086,PER YARD
28800-038-660,RIBBON,PLAIN RIBBON,5.0676,PER YARD
28800-038-662,RIBBON,PLAIN RIBBON,4.6086,PER YARD
28800-038-668,RIBBON,PLAIN RIBBON,5.0658,PER YARD
28800-038-675,RIBBON,PLAIN RIBBON,5.0676,PER YARD
28800-038-686,RIBBON,PLAIN RIBBON,4.6086,PER YARD
28800-038-687,RIBBON,PLAIN RIBBON,5.0658,PER YARD
28800-038-690,RIBBON,PLAIN RIBBON,4.8372,PER YARD
28800-038-693,RIBBON,PLAIN RIBBON,5.0658,PER YARD
28800-038-714,RIBBON,PLAIN RIBBON,4.8372,PER YARD
28800-038-720,RIBBON,PLAIN RIBBON,5.0676,PER YARD
28800-038-743,RIBBON,PLAIN RIBBON,5.0658,PER YARD
28800-038-750,RIBBON,PLAIN RIBBON,4.6086,PER YARD
28800-038-751,RIBBON,PLAIN RIBBON,5.0694,PER YARD
28800-038-761,RIBBON,PLAIN RIBBON,5.0658,PER YARD
28800-038-765,RIBBON,PLAIN RIBBON,5.0658,PER YARD
28800-038-777,RIBBON,PLAIN RIBBON,5.0676,PER YARD
28800-038-779,RIBBON,PLAIN RIBBON,5.0658,PER YARD
28800-038-780,RIBBON,PLAIN RIBBON,5.0658,PER YARD
28800-038-785,RIBBON,PLAIN RIBBON,5.0658,PER YARD
28800-038-789,RIBBON,PLAIN RIBBON,2.312,PER YARD
28800-038-793,RIBBON,PLAIN RIBBON,5.0658,PER YARD
28800-038-810,RIBBON,PLAIN RIBBON,4.6086,PER YARD
28800-038-812,RIBBON,PLAIN RIBBON,4.6086,PER YARD
28800-038-813,RIBBON,PLAIN RIBBON,5.0658,PER YARD
28800-038-814,RIBBON,PLAIN RIBBON,4.8372,PER YARD
28800-038-815,RIBBON,PLAIN RIBBON,4.6086,PER YARD
28800-038-818,RIBBON,PLAIN RIBBON,4.6086,PER YARD
28800-038-820,RIBBON,PLAIN RIBBON,5.0658,PER YARD
28800-038-823,RIBBON,PLAIN RIBBON,4.839,PER YARD
28800-038-824,RIBBON,PLAIN RIBBON,4.6086,PER YARD
28800-038-826,RIBBON,PLAIN RIBBON,5.0658,PER YARD
28800-038-835,RIBBON,PLAIN RIBBON,5.0658,PER YARD
28800-038-836,RIBBON,PLAIN RIBBON,4.6086,PER YARD
28800-038-837,RIBBON,PLAIN RIBBON,5.0658,PER YARD
28800-038-838,RIBBON,PLAIN RIBBON,5.0676,PER YARD
28800-038-839,RIBBON,PLAIN RIBBON,5.0658,PER YARD
28800-038-840,RIBBON,PLAIN RIBBON,5.0658,PER YARD
28800-038-845,RIBBON,PLAIN RIBBON,4.6086,PER YARD
28800-038-846,RIBBON,PLAIN RIBBON,4.6086,PER YARD
28800-038-847,RIBBON,PLAIN RIBBON,4.6086,PER YARD
28800-038-850,RIBBON,PLAIN RIBBON,5.0658,PER YARD
28800-038-855,RIBBON,PLAIN RIBBON,5.0658,PER YARD
28800-038-860,RIBBON,PLAIN RIBBON,4.6086,PER YARD
28800-038-868,RIBBON,PLAIN RIBBON,4.839,PER YARD
28800-038-869,RIBBON,PLAIN RIBBON,5.0658,PER YARD
28800-038-870,RIBBON,PLAIN RIBBON,5.0658,PER YARD
28800-050-000,RIBBON,PLAIN RIBBON,5.1298,PER YARD
28800-050-007,RIBBON,PLAIN RIBBON,6.1082,PER YARD
28800-050-009,RIBBON,PLAIN RIBBON,6.7208,PER YARD
28800-050-012,RIBBON,PLAIN RIBBON,6.1082,PER YARD
28800-050-017,RIBBON,PLAIN RIBBON,6.1082,PER YARD
28800-050-028,RIBBON,PLAIN RIBBON,,PER YARD
28800-050-029,RIBBON,PLAIN RIBBON,4.8829,PER YARD
28800-050-030,RIBBON,PLAIN RIBBON,4.8829,PER YARD
28800-050-030-YD,RIBBON,PLAIN RIBBON,,PER YARD
28800-050-077,RIBBON,PLAIN RIBBON,6.1082,PER YARD
28800-050-105,RIBBON,PLAIN RIBBON,6.1082,PER YARD
28800-050-112,RIBBON,PLAIN RIBBON,6.1082,PER YARD
28800-050-112-4348,RIBBON,PLAIN RIBBON,,PER YARD
28800-050-112-4454,RIBBON,PLAIN RIBBON,,PER YARD
28800-050-115,RIBBON,PLAIN RIBBON,6.7208,PER YARD
28800-050-117,RIBBON,PLAIN RIBBON,,PER YARD
28800-050-123,RIBBON,PLAIN RIBBON,6.1082,PER YARD
28800-050-141,RIBBON,PLAIN RIBBON,6.7208,PER YARD
28800-050-146,RIBBON,PLAIN RIBBON,6.4145,PER YARD
28800-050-148,RIBBON,PLAIN RIBBON,,PER YARD
28800-050-149,RIBBON,PLAIN RIBBON,,PER YARD
28800-050-150,RIBBON,PLAIN RIBBON,,PER YARD
28800-050-151,RIBBON,PLAIN RIBBON,6.1082,PER YARD
28800-050-152,RIBBON,PLAIN RIBBON,,PER YARD
28800-050-153,RIBBON,PLAIN RIBBON,,PER YARD
28800-050-154,RIBBON,PLAIN RIBBON,6.1082,PER YARD
28800-050-155,RIBBON,PLAIN RIBBON,6.1082,PER YARD
28800-050-156,RIBBON,PLAIN RIBBON,,PER YARD
28800-050-157,RIBBON,PLAIN RIBBON,,PER YARD
28800-050-158,RIBBON,PLAIN RIBBON,6.1082,PER YARD
28800-050-158-1147,RIBBON,PLAIN RIBBON,,PER YARD
28800-050-159,RIBBON,PLAIN RIBBON,,PER YARD
28800-050-160,RIBBON,PLAIN RIBBON,,PER YARD
28800-050-161,RIBBON,PLAIN RIBBON,6.7208,PER YARD
28800-050-164,RIBBON,PLAIN RIBBON,6.1082,PER YARD
28800-050-165,RIBBON,PLAIN RIBBON,6.1082,PER YARD
28800-050-168,RIBBON,PLAIN RIBBON,6.7208,PER YARD
28800-050-169,RIBBON,PLAIN RIBBON,6.7208,PER YARD
28800-050-174,RIBBON,PLAIN RIBBON,,PER YARD
28800-050-175,RIBBON,PLAIN RIBBON,,PER YARD
28800-050-176,RIBBON,PLAIN RIBBON,,PER YARD
28800-050-177,RIBBON,PLAIN RIBBON,6.1082,PER YARD
28800-050-182,RIBBON,PLAIN RIBBON,6.1082,PER YARD
28800-050-187,RIBBON,PLAIN RIBBON,3.0694,PER YARD
28800-050-193,RIBBON,PLAIN RIBBON,6.1082,PER YARD
28800-050-198,RIBBON,PLAIN RIBBON,,PER YARD
28800-050-210,RIBBON,PLAIN RIBBON,6.7208,PER YARD
28800-050-235,RIBBON,PLAIN RIBBON,,PER YARD
28800-050-238,RIBBON,PLAIN RIBBON,6.1082,PER YARD
28800-050-243,RIBBON,PLAIN RIBBON,,PER YARD
28800-050-250,RIBBON,PLAIN RIBBON,6.7208,PER YARD
28800-050-252,RIBBON,PLAIN RIBBON,,PER YARD
28800-050-260,RIBBON,PLAIN RIBBON,6.7208,PER YARD
28800-050-264,RIBBON,PLAIN RIBBON,,PER YARD
28800-050-275,RIBBON,PLAIN RIBBON,6.7208,PER YARD
28800-050-277,RIBBON,PLAIN RIBBON,6.1082,PER YARD
28800-050-285,RIBBON,PLAIN RIBBON,,PER YARD
28800-050-290,RIBBON,PLAIN RIBBON,,PER YARD
28800-050-303,RIBBON,PLAIN RIBBON,6.1082,PER YARD
28800-050-305,RIBBON,PLAIN RIBBON,6.1082,PER YARD
28800-050-307,RIBBON,PLAIN RIBBON,6.1082,PER YARD
28800-050-308,RIBBON,PLAIN RIBBON,6.7208,PER YARD
28800-050-311,RIBBON,PLAIN RIBBON,6.1082,PER YARD
28800-050-313,RIBBON,PLAIN RIBBON,,PER YARD
28800-050-314,RIBBON,PLAIN RIBBON,,PER YARD
28800-050-317,RIBBON,PLAIN RIBBON,,PER YARD
28800-050-322,RIBBON,PLAIN RIBBON,6.1082,PER YARD
28800-050-324,RIBBON,PLAIN RIBBON,,PER YARD
28800-050-329,RIBBON,PLAIN RIBBON,6.1082,PER YARD
28800-050-330,RIBBON,PLAIN RIBBON,6.1082,PER YARD
28800-050-331,RIBBON,PLAIN RIBBON,6.1082,PER YARD
28800-050-332,RIBBON,PLAIN RIBBON,6.7208,PER YARD
28800-050-335,RIBBON,PLAIN RIBBON,6.1082,PER YARD
28800-050-336,RIBBON,PLAIN RIBBON,,PER YARD
28800-050-337,RIBBON,PLAIN RIBBON,6.1082,PER YARD
28800-050-338,RIBBON,PLAIN RIBBON,6.7208,PER YARD
28800-050-342,RIBBON,PLAIN RIBBON,6.1082,PER YARD
28800-050-343,RIBBON,PLAIN RIBBON,6.1082,PER YARD
28800-050-350,RIBBON,PLAIN RIBBON,6.7208,PER YARD
28800-050-363,RIBBON,PLAIN RIBBON,6.1082,PER YARD
28800-050-365,RIBBON,PLAIN RIBBON,6.1082,PER YARD
28800-050-366,RIBBON,PLAIN RIBBON,6.1082,PER YARD
28800-050-369,RIBBON,PLAIN RIBBON,,PER YARD
28800-050-370,RIBBON,PLAIN RIBBON,6.7208,PER YARD
28800-050-371,RIBBON,PLAIN RIBBON,5.8028,PER YARD
28800-050-372,RIBBON,PLAIN RIBBON,6.7208,PER YARD
28800-050-374,RIBBON,PLAIN RIBBON,6.1082,PER YARD
28800-050-420,RIBBON,PLAIN RIBBON,6.7208,PER YARD
28800-050-430,RIBBON,PLAIN RIBBON,6.1082,PER YARD
28800-050-434,RIBBON,PLAIN RIBBON,6.1082,PER YARD
28800-050-435,RIBBON,PLAIN RIBBON,,PER YARD
28800-050-447,RIBBON,PLAIN RIBBON,,PER YARD
28800-050-458,RIBBON,PLAIN RIBBON,,PER YARD
28800-050-462,RIBBON,PLAIN RIBBON,6.1082,PER YARD
28800-050-463,RIBBON,PLAIN RIBBON,6.7208,PER YARD
28800-050-464,RIBBON,PLAIN RIBBON,6.1082,PER YARD
28800-050-465,RIBBON,PLAIN RIBBON,6.4145,PER YARD
28800-050-473,RIBBON,PLAIN RIBBON,,PER YARD
28800-050-476,RIBBON,PLAIN RIBBON,6.1082,PER YARD
28800-050-477,RIBBON,PLAIN RIBBON,,PER YARD
28800-050-510,RIBBON,PLAIN RIBBON,,PER YARD
28800-050-513,RIBBON,PLAIN RIBBON,6.1082,PER YARD
28800-050-530,RIBBON,PLAIN RIBBON,,PER YARD
28800-050-548,RIBBON,PLAIN RIBBON,6.7208,PER YARD
28800-050-549,RIBBON,PLAIN RIBBON,6.1082,PER YARD
28800-050-552,RIBBON,PLAIN RIBBON,,PER YARD
28800-050-556,RIBBON,PLAIN RIBBON,6.1082,PER YARD
28800-050-561,RIBBON,PLAIN RIBBON,6.7208,PER YARD
28800-050-563,RIBBON,PLAIN RIBBON,6.7208,PER YARD
28800-050-564,RIBBON,PLAIN RIBBON,6.7208,PER YARD
28800-050-565,RIBBON,PLAIN RIBBON,6.1082,PER YARD
28800-050-566,RIBBON,PLAIN RIBBON,6.1082,PER YARD
28800-050-567,RIBBON,PLAIN RIBBON,6.7208,PER YARD
28800-050-569,RIBBON,PLAIN RIBBON,6.7208,PER YARD
28800-050-570,RIBBON,PLAIN RIBBON,6.1082,PER YARD
28800-050-572,RIBBON,PLAIN RIBBON,6.7208,PER YARD
28800-050-577,RIBBON,PLAIN RIBBON,6.7208,PER YARD
28800-050-580,RIBBON,PLAIN RIBBON,6.1082,PER YARD
28800-050-583,RIBBON,PLAIN RIBBON,6.1082,PER YARD
28800-050-587,RIBBON,PLAIN RIBBON,,PER YARD
28800-050-593,RIBBON,PLAIN RIBBON,,PER YARD
28800-050-614,RIBBON,PLAIN RIBBON,6.1082,PER YARD
28800-050-617,RIBBON,PLAIN RIBBON,,PER YARD
28800-050-625,RIBBON,PLAIN RIBBON,6.1082,PER YARD
28800-050-640,RIBBON,PLAIN RIBBON,6.7208,PER YARD
28800-050-644,RIBBON,PLAIN RIBBON,,PER YARD
28800-050-645,RIBBON,PLAIN RIBBON,6.1082,PER YARD
28800-050-650,RIBBON,PLAIN RIBBON,,PER YARD
28800-050-662,RIBBON,PLAIN RIBBON,5.9555,PER YARD
28800-050-675,RIBBON,PLAIN RIBBON,,PER YARD
28800-050-690,RIBBON,PLAIN RIBBON,6.7208,PER YARD
28800-050-693,RIBBON,PLAIN RIBBON,6.7208,PER YARD
28800-050-714,RIBBON,PLAIN RIBBON,6.7208,PER YARD
28800-050-720,RIBBON,PLAIN RIBBON,,PER YARD
28800-050-743,RIBBON,PLAIN RIBBON,5.9555,PER YARD
28800-050-750,RIBBON,PLAIN RIBBON,6.1082,PER YARD
28800-050-761,RIBBON,PLAIN RIBBON,,PER YARD
28800-050-765,RIBBON,PLAIN RIBBON,6.4145,PER YARD
28800-050-780,RIBBON,PLAIN RIBBON,6.7208,PER YARD
28800-050-789,RIBBON,PLAIN RIBBON,,PER YARD
28800-050-793,RIBBON,PLAIN RIBBON,6.1082,PER YARD
28800-050-810,RIBBON,PLAIN RIBBON,6.7208,PER YARD
28800-050-812,RIBBON,PLAIN RIBBON,6.7208,PER YARD
28800-050-813,RIBBON,PLAIN RIBBON,6.7208,PER YARD
28800-050-813-2065,RIBBON,PLAIN RIBBON,6.1082,PER YARD
28800-050-814,RIBBON,PLAIN RIBBON,6.1082,PER YARD
28800-050-815,RIBBON,PLAIN RIBBON,6.7208,PER YARD
28800-050-818,RIBBON,PLAIN RIBBON,6.1082,PER YARD
28800-050-820,RIBBON,PLAIN RIBBON,6.7208,PER YARD
28800-050-823,RIBBON,PLAIN RIBBON,6.1082,PER YARD
28800-050-824,RIBBON,PLAIN RIBBON,6.1082,PER YARD
28800-050-826,RIBBON,PLAIN RIBBON,6.1082,PER YARD
28800-050-835,RIBBON,PLAIN RIBBON,6.7208,PER YARD
28800-050-836,RIBBON,PLAIN RIBBON,6.1082,PER YARD
28800-050-837,RIBBON,PLAIN RIBBON,6.7208,PER YARD
28800-050-838,RIBBON,PLAIN RIBBON,6.1082,PER YARD
28800-050-846,RIBBON,PLAIN RIBBON,,PER YARD
28800-050-850,RIBBON,PLAIN RIBBON,,PER YARD
28800-050-860,RIBBON,PLAIN RIBBON,6.7208,PER YARD
28800-050-869,RIBBON,PLAIN RIBBON,6.1082,PER YARD
28800-057-000,RIBBON,PLAIN RIBBON,6.2225,PER YARD
28800-057-007,RIBBON,PLAIN RIBBON,7.4066,PER YARD
28800-057-009,RIBBON,PLAIN RIBBON,,PER YARD
28800-057-028,RIBBON,PLAIN RIBBON,,PER YARD
28800-057-029,RIBBON,PLAIN RIBBON,6.5197,PER YARD
28800-057-030,RIBBON,PLAIN RIBBON,5.9253,PER YARD
28800-057-115,RIBBON,PLAIN RIBBON,8.1473,PER YARD
28800-057-117,RIBBON,PLAIN RIBBON,,PER YARD
28800-057-146,RIBBON,PLAIN RIBBON,,PER YARD
28800-057-161,RIBBON,PLAIN RIBBON,,PER YARD
28800-057-187,RIBBON,PLAIN RIBBON,7.4066,PER YARD
28800-057-193,RIBBON,PLAIN RIBBON,,PER YARD
28800-057-203,RIBBON,PLAIN RIBBON,,PER YARD
28800-057-238,RIBBON,PLAIN RIBBON,7.4066,PER YARD
28800-057-277,RIBBON,PLAIN RIBBON,7.4066,PER YARD
28800-057-303,RIBBON,PLAIN RIBBON,,PER YARD
28800-057-307,RIBBON,PLAIN RIBBON,7.4066,PER YARD
28800-057-333,RIBBON,PLAIN RIBBON,7.4066,PER YARD
28800-057-343,RIBBON,PLAIN RIBBON,7.4066,PER YARD
28800-057-347,RIBBON,PLAIN RIBBON,7.4066,PER YARD
28800-057-369,RIBBON,PLAIN RIBBON,,PER YARD
28800-057-370,RIBBON,PLAIN RIBBON,7.4066,PER YARD
28800-057-371,RIBBON,PLAIN RIBBON,,PER YARD
28800-057-372,RIBBON,PLAIN RIBBON,7.4066,PER YARD
28800-057-447,RIBBON,PLAIN RIBBON,7.2215,PER YARD
28800-057-473,RIBBON,PLAIN RIBBON,,PER YARD
28800-057-564,RIBBON,PLAIN RIBBON,,PER YARD
28800-057-567,RIBBON,PLAIN RIBBON,,PER YARD
28800-057-569,RIBBON,PLAIN RIBBON,7.4066,PER YARD
28800-057-569-1502,RIBBON,PLAIN RIBBON,,PER YARD
28800-057-614,RIBBON,PLAIN RIBBON,,PER YARD
28800-057-720,RIBBON,PLAIN RIBBON,7.4066,PER YARD
28800-057-785,RIBBON,PLAIN RIBBON,7.4066,PER YARD
28800-057-810,RIBBON,PLAIN RIBBON,,PER YARD
28800-057-818,RIBBON,PLAIN RIBBON,,PER YARD
28800-057-850,RIBBON,PLAIN RIBBON,7.4066,PER YARD
28800-063-007-4176,RIBBON,PLAIN RIBBON,8.8057,PER YARD
28800-063-029,RIBBON,PLAIN RIBBON,7.0409,PER YARD
28800-063-030,RIBBON,PLAIN RIBBON,7.745,PER YARD
28800-063-103,RIBBON,PLAIN RIBBON,,PER YARD
28800-063-115,RIBBON,PLAIN RIBBON,8.8057,PER YARD
28800-063-123,RIBBON,PLAIN RIBBON,8.8057,PER YARD
28800-063-146,RIBBON,PLAIN RIBBON,,PER YARD
28800-063-161,RIBBON,PLAIN RIBBON,,PER YARD
28800-063-175,RIBBON,PLAIN RIBBON,,PER YARD
28800-063-250,RIBBON,PLAIN RIBBON,9.6835,PER YARD
28800-063-260,RIBBON,PLAIN RIBBON,8.8057,PER YARD
28800-063-275,RIBBON,PLAIN RIBBON,9.6835,PER YARD
28800-063-307,RIBBON,PLAIN RIBBON,,PER YARD
28800-063-340,RIBBON,PLAIN RIBBON,8.8057,PER YARD
28800-063-343,RIBBON,PLAIN RIBBON,8.8057,PER YARD
28800-063-372,RIBBON,PLAIN RIBBON,8.8057,PER YARD
28800-063-430,RIBBON,PLAIN RIBBON,8.8057,PER YARD
28800-063-462,RIBBON,PLAIN RIBBON,8.8057,PER YARD
28800-063-563,RIBBON,PLAIN RIBBON,8.8057,PER YARD
28800-063-569,RIBBON,PLAIN RIBBON,,PER YARD
28800-063-640,RIBBON,PLAIN RIBBON,8.8057,PER YARD
28800-063-650,RIBBON,PLAIN RIBBON,9.6835,PER YARD
28800-063-693,RIBBON,PLAIN RIBBON,8.8057,PER YARD
28800-063-714,RIBBON,PLAIN RIBBON,,PER YARD
28800-063-720,RIBBON,PLAIN RIBBON,9.6835,PER YARD
28800-063-818,RIBBON,PLAIN RIBBON,,PER YARD
28800-075-000,RIBBON,PLAIN RIBBON,8.8057,PER YARD
28800-075-007,RIBBON,PLAIN RIBBON,11.0094,PER YARD
28800-075-009,RIBBON,PLAIN RIBBON,10.4589,PER YARD
28800-075-028,RIBBON,PLAIN RIBBON,11.0094,PER YARD
28800-075-029,RIBBON,PLAIN RIBBON,,PER YARD
28800-075-030,RIBBON,PLAIN RIBBON,9.6926,PER YARD
28800-075-105,RIBBON,PLAIN RIBBON,,PER YARD
28800-075-115,RIBBON,PLAIN RIBBON,11.0094,PER YARD
28800-075-115-2525,RIBBON,PLAIN RIBBON,,PER YARD
28800-075-146-0586,RIBBON,PLAIN RIBBON,,PER YARD
28800-075-151,RIBBON,PLAIN RIBBON,12.1067,PER YARD
28800-075-164,RIBBON,PLAIN RIBBON,12.1067,PER YARD
28800-075-164-0871,RIBBON,PLAIN RIBBON,,PER YARD
28800-075-165,RIBBON,PLAIN RIBBON,11.0094,PER YARD
28800-075-235,RIBBON,PLAIN RIBBON,12.1067,PER YARD
28800-075-250,RIBBON,PLAIN RIBBON,12.1067,PER YARD
28800-075-277,RIBBON,PLAIN RIBBON,12.1067,PER YARD
28800-075-285,RIBBON,PLAIN RIBBON,,PER YARD
28800-075-338-1805,RIBBON,PLAIN RIBBON,11.0094,PER YARD
28800-075-363,RIBBON,PLAIN RIBBON,12.1067,PER YARD
28800-075-363-1212,RIBBON,PLAIN RIBBON,12.1067,PER YARD
28800-075-370,RIBBON,PLAIN RIBBON,,PER YARD
28800-075-372,RIBBON,PLAIN RIBBON,11.0094,PER YARD
28800-075-434,RIBBON,PLAIN RIBBON,,PER YARD
28800-075-464,RIBBON,PLAIN RIBBON,11.0094,PER YARD
28800-075-524,RIBBON,PLAIN RIBBON,10.7341,PER YARD
28800-075-567,RIBBON,PLAIN RIBBON,,PER YARD
28800-075-570,RIBBON,PLAIN RIBBON,,PER YARD
28800-075-589,RIBBON,PLAIN RIBBON,,PER YARD
28800-075-593,RIBBON,PLAIN RIBBON,,PER YARD
28800-075-662,RIBBON,PLAIN RIBBON,12.1067,PER YARD
28800-075-793,RIBBON,PLAIN RIBBON,12.1067,PER YARD
28800-075-810,RIBBON,PLAIN RIBBON,11.0094,PER YARD
28800-075-826,RIBBON,PLAIN RIBBON,12.1067,PER YARD
28800-075-837,RIBBON,PLAIN RIBBON,,PER YARD
28800-089-000,RIBBON,PLAIN RIBBON,11.6312,PER YARD
28800-089-029,RIBBON,PLAIN RIBBON,10.5705,PER YARD
28800-089-030,RIBBON,PLAIN RIBBON,10.5705,PER YARD
28800-089-115,RIBBON,PLAIN RIBBON,14.539,PER YARD
28800-089-164,RIBBON,PLAIN RIBBON,13.2131,PER YARD
28800-089-235,RIBBON,PLAIN RIBBON,,PER YARD
28800-089-303,RIBBON,PLAIN RIBBON,13.2131,PER YARD
28800-089-314,RIBBON,PLAIN RIBBON,12.8828,PER YARD
28800-089-465,RIBBON,PLAIN RIBBON,,PER YARD
28800-089-644,RIBBON,PLAIN RIBBON,13.2131,PER YARD
28800-100-000,RIBBON,PLAIN RIBBON,12.9525,PER YARD
28800-100-007,RIBBON,PLAIN RIBBON,15.4168,PER YARD
28800-100-028,RIBBON,PLAIN RIBBON,,PER YARD
28800-100-029,RIBBON,PLAIN RIBBON,12.9525,PER YARD
28800-100-030,RIBBON,PLAIN RIBBON,13.5697,PER YARD
28800-100-112,RIBBON,PLAIN RIBBON,7.7469,PER YARD
28800-100-164,RIBBON,PLAIN RIBBON,15.4168,PER YARD
28800-100-250,RIBBON,PLAIN RIBBON,15.4168,PER YARD
28800-100-260,RIBBON,PLAIN RIBBON,15.4168,PER YARD
28800-100-277,RIBBON,PLAIN RIBBON,16.9621,PER YARD
28800-100-314,RIBBON,PLAIN RIBBON,15.0401,PER YARD
28800-100-323,RIBBON,PLAIN RIBBON,16.9621,PER YARD
28800-100-370,RIBBON,PLAIN RIBBON,15.4168,PER YARD
28800-100-372,RIBBON,PLAIN RIBBON,15.4168,PER YARD
28800-100-465,RIBBON,PLAIN RIBBON,16.9621,PER YARD
28800-100-552,RIBBON,PLAIN RIBBON,16.9621,PER YARD
28800-100-593,RIBBON,PLAIN RIBBON,,PER YARD
28800-100-660,RIBBON,PLAIN RIBBON,,PER YARD
28800-100-690,RIBBON,PLAIN RIBBON,15.4168,PER YARD
28800-100-789,RIBBON,PLAIN RIBBON,15.4168,PER YARD
28800-100-810,RIBBON,PLAIN RIBBON,16.9621,PER YARD
28800-100-815,RIBBON,PLAIN RIBBON,,PER YARD
28801-003-117,RIBBON,TO CONFIRM,,PER YARD
28810-016-000,RIBBON,TO CONFIRM,2.9718,PER YARD
28924-009-029,RIBBON,TO CONFIRM,,PER YARD
28924-019-000,RIBBON,TO CONFIRM,,PER YARD
36600-009-030-A-1-1625,RIBBON,PRINTED RIBBON,,PER YARD
36600-009-164-D2-1-0005,RIBBON,PRINTED RIBBON,3.5662,PER YARD
36600-009-264-A-1-0002,RIBBON,PRINTED RIBBON,2.1123,PER YARD
36600-009-314-D2-1-0005,RIBBON,PRINTED RIBBON,3.5662,PER YARD
36600-009-435-D2-1-0001,RIBBON,PRINTED RIBBON,3.5662,PER YARD
36600-009-565-D2-1-0001,RIBBON,PRINTED RIBBON,3.9228,PER YARD
36600-009-690-A-1-0002,RIBBON,PRINTED RIBBON,2.1123,PER YARD
36600-009-815-A-1-0095,RIBBON,PRINTED RIBBON,2.2311,PER YARD
36600-009-845-D2-1-0001,RIBBON,PRINTED RIBBON,3.9228,PER YARD
36600-013-029-A-1-0442,RIBBON,PRINTED RIBBON,3.621,PER YARD
36600-013-029-D2-1-0012,RIBBON,PRINTED RIBBON,,PER YARD
36600-013-030-A-1-0728,RIBBON,PRINTED RIBBON,2.7889,PER YARD
36600-013-030-A-1-0871,RIBBON,PRINTED RIBBON,3.9868,PER YARD
36600-013-030-A-1-0914,RIBBON,PRINTED RIBBON,,PER YARD
36600-013-030-A-1-0928,RIBBON,PRINTED RIBBON,3.0724,PER YARD
36600-013-148-D2-1-0001,RIBBON,PRINTED RIBBON,,PER YARD
36600-013-371-A-1-0015,RIBBON,PRINTED RIBBON,3.0724,PER YARD
36600-013-435-D2-1-0002,RIBBON,PRINTED RIBBON,,PER YARD
36600-013-566-D2-1-0001,RIBBON,PRINTED RIBBON,,PER YARD
36600-013-690-A-1-0012,RIBBON,PRINTED RIBBON,3.0724,PER YARD
36600-013-779-D2-1-0001,RIBBON,PRINTED RIBBON,,PER YARD
36600-013-785-D2-1-0002,RIBBON,PRINTED RIBBON,,PER YARD
36600-013-815-A-1-0032,RIBBON,PRINTED RIBBON,,PER YARD
36600-013-820-D2-1-0003,RIBBON,PRINTED RIBBON,,PER YARD
36600-013-826-A-1-0022,RIBBON,PRINTED RIBBON,,PER YARD
36600-013-838-D2-1-0001,RIBBON,PRINTED RIBBON,,PER YARD
36600-016-007-D3-1-0003,RIBBON,PRINTED RIBBON,5.1846,PER YARD
36600-016-007-D3-1-0005,RIBBON,PRINTED RIBBON,4.8463,PER YARD
36600-016-009-A-1-0051,RIBBON,PRINTED RIBBON,3.4564,PER YARD
36600-016-012-A-1-0105,RIBBON,PRINTED RIBBON,,PER YARD
36600-016-017-A-1-0067,RIBBON,PRINTED RIBBON,3.4564,PER YARD
36600-016-028-A-1-0180,RIBBON,PRINTED RIBBON,3.4564,PER YARD
36600-016-029-A-1-1564,RIBBON,PRINTED RIBBON,,PER YARD
36600-016-029-A-1-1565,RIBBON,PRINTED RIBBON,,PER YARD
36600-016-030-A-1-1425,RIBBON,PRINTED RIBBON,3.3873,PER YARD
36600-016-030-A-1-1445,RIBBON,PRINTED RIBBON,3.4564,PER YARD
36600-016-030-A-1-1515,RIBBON,PRINTED RIBBON,,PER YARD
36600-016-030-A-1-1521,RIBBON,PRINTED RIBBON,3.7278,PER YARD
36600-016-030-D3-1-0029,RIBBON,PRINTED RIBBON,,PER YARD
36600-016-077-A-1-0057,RIBBON,PRINTED RIBBON,,PER YARD
36600-016-077-A-1-0058,RIBBON,PRINTED RIBBON,,PER YARD
36600-016-077-A-1-0060,RIBBON,PRINTED RIBBON,3.4564,PER YARD
36600-016-112-A-1-0020,RIBBON,PRINTED RIBBON,,PER YARD
36600-016-323-A-1-0032,RIBBON,PRINTED RIBBON,,PER YARD
36600-016-330-A-1-0026,RIBBON,PRINTED RIBBON,3.4564,PER YARD
36600-016-332-D3-1-0002,RIBBON,PRINTED RIBBON,5.0155,PER YARD
36600-016-336-A-1-0004,RIBBON,PRINTED RIBBON,,PER YARD
36600-016-338-A-1-0007,RIBBON,PRINTED RIBBON,,PER YARD
36600-016-363-A-1-0015,RIBBON,PRINTED RIBBON,,PER YARD
36600-016-513-A-1-0022,RIBBON,PRINTED RIBBON,,PER YARD
36600-016-564-A-1-0009,RIBBON,PRINTED RIBBON,,PER YARD
36600-016-565-A-1-0008,RIBBON,PRINTED RIBBON,3.4564,PER YARD
36600-016-567-A-1-0034,RIBBON,PRINTED RIBBON,,PER YARD
36600-016-569-A-1-0006,RIBBON,PRINTED RIBBON,,PER YARD
36600-016-572-A-1-0002,RIBBON,PRINTED RIBBON,3.4564,PER YARD
36600-016-660-A-1-0028,RIBBON,PRINTED RIBBON,,PER YARD
36600-016-810-D2-1-0012,RIBBON,PRINTED RIBBON,4.8463,PER YARD
36600-016-810-D2-1-0017,RIBBON,PRINTED RIBBON,5.5961,PER YARD
36600-016-813-A-1-0025,RIBBON,PRINTED RIBBON,,PER YARD
36600-016-836-A-1-0027,RIBBON,PRINTED RIBBON,3.4564,PER YARD
36600-016-836-A-1-0030,RIBBON,PRINTED RIBBON,3.4564,PER YARD
36600-019-028-D2-1-0019,RIBBON,PRINTED RIBBON,,PER YARD
36600-019-029-D2-1-0036,RIBBON,PRINTED RIBBON,,PER YARD
36600-019-030-A-1-0936,RIBBON,PRINTED RIBBON,3.8953,PER YARD
36600-019-030-A-1-0984,RIBBON,PRINTED RIBBON,,PER YARD
36600-019-030-A-1-0987,RIBBON,PRINTED RIBBON,4.2885,PER YARD
36600-019-323-A-1-0006,RIBBON,PRINTED RIBBON,4.2885,PER YARD
36600-019-370-A-1-0101,RIBBON,PRINTED RIBBON,,PER YARD
36600-019-370-A-1-0103,RIBBON,PRINTED RIBBON,3.8953,PER YARD
36600-019-370-A-1-0103-U-1.35-M,RIBBON,PRINTED RIBBON,,PER YARD
36600-019-370-A-1-0111,RIBBON,PRINTED RIBBON,,PER YARD
36600-019-370-A-1-0113,RIBBON,PRINTED RIBBON,,PER YARD
36600-019-370-A-1-0114,RIBBON,PRINTED RIBBON,,PER YARD
36600-019-370-D2-1-0008,RIBBON,PRINTED RIBBON,5.0932,PER YARD
36600-019-570-A-1-0020,RIBBON,PRINTED RIBBON,5.587,PER YARD
36600-019-650-D2-1-0001,RIBBON,PRINTED RIBBON,,PER YARD
36600-019-793-A-1-0005,RIBBON,PRINTED RIBBON,,PER YARD
36600-019-810-D2-1-0011,RIBBON,PRINTED RIBBON,,PER YARD
36600-019-815-A-1-0039,RIBBON,PRINTED RIBBON,,PER YARD
36600-019-824-D2-1-0003,RIBBON,PRINTED RIBBON,,PER YARD
36600-022-029-D2-1-0015,RIBBON,PRINTED RIBBON,,PER YARD
36600-022-435-D2-1-0001,RIBBON,PRINTED RIBBON,,PER YARD
36600-022-686-D2-1-0001,RIBBON,PRINTED RIBBON,,PER YARD
36600-022-838-D2-1-0001,RIBBON,PRINTED RIBBON,,PER YARD
36600-025-000-D2-1-0019,RIBBON,PRINTED RIBBON,,PER YARD
36600-025-012-A-1-0046,RIBBON,PRINTED RIBBON,5.0182,PER YARD
36600-025-028-A-1-0112,RIBBON,PRINTED RIBBON,5.0182,PER YARD
36600-025-030-D2-1-0093,RIBBON,PRINTED RIBBON,,PER YARD
36600-025-103-A-1-0015,RIBBON,PRINTED RIBBON,5.0182,PER YARD
36600-025-103-D2-1-0003,RIBBON,PRINTED RIBBON,,PER YARD
36600-025-148-D2-1-0001,RIBBON,PRINTED RIBBON,,PER YARD
36600-025-264-A-1-0030,RIBBON,PRINTED RIBBON,5.0182,PER YARD
36600-025-305-A-1-0010,RIBBON,PRINTED RIBBON,5.0182,PER YARD
36600-025-371-D2-1-0002,RIBBON,PRINTED RIBBON,3.0724,PER YARD
36600-025-430-A-1-0053,RIBBON,PRINTED RIBBON,,PER YARD
36600-025-430-A-1-0054,RIBBON,PRINTED RIBBON,,PER YARD
36600-025-566-D2-1-0001,RIBBON,PRINTED RIBBON,,PER YARD
36600-025-662-A-1-0009,RIBBON,PRINTED RIBBON,,PER YARD
36600-025-820-D2-1-0004,RIBBON,PRINTED RIBBON,,PER YARD
36600-025-826-A-1-0020,RIBBON,PRINTED RIBBON,5.0182,PER YARD
36600-032-012-A-1-0012,RIBBON,PRINTED RIBBON,7.0226,PER YARD
36600-032-714-A-1-0001,RIBBON,PRINTED RIBBON,7.0226,PER YARD
36600-032-826-A-1-0003,RIBBON,PRINTED RIBBON,7.0226,PER YARD
36621-025-250-H2+11-1-0002,RIBBON,PRINTED RIBBON,12.2232,PER YARD
36621-025-250-H2-1-0001,RIBBON,PRINTED RIBBON,10.7442,PER YARD
36621-025-370-H2+11-1-0002,RIBBON,PRINTED RIBBON,11.8186,PER YARD
36621-025-370-H2-1-0001,RIBBON,PRINTED RIBBON,10.7442,PER YARD
36621-025-815-1550-H2+11-1-0002,RIBBON,PRINTED RIBBON,,PER YARD
36621-025-815-H2+11-1-0001,RIBBON,PRINTED RIBBON,11.2814,PER YARD
36621-025-815-H2-1-0001,RIBBON,PRINTED RIBBON,10.7442,PER YARD
37700-006-029-A+14-1-0055,RIBBON,PRINTED RIBBON,1.6566,PER YARD
37700-006-030-A+14-1-0067,RIBBON,PRINTED RIBBON,1.8012,PER YARD
38800-006-855-D2-1-0002,RIBBON,PRINTED RIBBON,3.0358,PER YARD
38800-009-112-A-1-0046,RIBBON,PRINTED RIBBON,2.7523,PER YARD
38800-009-123-A-1-0030,RIBBON,PRINTED RIBBON,2.7523,PER YARD
38800-009-153-A-2-0001,RIBBON,PRINTED RIBBON,,PER YARD
38800-013-169-A-1-0001,RIBBON,PRINTED RIBBON,,PER YARD
38800-013-169-A-1-0002,RIBBON,PRINTED RIBBON,2.8164,PER YARD
38800-013-264-D2-1-0001,RIBBON,PRINTED RIBBON,,PER YARD
38800-013-342-A-1-0003,RIBBON,PRINTED RIBBON,,PER YARD
38800-013-342-A-1-0004,RIBBON,PRINTED RIBBON,2.8164,PER YARD
38800-013-826-A-1-0017,RIBBON,PRINTED RIBBON,2.5603,PER YARD
38800-016-012-H3-1-0004,RIBBON,PRINTED RIBBON,,PER YARD
38800-016-028-H2-1-0008,RIBBON,PRINTED RIBBON,,PER YARD
38800-016-030-H2-1-0031,RIBBON,PRINTED RIBBON,,PER YARD
38800-016-103-D2-1-0006,RIBBON,PRINTED RIBBON,,PER YARD
38800-016-115-D2-1-0010,RIBBON,PRINTED RIBBON,,PER YARD
38800-016-117-D2-1-0004,RIBBON,PRINTED RIBBON,,PER YARD
38800-016-235-D3-1-0011,RIBBON,PRINTED RIBBON,,PER YARD
38800-016-264-D2-1-0002,RIBBON,PRINTED RIBBON,,PER YARD
38800-016-372-D2-1-0002,RIBBON,PRINTED RIBBON,,PER YARD
38800-016-690-H2-1-0005,RIBBON,PRINTED RIBBON,,PER YARD
38800-016-793-D2-1-0004,RIBBON,PRINTED RIBBON,,PER YARD
38800-016-855-D2-1-0010,RIBBON,PRINTED RIBBON,5.3675,PER YARD
38800-019-030-A-1-0796,RIBBON,PRINTED RIBBON,,PER YARD
38800-019-030-D2-1-0207,RIBBON,PRINTED RIBBON,,PER YARD
38800-019-187-A-1-0010,RIBBON,PRINTED RIBBON,3.6759,PER YARD
38800-019-187-D2-1-0002,RIBBON,PRINTED RIBBON,5.4864,PER YARD
38800-019-198-A-1-0003,RIBBON,PRINTED RIBBON,3.6759,PER YARD
38800-019-235-D3-1-0011,RIBBON,PRINTED RIBBON,,PER YARD
38800-019-275-A-1-0017,RIBBON,PRINTED RIBBON,3.6759,PER YARD
38800-019-327-A-1-0012,RIBBON,PRINTED RIBBON,4.0416,PER YARD
38800-019-329-A-1-0006,RIBBON,PRINTED RIBBON,3.6759,PER YARD
38800-019-352-D2-1-0005,RIBBON,PRINTED RIBBON,5.4864,PER YARD
38800-019-372-D2-1-0003,RIBBON,PRINTED RIBBON,,PER YARD
38800-019-467-A-1-0007,RIBBON,PRINTED RIBBON,3.6759,PER YARD
38800-019-570-A-1-0010,RIBBON,PRINTED RIBBON,4.0416,PER YARD
38800-019-750-A-1-0012,RIBBON,PRINTED RIBBON,3.6759,PER YARD
38800-019-751-A-1-0017,RIBBON,PRINTED RIBBON,4.0416,PER YARD
38800-019-810-D2-1-0013,RIBBON,PRINTED RIBBON,5.4864,PER YARD
38800-019-820-D2-1-0005,RIBBON,PRINTED RIBBON,,PER YARD
38800-019-870-D2-1-0005,RIBBON,PRINTED RIBBON,5.4864,PER YARD
38800-022-028-A-1-0006,RIBBON,PRINTED RIBBON,4.2337,PER YARD
38800-022-156-A-1-0008,RIBBON,PRINTED RIBBON,,PER YARD
38800-022-264-A-1-0003,RIBBON,PRINTED RIBBON,4.2337,PER YARD
38800-022-371-A-1-0004,RIBBON,PRINTED RIBBON,4.2337,PER YARD
38800-022-513-A-1-0002,RIBBON,PRINTED RIBBON,,PER YARD
38800-022-687-A-1-0006,RIBBON,PRINTED RIBBON,4.2337,PER YARD
38800-022-793-A-1-0001,RIBBON,PRINTED RIBBON,4.2337,PER YARD
38800-025-017-D2-1-0002,RIBBON,PRINTED RIBBON,6.9037,PER YARD
38800-025-028-D2-1-0038,RIBBON,PRINTED RIBBON,6.9037,PER YARD
38800-025-030-D2-1-0187,RIBBON,PRINTED RIBBON,,PER YARD
38800-025-030-D2-1-0193,RIBBON,PRINTED RIBBON,,PER YARD
38800-025-187-D2-1-0002,RIBBON,PRINTED RIBBON,6.9037,PER YARD
38800-025-235-D2-1-0021,RIBBON,PRINTED RIBBON,,PER YARD
38800-025-250-A-1-0093,RIBBON,PRINTED RIBBON,,PER YARD
38800-025-275-D2-1-0010,RIBBON,PRINTED RIBBON,8.2296,PER YARD
38800-025-305-A-2-0001,RIBBON,PRINTED RIBBON,,PER YARD
38800-025-305-A-3-0001,RIBBON,PRINTED RIBBON,6.6385,PER YARD
38800-025-332-D2-1-0002,RIBBON,PRINTED RIBBON,6.9037,PER YARD
38800-025-371-D2-1-0017,RIBBON,PRINTED RIBBON,,PER YARD
38800-025-465-D2-1-0006,RIBBON,PRINTED RIBBON,6.9037,PER YARD
38800-025-563-A-1-0017,RIBBON,PRINTED RIBBON,,PER YARD
38800-025-563-A-1-0019,RIBBON,PRINTED RIBBON,,PER YARD
38800-025-569-A-1-0003,RIBBON,PRINTED RIBBON,,PER YARD
38800-025-570-A-1-0019,RIBBON,PRINTED RIBBON,,PER YARD
38800-025-587-D2-1-0013,RIBBON,PRINTED RIBBON,,PER YARD
38800-025-587-D2-1-0019,RIBBON,PRINTED RIBBON,,PER YARD
38800-025-593-A-1-0011,RIBBON,PRINTED RIBBON,,PER YARD
38800-025-690-A-1-0037,RIBBON,PRINTED RIBBON,,PER YARD
38800-025-720-A-3-0001,RIBBON,PRINTED RIBBON,6.6385,PER YARD
38800-025-765-A-3-0001,RIBBON,PRINTED RIBBON,6.6385,PER YARD
38800-025-810-D2-1-0004,RIBBON,PRINTED RIBBON,6.9037,PER YARD
38800-025-810-D2-1-0016,RIBBON,PRINTED RIBBON,,PER YARD
38800-025-812-D2-1-0002,RIBBON,PRINTED RIBBON,6.9037,PER YARD
38800-025-824-D2-1-0007,RIBBON,PRINTED RIBBON,,PER YARD
38800-025-837-A-1-0017,RIBBON,PRINTED RIBBON,,PER YARD
38800-025-839-D2-1-0017,RIBBON,PRINTED RIBBON,6.9037,PER YARD
38800-025-850-A-1-0028,RIBBON,PRINTED RIBBON,,PER YARD
38800-025-870-D2-1-0004,RIBBON,PRINTED RIBBON,6.9037,PER YARD
38801-025-275-2481-H2+11-1-0002,RIBBON,PRINTED RIBBON,13.2593,PER YARD
38801-025-275-H2-1-0001,RIBBON,PRINTED RIBBON,10.7442,PER YARD
38801-025-780-0685-H2+11-1-0002,RIBBON,PRINTED RIBBON,13.8907,PER YARD
38801-025-780-H2-1-0001,RIBBON,PRINTED RIBBON,10.7442,PER YARD
38801-025-835-7701-H2+11-1-0001,RIBBON,PRINTED RIBBON,13.8907,PER YARD
38801-025-835-H2+11-1-0002,RIBBON,PRINTED RIBBON,,PER YARD
38801-025-835-H2-1-0001,RIBBON,PRINTED RIBBON,10.7442,PER YARD
46600-009-826-A-A30-1-029,RIBBON,PRINTED RIBBON,2.4506,PER YARD
54400-009-028-25-Y,RIBBON,PACKED ROLL,30.98,PER YARD
54400-009-028-J-25-Y,RIBBON,PACKED ROLL,,PER YARD
54400-009-029-25-Y,RIBBON,PACKED ROLL,30.98,PER YARD
54400-009-029-J-25-Y,RIBBON,PACKED ROLL,,PER YARD
54400-009-030-25-Y,RIBBON,PACKED ROLL,30.98,PER YARD
54400-009-030-J-25-Y,RIBBON,PACKED ROLL,,PER YARD
54400-009-161-J-25-Y,RIBBON,PACKED ROLL,42.31,PER YARD
54400-009-183-25-Y,RIBBON,PACKED ROLL,30.98,PER YARD
54400-009-183-J-25-Y,RIBBON,PACKED ROLL,,PER YARD
54400-009-187-25-Y,RIBBON,PACKED ROLL,30.98,PER YARD
54400-009-187-J-25-Y,RIBBON,PACKED ROLL,,PER YARD
54400-009-250-25-Y,RIBBON,PACKED ROLL,30.98,PER YARD
54400-009-250-J-25-Y,RIBBON,PACKED ROLL,,PER YARD
54400-009-275-25-Y,RIBBON,PACKED ROLL,30.98,PER YARD
54400-009-275-J-25-Y,RIBBON,PACKED ROLL,,PER YARD
54400-009-285-25-Y,RIBBON,PACKED ROLL,30.98,PER YARD
54400-009-285-J-25-Y,RIBBON,PACKED ROLL,,PER YARD
54400-009-308-25-Y,RIBBON,PACKED ROLL,30.98,PER YARD
54400-009-308-J-25-Y,RIBBON,PACKED ROLL,,PER YARD
54400-009-337-25-Y,RIBBON,PACKED ROLL,30.98,PER YARD
54400-009-337-J-25-Y,RIBBON,PACKED ROLL,,PER YARD
54400-009-430-J-25-Y,RIBBON,PACKED ROLL,48.68,PER YARD
54400-009-580-25-Y,RIBBON,PACKED ROLL,30.98,PER YARD
54400-009-580-J-25-Y,RIBBON,PACKED ROLL,,PER YARD
54400-009-720-J-25-Y,RIBBON,PACKED ROLL,48.68,PER YARD
54400-009-846-25-Y,RIBBON,PACKED ROLL,30.98,PER YARD
54400-009-846-J-25-Y,RIBBON,PACKED ROLL,,PER YARD
54400-009-868-J-25-Y,RIBBON,PACKED ROLL,48.68,PER YARD
54400-013-030-25-Y,RIBBON,PACKED ROLL,36.4,PER YARD
54400-013-030-J-25-Y,RIBBON,PACKED ROLL,,PER YARD
54400-013-275-25-Y,RIBBON,PACKED ROLL,36.4,PER YARD
54400-013-275-J-25-Y,RIBBON,PACKED ROLL,,PER YARD
54400-013-430-25-Y,RIBBON,PACKED ROLL,36.4,PER YARD
54400-013-430-J-25-Y,RIBBON,PACKED ROLL,36.4,PER YARD
54400-016-000-25-Y,RIBBON,PACKED ROLL,42.31,PER YARD
54400-016-000-J-25-Y,RIBBON,PACKED ROLL,,PER YARD
54400-016-017-25-Y,RIBBON,PACKED ROLL,42.31,PER YARD
54400-016-017-J-25-Y,RIBBON,PACKED ROLL,,PER YARD
54400-016-028-25-Y,RIBBON,PACKED ROLL,42.31,PER YARD
54400-016-028-J-25-Y,RIBBON,PACKED ROLL,,PER YARD
54400-016-029-25-Y,RIBBON,PACKED ROLL,42.31,PER YARD
54400-016-029-J-25-Y,RIBBON,PACKED ROLL,,PER YARD
54400-016-103-25-Y,RIBBON,PACKED ROLL,42.31,PER YARD
54400-016-103-J-25-Y,RIBBON,PACKED ROLL,,PER YARD
54400-016-123-25-Y,RIBBON,PACKED ROLL,42.31,PER YARD
54400-016-123-J-25-Y,RIBBON,PACKED ROLL,,PER YARD
54400-016-210-J-25-Y,RIBBON,PACKED ROLL,42.31,PER YARD
54400-016-250-25-Y,RIBBON,PACKED ROLL,42.31,PER YARD
54400-016-250-J-25-Y,RIBBON,PACKED ROLL,,PER YARD
54400-016-275-25-Y,RIBBON,PACKED ROLL,42.31,PER YARD
54400-016-275-J-25-Y,RIBBON,PACKED ROLL,,PER YARD
54400-016-285-25-Y,RIBBON,PACKED ROLL,42.31,PER YARD
54400-016-285-J-25-Y,RIBBON,PACKED ROLL,,PER YARD
54400-016-305-25-Y,RIBBON,PACKED ROLL,42.31,PER YARD
54400-016-305-J-25-Y,RIBBON,PACKED ROLL,,PER YARD
54400-016-308-25-Y,RIBBON,PACKED ROLL,42.31,PER YARD
54400-016-308-J-25-Y,RIBBON,PACKED ROLL,,PER YARD
54400-016-337-25-Y,RIBBON,PACKED ROLL,42.31,PER YARD
54400-016-337-J-25-Y,RIBBON,PACKED ROLL,42.31,PER YARD
54400-016-430-25-Y,RIBBON,PACKED ROLL,42.31,PER YARD
54400-016-430-J-25-Y,RIBBON,PACKED ROLL,,PER YARD
54400-016-473-J-25-Y,RIBBON,PACKED ROLL,48.68,PER YARD
54400-016-550-25-Y,RIBBON,PACKED ROLL,42.31,PER YARD
54400-016-550-J-25-Y,RIBBON,PACKED ROLL,,PER YARD
54400-016-593-25-Y,RIBBON,PACKED ROLL,42.31,PER YARD
54400-016-593-J-25-Y,RIBBON,PACKED ROLL,,PER YARD
54400-016-750-J-25-Y,RIBBON,PACKED ROLL,48.68,PER YARD
54400-016-780-25-Y,RIBBON,PACKED ROLL,42.31,PER YARD
54400-016-780-J-25-Y,RIBBON,PACKED ROLL,,PER YARD
54400-016-813-25-Y,RIBBON,PACKED ROLL,42.31,PER YARD
54400-016-813-J-25-Y,RIBBON,PACKED ROLL,,PER YARD
54400-016-846-25-Y,RIBBON,PACKED ROLL,42.31,PER YARD
54400-016-846-J-25-Y,RIBBON,PACKED ROLL,,PER YARD
54400-019-000-25-Y,RIBBON,PACKED ROLL,48.68,PER YARD
54400-019-000-J-25-Y,RIBBON,PACKED ROLL,,PER YARD
54400-019-007-J-25-Y,RIBBON,PACKED ROLL,42.31,PER YARD
54400-019-029-J-25-Y,RIBBON,PACKED ROLL,48.68,PER YARD
54400-019-115-J-25-Y,RIBBON,PACKED ROLL,48.68,PER YARD
54400-019-123-J-25-Y,RIBBON,PACKED ROLL,48.68,PER YARD
54400-019-148-J-25-Y,RIBBON,PACKED ROLL,48.68,PER YARD
54400-019-187-25-Y,RIBBON,PACKED ROLL,48.68,PER YARD
54400-019-187-J-25-Y,RIBBON,PACKED ROLL,,PER YARD
54400-019-210-J-25-Y,RIBBON,PACKED ROLL,48.68,PER YARD
54400-019-250-25-Y,RIBBON,PACKED ROLL,48.68,PER YARD
54400-019-250-J-25-Y,RIBBON,PACKED ROLL,,PER YARD
54400-019-275-25-Y,RIBBON,PACKED ROLL,48.68,PER YARD
54400-019-275-J-25-Y,RIBBON,PACKED ROLL,,PER YARD
54400-019-314-J-25-Y,RIBBON,PACKED ROLL,48.68,PER YARD
54400-019-323-J-25-Y,RIBBON,PACKED ROLL,48.68,PER YARD
54400-019-430-J-25-Y,RIBBON,PACKED ROLL,48.68,PER YARD
54400-019-548-25-Y,RIBBON,PACKED ROLL,48.68,PER YARD
54400-019-548-J-25-Y,RIBBON,PACKED ROLL,,PER YARD
54400-019-640-J-25-Y,RIBBON,PACKED ROLL,61.11,PER YARD
54400-019-693-J-25-Y,RIBBON,PACKED ROLL,30.98,PER YARD
54400-019-793-J-25-Y,RIBBON,PACKED ROLL,30.98,PER YARD
54400-019-824-J-25-Y,RIBBON,PACKED ROLL,30.98,PER YARD
54400-019-846-25-Y,RIBBON,PACKED ROLL,48.68,PER YARD
54400-019-846-J-25-Y,RIBBON,PACKED ROLL,,PER YARD
54400-019-847-J-25-Y,RIBBON,PACKED ROLL,30.98,PER YARD
54400-025-000-25-Y,RIBBON,PACKED ROLL,61.11,PER YARD
54400-025-000-J-25-Y,RIBBON,PACKED ROLL,,PER YARD
54400-025-017-J-25-Y,RIBBON,PACKED ROLL,48.68,PER YARD
54400-025-029-25-Y,RIBBON,PACKED ROLL,61.11,PER YARD
54400-025-029-J-25-Y,RIBBON,PACKED ROLL,,PER YARD
54400-025-030-25-Y,RIBBON,PACKED ROLL,61.11,PER YARD
54400-025-030-J-25-Y,RIBBON,PACKED ROLL,,PER YARD
54400-025-103-25-Y,RIBBON,PACKED ROLL,61.11,PER YARD
54400-025-103-J-25-Y,RIBBON,PACKED ROLL,,PER YARD
54400-025-112-25-Y,RIBBON,PACKED ROLL,61.11,PER YARD
54400-025-112-J-25-Y,RIBBON,PACKED ROLL,,PER YARD
54400-025-115-25-Y,RIBBON,PACKED ROLL,61.11,PER YARD
54400-025-115-J-25-Y,RIBBON,PACKED ROLL,,PER YARD
54400-025-123-25-Y,RIBBON,PACKED ROLL,61.11,PER YARD
54400-025-123-J-25-Y,RIBBON,PACKED ROLL,,PER YARD
54400-025-161-25-Y,RIBBON,PACKED ROLL,61.11,PER YARD
54400-025-161-J-25-Y,RIBBON,PACKED ROLL,,PER YARD
54400-025-187-25-Y,RIBBON,PACKED ROLL,61.11,PER YARD
54400-025-187-J-25-Y,RIBBON,PACKED ROLL,,PER YARD
54400-025-275-25-Y,RIBBON,PACKED ROLL,61.11,PER YARD
54400-025-275-J-25-Y,RIBBON,PACKED ROLL,,PER YARD
54400-025-337-25-Y,RIBBON,PACKED ROLL,61.11,PER YARD
54400-025-337-J-25-Y,RIBBON,PACKED ROLL,,PER YARD
54400-025-473-25-Y,RIBBON,PACKED ROLL,61.11,PER YARD
54400-025-473-J-25-Y,RIBBON,PACKED ROLL,,PER YARD
54400-025-550-25-Y,RIBBON,PACKED ROLL,61.11,PER YARD
54400-025-550-J-25-Y,RIBBON,PACKED ROLL,,PER YARD
54400-025-780-25-Y,RIBBON,PACKED ROLL,61.11,PER YARD
54400-025-780-J-25-Y,RIBBON,PACKED ROLL,,PER YARD
54400-025-813-25-Y,RIBBON,PACKED ROLL,61.11,PER YARD
54400-025-813-J-25-Y,RIBBON,PACKED ROLL,,PER YARD
54400-025-846-25-Y,RIBBON,PACKED ROLL,61.11,PER YARD
54400-025-846-J-25-Y,RIBBON,PACKED ROLL,,PER YARD
56600-038-009-J-25-Y,RIBBON,PACKED ROLL,7.7175,PER YARD
56600-038-009-J-50-Y,RIBBON,PACKED ROLL,,PER YARD
56600-038-028-J-25-Y,RIBBON,PACKED ROLL,10.1032,PER YARD
56600-038-028-J-50-Y,RIBBON,PACKED ROLL,,PER YARD
56600-038-029-J-25-Y,RIBBON,PACKED ROLL,7.7175,PER YARD
56600-038-029-J-50-Y,RIBBON,PACKED ROLL,,PER YARD
56600-038-030-J-25-Y,RIBBON,PACKED ROLL,7.7175,PER YARD
56600-038-030-J-50-Y,RIBBON,PACKED ROLL,,PER YARD
56600-038-077-J-25-Y,RIBBON,PACKED ROLL,10.1032,PER YARD
56600-038-077-J-50-Y,RIBBON,PACKED ROLL,,PER YARD
56600-038-105-J-25-Y,RIBBON,PACKED ROLL,7.7175,PER YARD
56600-038-105-J-50-Y,RIBBON,PACKED ROLL,,PER YARD
56600-038-123-J-25-Y,RIBBON,PACKED ROLL,7.7175,PER YARD
56600-038-123-J-50-Y,RIBBON,PACKED ROLL,,PER YARD
56600-038-156-J-25-Y,RIBBON,PACKED ROLL,7.7175,PER YARD
56600-038-156-J-50-Y,RIBBON,PACKED ROLL,,PER YARD
56600-038-157-J-25-Y,RIBBON,PACKED ROLL,,PER YARD
56600-038-157-J-50-Y,RIBBON,PACKED ROLL,,PER YARD
56600-038-158-J-25-Y,RIBBON,PACKED ROLL,7.7175,PER YARD
56600-038-158-J-50-Y,RIBBON,PACKED ROLL,,PER YARD
56600-038-185-J-25-Y,RIBBON,PACKED ROLL,,PER YARD
56600-038-185-J-50-Y,RIBBON,PACKED ROLL,,PER YARD
56600-038-187-J-25-Y,RIBBON,PACKED ROLL,7.7175,PER YARD
56600-038-187-J-50-Y,RIBBON,PACKED ROLL,,PER YARD
56600-038-250-J-25-Y,RIBBON,PACKED ROLL,7.7175,PER YARD
56600-038-250-J-50-Y,RIBBON,PACKED ROLL,,PER YARD
56600-038-275-J-25-Y,RIBBON,PACKED ROLL,7.7175,PER YARD
56600-038-275-J-50-Y,RIBBON,PACKED ROLL,,PER YARD
56600-038-308-J-25-Y,RIBBON,PACKED ROLL,10.1032,PER YARD
56600-038-308-J-50-Y,RIBBON,PACKED ROLL,,PER YARD
56600-038-314-J-25-Y,RIBBON,PACKED ROLL,,PER YARD
56600-038-314-J-50-Y,RIBBON,PACKED ROLL,,PER YARD
56600-038-329-J-25-Y,RIBBON,PACKED ROLL,7.7175,PER YARD
56600-038-329-J-50-Y,RIBBON,PACKED ROLL,,PER YARD
56600-038-347-J-25-Y,RIBBON,PACKED ROLL,7.7175,PER YARD
56600-038-347-J-50-Y,RIBBON,PACKED ROLL,,PER YARD
56600-038-352-J-25-Y,RIBBON,PACKED ROLL,,PER YARD
56600-038-352-J-50-Y,RIBBON,PACKED ROLL,,PER YARD
56600-038-363-J-25-Y,RIBBON,PACKED ROLL,7.7175,PER YARD
56600-038-363-J-50-Y,RIBBON,PACKED ROLL,,PER YARD
56600-038-370-J-25-Y,RIBBON,PACKED ROLL,10.1032,PER YARD
56600-038-370-J-50-Y,RIBBON,PACKED ROLL,,PER YARD
56600-038-373-J-25-Y,RIBBON,PACKED ROLL,7.7175,PER YARD
56600-038-373-J-50-Y,RIBBON,PACKED ROLL,,PER YARD
56600-038-462-J-25-Y,RIBBON,PACKED ROLL,,PER YARD
56600-038-462-J-50-Y,RIBBON,PACKED ROLL,,PER YARD
56600-038-465-J-25-Y,RIBBON,PACKED ROLL,7.7175,PER YARD
56600-038-465-J-50-Y,RIBBON,PACKED ROLL,,PER YARD
56600-038-470-J-25-Y,RIBBON,PACKED ROLL,7.7175,PER YARD
56600-038-470-J-50-Y,RIBBON,PACKED ROLL,,PER YARD
56600-038-530-J-25-Y,RIBBON,PACKED ROLL,,PER YARD
56600-038-530-J-50-Y,RIBBON,PACKED ROLL,,PER YARD
56600-038-570-J-25-Y,RIBBON,PACKED ROLL,7.7175,PER YARD
56600-038-570-J-50-Y,RIBBON,PACKED ROLL,,PER YARD
56600-038-580-J-25-Y,RIBBON,PACKED ROLL,,PER YARD
56600-038-580-J-50-Y,RIBBON,PACKED ROLL,,PER YARD
56600-038-587-J-25-Y,RIBBON,PACKED ROLL,7.7175,PER YARD
56600-038-587-J-50-Y,RIBBON,PACKED ROLL,,PER YARD
56600-038-617-J-25-Y,RIBBON,PACKED ROLL,7.7175,PER YARD
56600-038-617-J-50-Y,RIBBON,PACKED ROLL,,PER YARD
56600-038-645-J-25-Y,RIBBON,PACKED ROLL,,PER YARD
56600-038-645-J-50-Y,RIBBON,PACKED ROLL,,PER YARD
56600-038-650-J-25-Y,RIBBON,PACKED ROLL,7.7175,PER YARD
56600-038-650-J-50-Y,RIBBON,PACKED ROLL,,PER YARD
56600-038-662-J-25-Y,RIBBON,PACKED ROLL,7.7175,PER YARD
56600-038-662-J-50-Y,RIBBON,PACKED ROLL,,PER YARD
56600-038-690-J-25-Y,RIBBON,PACKED ROLL,10.1032,PER YARD
56600-038-690-J-50-Y,RIBBON,PACKED ROLL,,PER YARD
56600-038-720-J-25-Y,RIBBON,PACKED ROLL,,PER YARD
56600-038-720-J-50-Y,RIBBON,PACKED ROLL,,PER YARD
56600-038-750-J-25-Y,RIBBON,PACKED ROLL,10.1032,PER YARD
56600-038-750-J-50-Y,RIBBON,PACKED ROLL,,PER YARD
56600-038-813-J-25-Y,RIBBON,PACKED ROLL,7.7175,PER YARD
56600-038-813-J-50-Y,RIBBON,PACKED ROLL,,PER YARD
56600-038-837-J-25-Y,RIBBON,PACKED ROLL,10.1032,PER YARD
56600-038-837-J-50-Y,RIBBON,PACKED ROLL,,PER YARD
56600-038-855-J-25-Y,RIBBON,PACKED ROLL,7.7175,PER YARD
56600-038-855-J-50-Y,RIBBON,PACKED ROLL,,PER YARD
56600-057-009-J-25-Y,RIBBON,PACKED ROLL,,PER YARD
56600-057-009-J-50-Y,RIBBON,PACKED ROLL,,PER YARD
56600-057-028-J-25-Y,RIBBON,PACKED ROLL,,PER YARD
56600-057-028-J-50-Y,RIBBON,PACKED ROLL,,PER YARD
56600-057-029-J-25-Y,RIBBON,PACKED ROLL,14.1712,PER YARD
56600-057-029-J-50-Y,RIBBON,PACKED ROLL,,PER YARD
56600-057-030-J-25-Y,RIBBON,PACKED ROLL,14.1712,PER YARD
56600-057-030-J-50-Y,RIBBON,PACKED ROLL,,PER YARD
56600-057-077-J-25-Y,RIBBON,PACKED ROLL,11.43,PER YARD
56600-057-077-J-50-Y,RIBBON,PACKED ROLL,,PER YARD
56600-057-105-J-25-Y,RIBBON,PACKED ROLL,,PER YARD
56600-057-105-J-50-Y,RIBBON,PACKED ROLL,,PER YARD
56600-057-123-J-25-Y,RIBBON,PACKED ROLL,11.43,PER YARD
56600-057-123-J-50-Y,RIBBON,PACKED ROLL,,PER YARD
56600-057-156-J-25-Y,RIBBON,PACKED ROLL,,PER YARD
56600-057-156-J-50-Y,RIBBON,PACKED ROLL,,PER YARD
56600-057-157-J-25-Y,RIBBON,PACKED ROLL,,PER YARD
56600-057-157-J-50-Y,RIBBON,PACKED ROLL,,PER YARD
56600-057-158-J-25-Y,RIBBON,PACKED ROLL,11.43,PER YARD
56600-057-158-J-50-Y,RIBBON,PACKED ROLL,,PER YARD
56600-057-185-J-25-Y,RIBBON,PACKED ROLL,11.43,PER YARD
56600-057-185-J-50-Y,RIBBON,PACKED ROLL,,PER YARD
56600-057-187-J-25-Y,RIBBON,PACKED ROLL,11.43,PER YARD
56600-057-187-J-50-Y,RIBBON,PACKED ROLL,,PER YARD
56600-057-250-J-25-Y,RIBBON,PACKED ROLL,14.1712,PER YARD
56600-057-250-J-50-Y,RIBBON,PACKED ROLL,,PER YARD
56600-057-275-J-25-Y,RIBBON,PACKED ROLL,14.1712,PER YARD
56600-057-275-J-50-Y,RIBBON,PACKED ROLL,,PER YARD
56600-057-308-J-25-Y,RIBBON,PACKED ROLL,14.1712,PER YARD
56600-057-308-J-50-Y,RIBBON,PACKED ROLL,,PER YARD
56600-057-314-J-25-Y,RIBBON,PACKED ROLL,11.43,PER YARD
56600-057-314-J-50-Y,RIBBON,PACKED ROLL,,PER YARD
56600-057-329-J-25-Y,RIBBON,PACKED ROLL,14.1712,PER YARD
56600-057-329-J-50-Y,RIBBON,PACKED ROLL,,PER YARD
56600-057-347-J-25-Y,RIBBON,PACKED ROLL,,PER YARD
56600-057-347-J-50-Y,RIBBON,PACKED ROLL,,PER YARD
56600-057-352-J-25-Y,RIBBON,PACKED ROLL,14.1712,PER YARD
56600-057-352-J-50-Y,RIBBON,PACKED ROLL,,PER YARD
56600-057-363-J-25-Y,RIBBON,PACKED ROLL,11.43,PER YARD
56600-057-363-J-50-Y,RIBBON,PACKED ROLL,,PER YARD
56600-057-370-J-25-Y,RIBBON,PACKED ROLL,14.1712,PER YARD
56600-057-370-J-50-Y,RIBBON,PACKED ROLL,,PER YARD
56600-057-373-J-25-Y,RIBBON,PACKED ROLL,14.1712,PER YARD
56600-057-373-J-50-Y,RIBBON,PACKED ROLL,,PER YARD
56600-057-462-J-25-Y,RIBBON,PACKED ROLL,14.1712,PER YARD
56600-057-462-J-50-Y,RIBBON,PACKED ROLL,,PER YARD
56600-057-465-J-25-Y,RIBBON,PACKED ROLL,11.43,PER YARD
56600-057-465-J-50-Y,RIBBON,PACKED ROLL,,PER YARD
56600-057-470-J-25-Y,RIBBON,PACKED ROLL,14.1712,PER YARD
56600-057-470-J-50-Y,RIBBON,PACKED ROLL,,PER YARD
56600-057-530-J-25-Y,RIBBON,PACKED ROLL,11.43,PER YARD
56600-057-530-J-50-Y,RIBBON,PACKED ROLL,,PER YARD
56600-057-570-J-25-Y,RIBBON,PACKED ROLL,,PER YARD
56600-057-570-J-50-Y,RIBBON,PACKED ROLL,,PER YARD
56600-057-580-J-25-Y,RIBBON,PACKED ROLL,14.1712,PER YARD
56600-057-580-J-50-Y,RIBBON,PACKED ROLL,,PER YARD
56600-057-587-J-25-Y,RIBBON,PACKED ROLL,,PER YARD
56600-057-587-J-50-Y,RIBBON,PACKED ROLL,,PER YARD
56600-057-617-J-25-Y,RIBBON,PACKED ROLL,11.43,PER YARD
56600-057-617-J-50-Y,RIBBON,PACKED ROLL,,PER YARD
56600-057-645-J-25-Y,RIBBON,PACKED ROLL,,PER YARD
56600-057-645-J-50-Y,RIBBON,PACKED ROLL,,PER YARD
56600-057-650-J-25-Y,RIBBON,PACKED ROLL,14.1712,PER YARD
56600-057-650-J-50-Y,RIBBON,PACKED ROLL,,PER YARD
56600-057-662-J-25-Y,RIBBON,PACKED ROLL,,PER YARD
56600-057-662-J-50-Y,RIBBON,PACKED ROLL,,PER YARD
56600-057-690-J-25-Y,RIBBON,PACKED ROLL,11.43,PER YARD
56600-057-690-J-50-Y,RIBBON,PACKED ROLL,,PER YARD
56600-057-720-J-25-Y,RIBBON,PACKED ROLL,11.43,PER YARD
56600-057-720-J-50-Y,RIBBON,PACKED ROLL,,PER YARD
56600-057-750-J-25-Y,RIBBON,PACKED ROLL,14.1712,PER YARD
56600-057-750-J-50-Y,RIBBON,PACKED ROLL,,PER YARD
56600-057-813-J-25-Y,RIBBON,PACKED ROLL,14.1712,PER YARD
56600-057-813-J-50-Y,RIBBON,PACKED ROLL,,PER YARD
56600-057-837-J-25-Y,RIBBON,PACKED ROLL,11.43,PER YARD
56600-057-837-J-50-Y,RIBBON,PACKED ROLL,,PER YARD
56600-057-855-J-25-Y,RIBBON,PACKED ROLL,14.1712,PER YARD
56600-057-855-J-50-Y,RIBBON,PACKED ROLL,,PER YARD
57700-038-260-R-0.5-Y,RIBBON,PACKED ROLL,,PER YARD
57700-038-810-R-0.5-Y,RIBBON,PACKED ROLL,,PER YARD
58800-009-000-10-Y,RIBBON,PACKED ROLL,22.0,PER YARD
58800-009-000-J-10-Y,RIBBON,PACKED ROLL,,PER YARD
58800-009-007-10-Y,RIBBON,PACKED ROLL,22.0,PER YARD
58800-009-007-J-10-Y,RIBBON,PACKED ROLL,,PER YARD
58800-009-012-10-Y,RIBBON,PACKED ROLL,22.0,PER YARD
58800-009-012-J-10-Y,RIBBON,PACKED ROLL,,PER YARD
58800-009-028-10-Y,RIBBON,PACKED ROLL,22.0,PER YARD
58800-009-028-J-10-Y,RIBBON,PACKED ROLL,,PER YARD
58800-009-029-10-Y,RIBBON,PACKED ROLL,22.0,PER YARD
58800-009-029-J-10-Y,RIBBON,PACKED ROLL,,PER YARD
58800-009-030-10-Y,RIBBON,PACKED ROLL,22.0,PER YARD
58800-009-030-J-10-Y,RIBBON,PACKED ROLL,,PER YARD
58800-009-103-10-Y,RIBBON,PACKED ROLL,22.0,PER YARD
58800-009-103-J-10-Y,RIBBON,PACKED ROLL,,PER YARD
58800-009-105-10-Y,RIBBON,PACKED ROLL,22.0,PER YARD
58800-009-105-J-10-Y,RIBBON,PACKED ROLL,,PER YARD
58800-009-112-J-10-Y,RIBBON,PACKED ROLL,22.0,PER YARD
58800-009-115-10-Y,RIBBON,PACKED ROLL,22.0,PER YARD
58800-009-115-J-10-Y,RIBBON,PACKED ROLL,,PER YARD
58800-009-123-10-Y,RIBBON,PACKED ROLL,22.0,PER YARD
58800-009-123-J-10-Y,RIBBON,PACKED ROLL,,PER YARD
58800-009-148-10-Y,RIBBON,PACKED ROLL,22.0,PER YARD
58800-009-148-J-10-Y,RIBBON,PACKED ROLL,,PER YARD
58800-009-150-10-Y,RIBBON,PACKED ROLL,22.0,PER YARD
58800-009-150-J-10-Y,RIBBON,PACKED ROLL,,PER YARD
58800-009-154-10-Y,RIBBON,PACKED ROLL,22.0,PER YARD
58800-009-154-J-10-Y,RIBBON,PACKED ROLL,,PER YARD
58800-009-155-10-Y,RIBBON,PACKED ROLL,22.0,PER YARD
58800-009-155-J-10-Y,RIBBON,PACKED ROLL,,PER YARD
58800-009-156-10-Y,RIBBON,PACKED ROLL,22.0,PER YARD
58800-009-156-J-10-Y,RIBBON,PACKED ROLL,,PER YARD
58800-009-157-10-Y,RIBBON,PACKED ROLL,22.0,PER YARD
58800-009-157-J-10-Y,RIBBON,PACKED ROLL,,PER YARD
58800-009-175-10-Y,RIBBON,PACKED ROLL,22.0,PER YARD
58800-009-175-J-10-Y,RIBBON,PACKED ROLL,,PER YARD
58800-009-183-10-Y,RIBBON,PACKED ROLL,22.0,PER YARD
58800-009-183-J-10-Y,RIBBON,PACKED ROLL,,PER YARD
58800-009-187-10-Y,RIBBON,PACKED ROLL,22.0,PER YARD
58800-009-187-J-10-Y,RIBBON,PACKED ROLL,,PER YARD
58800-009-198-10-Y,RIBBON,PACKED ROLL,22.0,PER YARD
58800-009-198-J-10-Y,RIBBON,PACKED ROLL,,PER YARD
58800-009-235-10-Y,RIBBON,PACKED ROLL,22.0,PER YARD
58800-009-235-J-10-Y,RIBBON,PACKED ROLL,,PER YARD
58800-009-243-10-Y,RIBBON,PACKED ROLL,22.0,PER YARD
58800-009-243-J-10-Y,RIBBON,PACKED ROLL,,PER YARD
58800-009-250-10-Y,RIBBON,PACKED ROLL,22.0,PER YARD
58800-009-250-J-10-Y,RIBBON,PACKED ROLL,,PER YARD
58800-009-252-10-Y,RIBBON,PACKED ROLL,22.0,PER YARD
58800-009-252-J-10-Y,RIBBON,PACKED ROLL,,PER YARD
58800-009-260-10-Y,RIBBON,PACKED ROLL,22.0,PER YARD
58800-009-260-J-10-Y,RIBBON,PACKED ROLL,,PER YARD
58800-009-264-10-Y,RIBBON,PACKED ROLL,22.0,PER YARD
58800-009-264-J-10-Y,RIBBON,PACKED ROLL,,PER YARD
58800-009-275-J-10-Y,RIBBON,PACKED ROLL,22.0,PER YARD
58800-009-307-10-Y,RIBBON,PACKED ROLL,22.0,PER YARD
58800-009-307-J-10-Y,RIBBON,PACKED ROLL,,PER YARD
58800-009-308-10-Y,RIBBON,PACKED ROLL,22.0,PER YARD
58800-009-308-J-10-Y,RIBBON,PACKED ROLL,,PER YARD
58800-009-311-10-Y,RIBBON,PACKED ROLL,22.0,PER YARD
58800-009-311-J-10-Y,RIBBON,PACKED ROLL,,PER YARD
58800-009-317-10-Y,RIBBON,PACKED ROLL,22.0,PER YARD
58800-009-317-J-10-Y,RIBBON,PACKED ROLL,,PER YARD
58800-009-325-10-Y,RIBBON,PACKED ROLL,22.0,PER YARD
58800-009-325-J-10-Y,RIBBON,PACKED ROLL,,PER YARD
58800-009-327-10-Y,RIBBON,PACKED ROLL,22.0,PER YARD
58800-009-327-J-10-Y,RIBBON,PACKED ROLL,,PER YARD
58800-009-329-10-Y,RIBBON,PACKED ROLL,22.0,PER YARD
58800-009-329-J-10-Y,RIBBON,PACKED ROLL,,PER YARD
58800-009-340-10-Y,RIBBON,PACKED ROLL,22.0,PER YARD
58800-009-340-J-10-Y,RIBBON,PACKED ROLL,,PER YARD
58800-009-346-10-Y,RIBBON,PACKED ROLL,22.0,PER YARD
58800-009-346-J-10-Y,RIBBON,PACKED ROLL,,PER YARD
58800-009-352-10-Y,RIBBON,PACKED ROLL,22.0,PER YARD
58800-009-352-J-10-Y,RIBBON,PACKED ROLL,,PER YARD
58800-009-366-10-Y,RIBBON,PACKED ROLL,22.0,PER YARD
58800-009-366-J-10-Y,RIBBON,PACKED ROLL,,PER YARD
58800-009-370-10-Y,RIBBON,PACKED ROLL,22.0,PER YARD
58800-009-370-J-10-Y,RIBBON,PACKED ROLL,,PER YARD
58800-009-371-10-Y,RIBBON,PACKED ROLL,22.0,PER YARD
58800-009-371-J-10-Y,RIBBON,PACKED ROLL,,PER YARD
58800-009-420-10-Y,RIBBON,PACKED ROLL,22.0,PER YARD
58800-009-420-J-10-Y,RIBBON,PACKED ROLL,,PER YARD
58800-009-430-10-Y,RIBBON,PACKED ROLL,22.0,PER YARD
58800-009-430-J-10-Y,RIBBON,PACKED ROLL,,PER YARD
58800-009-463-10-Y,RIBBON,PACKED ROLL,22.0,PER YARD
58800-009-463-J-10-Y,RIBBON,PACKED ROLL,,PER YARD
58800-009-467-10-Y,RIBBON,PACKED ROLL,22.0,PER YARD
58800-009-467-J-10-Y,RIBBON,PACKED ROLL,,PER YARD
58800-009-470-10-Y,RIBBON,PACKED ROLL,22.0,PER YARD
58800-009-470-J-10-Y,RIBBON,PACKED ROLL,,PER YARD
58800-009-510-10-Y,RIBBON,PACKED ROLL,22.0,PER YARD
58800-009-510-J-10-Y,RIBBON,PACKED ROLL,,PER YARD
58800-009-520-10-Y,RIBBON,PACKED ROLL,22.0,PER YARD
58800-009-520-J-10-Y,RIBBON,PACKED ROLL,,PER YARD
58800-009-524-10-Y,RIBBON,PACKED ROLL,22.0,PER YARD
58800-009-524-J-10-Y,RIBBON,PACKED ROLL,,PER YARD
58800-009-548-10-Y,RIBBON,PACKED ROLL,22.0,PER YARD
58800-009-548-J-10-Y,RIBBON,PACKED ROLL,,PER YARD
58800-009-549-10-Y,RIBBON,PACKED ROLL,22.0,PER YARD
58800-009-549-J-10-Y,RIBBON,PACKED ROLL,,PER YARD
58800-009-550-10-Y,RIBBON,PACKED ROLL,22.0,PER YARD
58800-009-550-J-10-Y,RIBBON,PACKED ROLL,,PER YARD
58800-009-551-10-Y,RIBBON,PACKED ROLL,22.0,PER YARD
58800-009-551-J-10-Y,RIBBON,PACKED ROLL,,PER YARD
58800-009-556-10-Y,RIBBON,PACKED ROLL,22.0,PER YARD
58800-009-556-J-10-Y,RIBBON,PACKED ROLL,,PER YARD
58800-009-580-10-Y,RIBBON,PACKED ROLL,22.0,PER YARD
58800-009-580-J-10-Y,RIBBON,PACKED ROLL,,PER YARD
58800-009-587-10-Y,RIBBON,PACKED ROLL,22.0,PER YARD
58800-009-587-J-10-Y,RIBBON,PACKED ROLL,,PER YARD
58800-009-600-10-Y,RIBBON,PACKED ROLL,22.0,PER YARD
58800-009-600-J-10-Y,RIBBON,PACKED ROLL,,PER YARD
58800-009-614-10-Y,RIBBON,PACKED ROLL,22.0,PER YARD
58800-009-614-J-10-Y,RIBBON,PACKED ROLL,,PER YARD
58800-009-625-10-Y,RIBBON,PACKED ROLL,22.0,PER YARD
58800-009-625-J-10-Y,RIBBON,PACKED ROLL,,PER YARD
58800-009-640-10-Y,RIBBON,PACKED ROLL,22.0,PER YARD
58800-009-640-J-10-Y,RIBBON,PACKED ROLL,,PER YARD
58800-009-645-10-Y,RIBBON,PACKED ROLL,22.0,PER YARD
58800-009-645-J-10-Y,RIBBON,PACKED ROLL,,PER YARD
58800-009-650-10-Y,RIBBON,PACKED ROLL,22.0,PER YARD
58800-009-650-Y-10-Y,RIBBON,PACKED ROLL,,PER YARD
58800-009-660-10-Y,RIBBON,PACKED ROLL,22.0,PER YARD
58800-009-660-J-10-Y,RIBBON,PACKED ROLL,,PER YARD
58800-009-662-10-Y,RIBBON,PACKED ROLL,22.0,PER YARD
58800-009-662-J-10-Y,RIBBON,PACKED ROLL,,PER YARD
58800-009-668-10-Y,RIBBON,PACKED ROLL,22.0,PER YARD
58800-009-668-J-10-Y,RIBBON,PACKED ROLL,,PER YARD
58800-009-750-J-10-Y,RIBBON,PACKED ROLL,36.17,PER YARD
58800-009-785-10-Y,RIBBON,PACKED ROLL,22.0,PER YARD
58800-009-785-J-10-Y,RIBBON,PACKED ROLL,,PER YARD
58800-009-823-10-Y,RIBBON,PACKED ROLL,22.0,PER YARD
58800-009-823-J-10-Y,RIBBON,PACKED ROLL,,PER YARD
58800-009-855-10-Y,RIBBON,PACKED ROLL,22.0,PER YARD
58800-009-855-J-10-Y,RIBBON,PACKED ROLL,,PER YARD
58800-009-870-10-Y,RIBBON,PACKED ROLL,22.0,PER YARD
58800-009-870-J-10-Y,RIBBON,PACKED ROLL,,PER YARD
58800-013-000-10-Y,RIBBON,PACKED ROLL,25.85,PER YARD
58800-013-000-J-10-Y,RIBBON,PACKED ROLL,,PER YARD
58800-013-028-10-Y,RIBBON,PACKED ROLL,25.85,PER YARD
58800-013-028-J-10-Y,RIBBON,PACKED ROLL,,PER YARD
58800-013-112-10-Y,RIBBON,PACKED ROLL,25.85,PER YARD
58800-013-112-J-10-Y,RIBBON,PACKED ROLL,,PER YARD
58800-013-117-10-Y,RIBBON,PACKED ROLL,25.85,PER YARD
58800-013-117-J-10-Y,RIBBON,PACKED ROLL,,PER YARD
58800-013-203-10-Y,RIBBON,PACKED ROLL,25.85,PER YARD
58800-013-203-J-10-Y,RIBBON,PACKED ROLL,,PER YARD
58800-013-303-10-Y,RIBBON,PACKED ROLL,25.85,PER YARD
58800-013-303-J-10-Y,RIBBON,PACKED ROLL,,PER YARD
58800-013-324-10-Y,RIBBON,PACKED ROLL,25.85,PER YARD
58800-013-324-J-10-Y,RIBBON,PACKED ROLL,,PER YARD
58800-013-420-10-Y,RIBBON,PACKED ROLL,25.85,PER YARD
58800-013-420-J-10-Y,RIBBON,PACKED ROLL,,PER YARD
58800-013-510-10-Y,RIBBON,PACKED ROLL,25.85,PER YARD
58800-013-510-J-10-Y,RIBBON,PACKED ROLL,,PER YARD
58800-013-617-10-Y,RIBBON,PACKED ROLL,25.85,PER YARD
58800-013-617-J-10-Y,RIBBON,PACKED ROLL,,PER YARD
58800-013-720-10-Y,RIBBON,PACKED ROLL,25.85,PER YARD
58800-013-720-J-10-Y,RIBBON,PACKED ROLL,,PER YARD
58800-019-000-J-25-Y,RIBBON,PACKED ROLL,,PER YARD
58800-019-000-J-50-Y,RIBBON,PACKED ROLL,,PER YARD
58800-019-028-J-25-Y,RIBBON,PACKED ROLL,4.8864,PER YARD
58800-019-028-J-50-Y,RIBBON,PACKED ROLL,,PER YARD
58800-019-029-J-25-Y,RIBBON,PACKED ROLL,4.8864,PER YARD
58800-019-029-J-50-Y,RIBBON,PACKED ROLL,,PER YARD
58800-019-030-J-25-Y,RIBBON,PACKED ROLL,4.8864,PER YARD
58800-019-030-J-50-Y,RIBBON,PACKED ROLL,,PER YARD
58800-019-117-J-25-Y,RIBBON,PACKED ROLL,4.8864,PER YARD
58800-019-117-J-50-Y,RIBBON,PACKED ROLL,,PER YARD
58800-019-149-J-25-Y,RIBBON,PACKED ROLL,4.8864,PER YARD
58800-019-149-J-50-Y,RIBBON,PACKED ROLL,,PER YARD
58800-019-154-10-Y,RIBBON,PACKED ROLL,36.17,PER YARD
58800-019-154-J-10-Y,RIBBON,PACKED ROLL,,PER YARD
58800-019-155-10-Y,RIBBON,PACKED ROLL,36.17,PER YARD
58800-019-155-J-10-Y,RIBBON,PACKED ROLL,,PER YARD
58800-019-156-10-Y,RIBBON,PACKED ROLL,36.17,PER YARD
58800-019-156-J-10-Y,RIBBON,PACKED ROLL,,PER YARD
58800-019-157-10-Y,RIBBON,PACKED ROLL,36.17,PER YARD
58800-019-157-J-10-Y,RIBBON,PACKED ROLL,,PER YARD
58800-019-175-10-Y,RIBBON,PACKED ROLL,36.17,PER YARD
58800-019-175-J-10-Y,RIBBON,PACKED ROLL,,PER YARD
58800-019-187-J-25-Y,RIBBON,PACKED ROLL,4.8864,PER YARD
58800-019-187-J-50-Y,RIBBON,PACKED ROLL,,PER YARD
58800-019-198-10-Y,RIBBON,PACKED ROLL,36.17,PER YARD
58800-019-198-J-10-Y,RIBBON,PACKED ROLL,,PER YARD
58800-019-235-10-Y,RIBBON,PACKED ROLL,36.17,PER YARD
58800-019-235-J-10-Y,RIBBON,PACKED ROLL,,PER YARD
58800-019-250-10-Y,RIBBON,PACKED ROLL,36.17,PER YARD
58800-019-250-J-10-Y,RIBBON,PACKED ROLL,,PER YARD
58800-019-250-J-25-Y,RIBBON,PACKED ROLL,4.8864,PER YARD
58800-019-250-J-50-Y,RIBBON,PACKED ROLL,,PER YARD
58800-019-260-10-Y,RIBBON,PACKED ROLL,36.17,PER YARD
58800-019-260-J-10-Y,RIBBON,PACKED ROLL,22.0,PER YARD
58800-019-264-10-Y,RIBBON,PACKED ROLL,36.17,PER YARD
58800-019-264-J-10-Y,RIBBON,PACKED ROLL,,PER YARD
58800-019-275-J-25-Y,RIBBON,PACKED ROLL,4.8864,PER YARD
58800-019-275-J-50-Y,RIBBON,PACKED ROLL,,PER YARD
58800-019-285-J-25-Y,RIBBON,PACKED ROLL,4.8864,PER YARD
58800-019-285-J-50-Y,RIBBON,PACKED ROLL,,PER YARD
58800-019-311-J-25-Y,RIBBON,PACKED ROLL,4.8864,PER YARD
58800-019-311-J-50-Y,RIBBON,PACKED ROLL,,PER YARD
58800-019-317-10-Y,RIBBON,PACKED ROLL,36.17,PER YARD
58800-019-317-J-10-Y,RIBBON,PACKED ROLL,,PER YARD
58800-019-325-10-Y,RIBBON,PACKED ROLL,36.17,PER YARD
58800-019-325-J-10-Y,RIBBON,PACKED ROLL,,PER YARD
58800-019-327-J-25-Y,RIBBON,PACKED ROLL,4.8864,PER YARD
58800-019-327-J-50-Y,RIBBON,PACKED ROLL,,PER YARD
58800-019-329-10-Y,RIBBON,PACKED ROLL,36.17,PER YARD
58800-019-329-J-10-Y,RIBBON,PACKED ROLL,,PER YARD
58800-019-347-J-25-Y,RIBBON,PACKED ROLL,4.8864,PER YARD
58800-019-347-J-50-Y,RIBBON,PACKED ROLL,,PER YARD
58800-019-352-J-25-Y,RIBBON,PACKED ROLL,4.8864,PER YARD
58800-019-352-J-50-Y,RIBBON,PACKED ROLL,,PER YARD
58800-019-366-10-Y,RIBBON,PACKED ROLL,36.17,PER YARD
58800-019-366-J-10-Y,RIBBON,PACKED ROLL,,PER YARD
58800-019-370-J-25-Y,RIBBON,PACKED ROLL,4.8864,PER YARD
58800-019-370-J-50-Y,RIBBON,PACKED ROLL,,PER YARD
58800-019-371-10-Y,RIBBON,PACKED ROLL,36.17,PER YARD
58800-019-371-J-10-Y,RIBBON,PACKED ROLL,,PER YARD
58800-019-463-J-25-Y,RIBBON,PACKED ROLL,4.8864,PER YARD
58800-019-463-J-50-Y,RIBBON,PACKED ROLL,,PER YARD
58800-019-464-J-25-Y,RIBBON,PACKED ROLL,4.8864,PER YARD
58800-019-464-J-50-Y,RIBBON,PACKED ROLL,,PER YARD
58800-019-465-J-25-Y,RIBBON,PACKED ROLL,4.8864,PER YARD
58800-019-465-J-50-Y,RIBBON,PACKED ROLL,,PER YARD
58800-019-530-J-25-Y,RIBBON,PACKED ROLL,4.8864,PER YARD
58800-019-530-J-50-Y,RIBBON,PACKED ROLL,,PER YARD
58800-019-548-10-Y,RIBBON,PACKED ROLL,36.17,PER YARD
58800-019-548-J-10-Y,RIBBON,PACKED ROLL,,PER YARD
58800-019-549-10-Y,RIBBON,PACKED ROLL,36.17,PER YARD
58800-019-549-J-10-Y,RIBBON,PACKED ROLL,,PER YARD
58800-019-550-10-Y,RIBBON,PACKED ROLL,36.17,PER YARD
58800-019-550-J-10-Y,RIBBON,PACKED ROLL,,PER YARD
58800-019-556-10-Y,RIBBON,PACKED ROLL,36.17,PER YARD
58800-019-556-J-10-Y,RIBBON,PACKED ROLL,,PER YARD
58800-019-580-J-25-Y,RIBBON,PACKED ROLL,4.8864,PER YARD
58800-019-580-J-50-Y,RIBBON,PACKED ROLL,,PER YARD
58800-019-587-10-Y,RIBBON,PACKED ROLL,36.17,PER YARD
58800-019-587-J-10-Y,RIBBON,PACKED ROLL,,PER YARD
58800-019-589-J-25-Y,RIBBON,PACKED ROLL,4.8864,PER YARD
58800-019-589-J-50-Y,RIBBON,PACKED ROLL,,PER YARD
58800-019-614-10-Y,RIBBON,PACKED ROLL,36.17,PER YARD
58800-019-614-J-10-Y,RIBBON,PACKED ROLL,,PER YARD
58800-019-640-10-Y,RIBBON,PACKED ROLL,36.17,PER YARD
58800-019-640-J-10-Y,RIBBON,PACKED ROLL,,PER YARD
58800-019-645-10-Y,RIBBON,PACKED ROLL,36.17,PER YARD
58800-019-645-J-10-Y,RIBBON,PACKED ROLL,,PER YARD
58800-019-660-10-Y,RIBBON,PACKED ROLL,36.17,PER YARD
58800-019-660-J-10-Y,RIBBON,PACKED ROLL,,PER YARD
58800-019-662-10-Y,RIBBON,PACKED ROLL,36.17,PER YARD
58800-019-662-J-10-Y,RIBBON,PACKED ROLL,,PER YARD
58800-019-662-J-25-Y,RIBBON,PACKED ROLL,4.8864,PER YARD
58800-019-662-J-50-Y,RIBBON,PACKED ROLL,,PER YARD
58800-019-693-J-25-Y,RIBBON,PACKED ROLL,4.8864,PER YARD
58800-019-693-J-50-Y,RIBBON,PACKED ROLL,,PER YARD
58800-019-750-J-25-Y,RIBBON,PACKED ROLL,4.8864,PER YARD
58800-019-750-J-50-Y,RIBBON,PACKED ROLL,,PER YARD
58800-019-810-J-25-Y,RIBBON,PACKED ROLL,4.8864,PER YARD
58800-019-810-J-50-Y,RIBBON,PACKED ROLL,,PER YARD
58800-019-818-J-25-Y,RIBBON,PACKED ROLL,4.8864,PER YARD
58800-019-818-J-50-Y,RIBBON,PACKED ROLL,,PER YARD
58800-025-000-J-25-Y,RIBBON,PACKED ROLL,,PER YARD
58800-025-000-J-50-Y,RIBBON,PACKED ROLL,,PER YARD
58800-025-028-J-25-Y,RIBBON,PACKED ROLL,5.782,PER YARD
58800-025-028-J-50-Y,RIBBON,PACKED ROLL,,PER YARD
58800-025-029-J-25-Y,RIBBON,PACKED ROLL,6.3551,PER YARD
58800-025-029-J-50-Y,RIBBON,PACKED ROLL,,PER YARD
58800-025-030-J-25-Y,RIBBON,PACKED ROLL,5.782,PER YARD
58800-025-030-J-50-Y,RIBBON,PACKED ROLL,,PER YARD
58800-025-117-J-25-Y,RIBBON,PACKED ROLL,5.782,PER YARD
58800-025-117-J-50-Y,RIBBON,PACKED ROLL,,PER YARD
58800-025-149-J-25-Y,RIBBON,PACKED ROLL,,PER YARD
58800-025-149-J-50-Y,RIBBON,PACKED ROLL,,PER YARD
58800-025-187-J-25-Y,RIBBON,PACKED ROLL,5.782,PER YARD
58800-025-187-J-50-Y,RIBBON,PACKED ROLL,,PER YARD
58800-025-250-J-25-Y,RIBBON,PACKED ROLL,5.782,PER YARD
58800-025-250-J-50-Y,RIBBON,PACKED ROLL,,PER YARD
58800-025-275-J-25-Y,RIBBON,PACKED ROLL,5.782,PER YARD
58800-025-275-J-50-Y,RIBBON,PACKED ROLL,,PER YARD
58800-025-285-J-25-Y,RIBBON,PACKED ROLL,5.782,PER YARD
58800-025-285-J-50-Y,RIBBON,PACKED ROLL,,PER YARD
58800-025-311-J-25-Y,RIBBON,PACKED ROLL,5.782,PER YARD
58800-025-311-J-50-Y,RIBBON,PACKED ROLL,,PER YARD
58800-025-327-J-25-Y,RIBBON,PACKED ROLL,6.3551,PER YARD
58800-025-327-J-50-Y,RIBBON,PACKED ROLL,,PER YARD
58800-025-347-J-25-Y,RIBBON,PACKED ROLL,5.782,PER YARD
58800-025-347-J-50-Y,RIBBON,PACKED ROLL,,PER YARD
58800-025-352-J-25-Y,RIBBON,PACKED ROLL,5.782,PER YARD
58800-025-352-J-50-Y,RIBBON,PACKED ROLL,,PER YARD
58800-025-370-J-25-Y,RIBBON,PACKED ROLL,5.782,PER YARD
58800-025-370-J-50-Y,RIBBON,PACKED ROLL,,PER YARD
58800-025-463-J-25-Y,RIBBON,PACKED ROLL,6.3551,PER YARD
58800-025-463-J-50-Y,RIBBON,PACKED ROLL,,PER YARD
58800-025-464-J-25-Y,RIBBON,PACKED ROLL,6.3551,PER YARD
58800-025-464-J-50-Y,RIBBON,PACKED ROLL,,PER YARD
58800-025-465-J-25-Y,RIBBON,PACKED ROLL,6.3551,PER YARD
58800-025-465-J-50-Y,RIBBON,PACKED ROLL,,PER YARD
58800-025-530-J-25-Y,RIBBON,PACKED ROLL,6.3551,PER YARD
58800-025-530-J-50-Y,RIBBON,PACKED ROLL,,PER YARD
58800-025-580-J-25-Y,RIBBON,PACKED ROLL,6.3551,PER YARD
58800-025-580-J-50-Y,RIBBON,PACKED ROLL,,PER YARD
58800-025-589-J-25-Y,RIBBON,PACKED ROLL,5.782,PER YARD
58800-025-589-J-50-Y,RIBBON,PACKED ROLL,,PER YARD
58800-025-662-J-25-Y,RIBBON,PACKED ROLL,5.782,PER YARD
58800-025-662-J-50-Y,RIBBON,PACKED ROLL,,PER YARD
58800-025-693-J-25-Y,RIBBON,PACKED ROLL,5.782,PER YARD
58800-025-693-J-50-Y,RIBBON,PACKED ROLL,,PER YARD
58800-025-750-J-25-Y,RIBBON,PACKED ROLL,,PER YARD
58800-025-750-J-50-Y,RIBBON,PACKED ROLL,,PER YARD
58800-025-810-J-25-Y,RIBBON,PACKED ROLL,,PER YARD
58800-025-810-J-50-Y,RIBBON,PACKED ROLL,,PER YARD
58800-025-818-J-25-Y,RIBBON,PACKED ROLL,5.782,PER YARD
58800-025-818-J-50-Y,RIBBON,PACKED ROLL,,PER YARD
58800-038-000-J-25-Y,RIBBON,PACKED ROLL,,PER YARD
58800-038-000-J-50-Y,RIBBON,PACKED ROLL,,PER YARD
58800-038-028-J-25-Y,RIBBON,PACKED ROLL,8.6348,PER YARD
58800-038-029-J-25-Y,RIBBON,PACKED ROLL,8.6348,PER YARD
58800-038-029-J-50-Y,RIBBON,PACKED ROLL,,PER YARD
58800-038-029-R-0.5-Y,RIBBON,PACKED ROLL,,PER YARD
58800-038-030-J-25-Y,RIBBON,PACKED ROLL,8.6348,PER YARD
58800-038-030-J-50-Y,RIBBON,PACKED ROLL,,PER YARD
58800-038-117-J-25-Y,RIBBON,PACKED ROLL,8.6348,PER YARD
58800-038-117-J-50-Y,RIBBON,PACKED ROLL,,PER YARD
58800-038-149-J-25-Y,RIBBON,PACKED ROLL,8.6348,PER YARD
58800-038-149-J-50-Y,RIBBON,PACKED ROLL,,PER YARD
58800-038-187-J-25-Y,RIBBON,PACKED ROLL,9.4915,PER YARD
58800-038-187-J-50-Y,RIBBON,PACKED ROLL,,PER YARD
58800-038-250-J-25-Y,RIBBON,PACKED ROLL,8.6348,PER YARD
58800-038-250-J-50-Y,RIBBON,PACKED ROLL,,PER YARD
58800-038-275-J-25-Y,RIBBON,PACKED ROLL,,PER YARD
58800-038-275-J-50-Y,RIBBON,PACKED ROLL,,PER YARD
58800-038-285-J-25-Y,RIBBON,PACKED ROLL,9.4915,PER YARD
58800-038-285-J-50-Y,RIBBON,PACKED ROLL,,PER YARD
58800-038-311-J-25-Y,RIBBON,PACKED ROLL,9.4915,PER YARD
58800-038-311-J-50-Y,RIBBON,PACKED ROLL,,PER YARD
58800-038-327-J-25-Y,RIBBON,PACKED ROLL,8.6348,PER YARD
58800-038-327-J-50-Y,RIBBON,PACKED ROLL,,PER YARD
58800-038-347-J-25-Y,RIBBON,PACKED ROLL,,PER YARD
58800-038-347-J-50-Y,RIBBON,PACKED ROLL,,PER YARD
58800-038-352-J-25-Y,RIBBON,PACKED ROLL,8.6348,PER YARD
58800-038-352-J-50-Y,RIBBON,PACKED ROLL,,PER YARD
58800-038-370-J-25-Y,RIBBON,PACKED ROLL,8.6348,PER YARD
58800-038-370-J-50-Y,RIBBON,PACKED ROLL,,PER YARD
58800-038-463-J-25-Y,RIBBON,PACKED ROLL,9.4915,PER YARD
58800-038-463-J-50-Y,RIBBON,PACKED ROLL,,PER YARD
58800-038-464-J-25-Y,RIBBON,PACKED ROLL,9.4915,PER YARD
58800-038-464-J-50-Y,RIBBON,PACKED ROLL,,PER YARD
58800-038-465-J-25-Y,RIBBON,PACKED ROLL,9.4915,PER YARD
58800-038-465-J-50-Y,RIBBON,PACKED ROLL,,PER YARD
58800-038-530-J-25-Y,RIBBON,PACKED ROLL,9.4915,PER YARD
58800-038-530-J-50-Y,RIBBON,PACKED ROLL,,PER YARD
58800-038-580-J-25-Y,RIBBON,PACKED ROLL,9.4915,PER YARD
58800-038-580-J-50-Y,RIBBON,PACKED ROLL,,PER YARD
58800-038-589-J-25-Y,RIBBON,PACKED ROLL,8.6348,PER YARD
58800-038-589-J-50-Y,RIBBON,PACKED ROLL,,PER YARD
58800-038-662-J-25-Y,RIBBON,PACKED ROLL,9.4915,PER YARD
58800-038-662-J-50-Y,RIBBON,PACKED ROLL,,PER YARD
58800-038-693-J-25-Y,RIBBON,PACKED ROLL,8.6348,PER YARD
58800-038-693-J-50-Y,RIBBON,PACKED ROLL,,PER YARD
58800-038-750-J-25-Y,RIBBON,PACKED ROLL,9.4915,PER YARD
58800-038-750-J-50-Y,RIBBON,PACKED ROLL,,PER YARD
58800-038-810-J-25-Y,RIBBON,PACKED ROLL,9.4915,PER YARD
58800-038-810-J-50-Y,RIBBON,PACKED ROLL,,PER YARD
58800-038-818-J-25-Y,RIBBON,PACKED ROLL,9.4915,PER YARD
58800-038-818-J-50-Y,RIBBON,PACKED ROLL,,PER YARD
66600-019-370-A-1-0000-U-1.35-M,RIBBON,TO CONFIRM,,PER YARD
68800-025-175-A-1-0016-J-50-Y,RIBBON,PRINTED RIBBON,,PER YARD
68800-025-175-A-1-0017-J-50-Y,RIBBON,PRINTED RIBBON,5.9619,PER YARD
68800-025-235-A-1-0017-J-50-Y,RIBBON,PRINTED RIBBON,5.9619,PER YARD
68800-025-235-A-1-0042-J-50-Y,RIBBON,PRINTED RIBBON,,PER YARD
68800-025-430-D3-1-0005-J-50-Y,RIBBON,PRINTED RIBBON,7.2471,PER YARD
68800-025-593-A-0012-J-50-Y,RIBBON,PRINTED RIBBON,5.8622,PER YARD
68800-025-593-A-1-0012-J-50-Y,RIBBON,PRINTED RIBBON,6.2454,PER YARD
68800-025-593-A-1-0017-J-50-Y,RIBBON,PRINTED RIBBON,5.6784,PER YARD
68800-025-625-D2-1-0001-J-50-Y,RIBBON,PRINTED RIBBON,5.6784,PER YARD
68800-025-810-D2-1-0018-J-50-Y,RIBBON,PRINTED RIBBON,6.6431,PER YARD
68800-025-837-1-0017-J-50-Y,RIBBON,PRINTED RIBBON,5.6784,PER YARD
68800-025-837-A-1-0016-J-50-Y,RIBBON,PRINTED RIBBON,,PER YARD
68800-025-837-A-1-0017-J-50-Y,RIBBON,PRINTED RIBBON,6.2454,PER YARD
J26600-006-030,RIBBON,PLAIN RIBBON,,PER YARD
J26600-009-030,RIBBON,PLAIN RIBBON,,PER YARD
J28800-006-000,RIBBON,TO CONFIRM,,PER YARD
J28800-006-030,RIBBON,PLAIN RIBBON,0.6949,PER YARD
J28800-009-030,RIBBON,PLAIN RIBBON,0.9693,PER YARD
J28800-009-030-YD,RIBBON,PLAIN RIBBON,0.8778,PER YARD
8B01AA-012,BOW,HAND MADE BOW,,PER PIECE
8B01AA-029,BOW,HAND MADE BOW,1.24,PER PIECE
8B01AA-203,BOW,HAND MADE BOW,1.77,PER PIECE
8B01AA-332,BOW,HAND MADE BOW,1.24,PER PIECE
8B01AA-820,BOW,HAND MADE BOW,1.24,PER PIECE
8B02AA-000,BOW,HAND MADE BOW,1.21,PER PIECE
8B02AA-030,BOW,HAND MADE BOW,1.21,PER PIECE
8B02AA-117,BOW,HAND MADE BOW,1.6,PER PIECE
8B02AA-810,BOW,HAND MADE BOW,,PER PIECE
8B03AA-028,BOW,HAND MADE BOW,1.28,PER PIECE
8B03TT-028,BOW,HAND MADE BOW,1.4,PER PIECE
8B08GG-029,BOW,HAND MADE BOW,2.48,PER PIECE
8B08TT-029,BOW,HAND MADE BOW,2.73,PER PIECE
8C01B-029,BOW,MACHINE MADE BOW,0.6,PER PIECE
8C01BB 029,BOW,MACHINE MADE BOW,,PER PIECE
8C01BB SERIES DTM BOWS (APPLE BUTTER),BOW,MACHINE MADE BOW,,PER PIECE
8C01BB SERIES DTM BOWS (BALSAM),BOW,MACHINE MADE BOW,,PER PIECE
8C01BB SERIES DTM BOWS (ENGLISH MANOR),BOW,MACHINE MADE BOW,,PER PIECE
8C01BB SERIES DTM BOWS (GREEN GABLES),BOW,MACHINE MADE BOW,,PER PIECE
8C01BB SERIES DTM BOWS (MYSTERIOSO),BOW,MACHINE MADE BOW,,PER PIECE
8C01BB SERIES DTM BOWS (VINTAGE VIOLET),BOW,MACHINE MADE BOW,,PER PIECE
8C01BB-00,BOW,MACHINE MADE BOW,0.6,PER PIECE
8C01BB-000,BOW,MACHINE MADE BOW,0.66,PER PIECE
8C01BB-017,BOW,MACHINE MADE BOW,0.6,PER PIECE
8C01BB-028,BOW,MACHINE MADE BOW,0.48,PER PIECE
8C01BB-029,BOW,MACHINE MADE BOW,0.63,PER PIECE
8C01BB-030,BOW,MACHINE MADE BOW,0.53,PER PIECE
8C01BB-103,BOW,MACHINE MADE BOW,0.66,PER PIECE
8C01BB-117,BOW,MACHINE MADE BOW,0.6,PER PIECE
8C01BB-123,BOW,MACHINE MADE BOW,0.66,PER PIECE
8C01BB-149,BOW,MACHINE MADE BOW,0.6,PER PIECE
8C01BB-150,BOW,MACHINE MADE BOW,0.48,PER PIECE
8C01BB-153,BOW,MACHINE MADE BOW,0.66,PER PIECE
8C01BB-157,BOW,MACHINE MADE BOW,,PER PIECE
8C01BB-158,BOW,MACHINE MADE BOW,0.6,PER PIECE
8C01BB-235,BOW,MACHINE MADE BOW,0.48,PER PIECE
8C01BB-250,BOW,MACHINE MADE BOW,0.66,PER PIECE
8C01BB-264,BOW,MACHINE MADE BOW,0.6,PER PIECE
8C01BB-313,BOW,MACHINE MADE BOW,0.48,PER PIECE
8C01BB-370,BOW,MACHINE MADE BOW,0.66,PER PIECE
8C01BB-430,BOW,MACHINE MADE BOW,0.6,PER PIECE
8C01BB-567,BOW,MACHINE MADE BOW,0.66,PER PIECE
8C01BB-810,BOW,MACHINE MADE BOW,0.66,PER PIECE
8C01BB-818,BOW,MACHINE MADE BOW,0.66,PER PIECE
8C01BB-835,BOW,MACHINE MADE BOW,0.6,PER PIECE
8C01BB-850,BOW,MACHINE MADE BOW,,PER PIECE
8C01GG-017,BOW,MACHINE MADE BOW,0.8,PER PIECE
8C01GG-029,BOW,MACHINE MADE BOW,0.6,PER PIECE
8C01GG-103,BOW,MACHINE MADE BOW,0.8,PER PIECE
8C01GG-174,BOW,MACHINE MADE BOW,0.8,PER PIECE
8C01GG-331,BOW,MACHINE MADE BOW,0.8,PER PIECE
8C01GG-793,BOW,MACHINE MADE BOW,0.8,PER PIECE
8C01GG-812,BOW,MACHINE MADE BOW,0.8,PER PIECE
8C01GG-835,BOW,MACHINE MADE BOW,0.88,PER PIECE
8C02BB-000,BOW,MACHINE MADE BOW,0.44,PER PIECE
8C02BB-017,BOW,MACHINE MADE BOW,,PER PIECE
8C02BB-028,BOW,MACHINE MADE BOW,,PER PIECE
8C02BB-029,BOW,MACHINE MADE BOW,0.42,PER PIECE
8C02BB-030,BOW,MACHINE MADE BOW,0.44,PER PIECE
8C02BB-250,BOW,MACHINE MADE BOW,0.62,PER PIECE
8C02BB-260,BOW,MACHINE MADE BOW,0.4,PER PIECE
8C02BB-835,BOW,MACHINE MADE BOW,0.44,PER PIECE
8C02BB-B0083,BOW,MACHINE MADE BOW,0.81,PER PIECE
8C02DD-117,BOW,TO CONFIRM,,PER PIECE
8C02GG-000,BOW,MACHINE MADE BOW,0.82,PER PIECE
8C02GG-030,BOW,MACHINE MADE BOW,0.82,PER PIECE
8C03BB-000,BOW,MACHINE MADE BOW,0.5775,PER PIECE
8C03BB-017,BOW,MACHINE MADE BOW,0.84,PER PIECE
8C03BB-028,BOW,MACHINE MADE BOW,0.55,PER PIECE
8C03BB-029,BOW,MACHINE MADE BOW,0.5,PER PIECE
8C03BB-030,BOW,MACHINE MADE BOW,0.55,PER PIECE
8C03BB-156,BOW,MACHINE MADE BOW,0.84,PER PIECE
8C03BB-158,BOW,MACHINE MADE BOW,0.55,PER PIECE
8C03BB-250,BOW,MACHINE MADE BOW,,PER PIECE
8C03BB-370,BOW,MACHINE MADE BOW,,PER PIECE
8C03BB-815,BOW,MACHINE MADE BOW,0.55,PER PIECE
8C03BB-820,BOW,MACHINE MADE BOW,0.55,PER PIECE
8C03BB-835,BOW,MACHINE MADE BOW,0.84,PER PIECE
8C03GG-029,BOW,TO CONFIRM,,PER PIECE
8C04AY-01Y,BOW,TO CONFIRM,,PER PIECE
8C04AY-02Y,BOW,TO CONFIRM,,PER PIECE
8C04AY-03Y,BOW,TO CONFIRM,,PER PIECE
8C04AY-04Y,BOW,TO CONFIRM,,PER PIECE
8C04AY-05Y,BOW,TO CONFIRM,,PER PIECE
8C04AY-06Y,BOW,TO CONFIRM,,PER PIECE
8C04AY-07Y,BOW,TO CONFIRM,,PER PIECE
8C04AY-08Y,BOW,TO CONFIRM,,PER PIECE
8C04AY-09Y,BOW,TO CONFIRM,,PER PIECE
8C04AY-10Y,BOW,TO CONFIRM,,PER PIECE
8C04AY-11Y,BOW,TO CONFIRM,,PER PIECE
8C04AY-12Y,BOW,TO CONFIRM,,PER PIECE
8C04AY-13Y,BOW,TO CONFIRM,,PER PIECE
8C04AY-14Y,BOW,TO CONFIRM,,PER PIECE
8C04AY-15Y,BOW,TO CONFIRM,,PER PIECE
8C04BB-000,BOW,MACHINE MADE BOW,0.86,PER PIECE
8C04BB-007,BOW,MACHINE MADE BOW,,PER PIECE
8C04BB-012,BOW,MACHINE MADE BOW,,PER PIECE
8C04BB-028,BOW,MACHINE MADE BOW,,PER PIECE
8C04BB-029,BOW,MACHINE MADE BOW,0.55,PER PIECE
8C04BB-030,BOW,MACHINE MADE BOW,0.905,PER PIECE
8C04BB-117,BOW,MACHINE MADE BOW,,PER PIECE
8C04BB-153,BOW,MACHINE MADE BOW,,PER PIECE
8C04BB-154,BOW,MACHINE MADE BOW,0.55,PER PIECE
8C04BB-156,BOW,MACHINE MADE BOW,0.86,PER PIECE
8C04BB-158,BOW,MACHINE MADE BOW,,PER PIECE
8C04BB-175,BOW,MACHINE MADE BOW,,PER PIECE
8C04BB-250,BOW,MACHINE MADE BOW,0.905,PER PIECE
8C04BB-277,BOW,MACHINE MADE BOW,0.86,PER PIECE
8C04BB-305,BOW,MACHINE MADE BOW,0.55,PER PIECE
8C04BB-370,BOW,MACHINE MADE BOW,,PER PIECE
8C04BB-374,BOW,MACHINE MADE BOW,0.95,PER PIECE
8C04BB-430,BOW,MACHINE MADE BOW,,PER PIECE
8C04BB-617,BOW,MACHINE MADE BOW,,PER PIECE
8C04BB-810,BOW,MACHINE MADE BOW,0.55,PER PIECE
8C04BB-835,BOW,MACHINE MADE BOW,0.88,PER PIECE
8C04BB-850,BOW,MACHINE MADE BOW,,PER PIECE
8C04GG-000,BOW,MACHINE MADE BOW,0.97,PER PIECE
8C04GG-030,BOW,MACHINE MADE BOW,0.97,PER PIECE
8C04GG-117,BOW,MACHINE MADE BOW,0.88,PER PIECE
8C04GG-153,BOW,MACHINE MADE BOW,,PER PIECE
8C04GG-156,BOW,MACHINE MADE BOW,0.97,PER PIECE
8C04GG-835,BOW,MACHINE MADE BOW,0.97,PER PIECE
8C04NN-A033,BOW,MACHINE MADE BOW,1.42,PER PIECE
8C04PP-250,BOW,TO CONFIRM,,PER PIECE
8C05AY-01Y,BOW,TO CONFIRM,,PER PIECE
8C05AY-02Y,BOW,TO CONFIRM,,PER PIECE
8C05AY-03Y,BOW,TO CONFIRM,,PER PIECE
8C05AY-04Y,BOW,TO CONFIRM,,PER PIECE
8C05AY-13Y,BOW,TO CONFIRM,,PER PIECE
8C05AY-14Y,BOW,TO CONFIRM,,PER PIECE
8C05AY-15Y,BOW,TO CONFIRM,,PER PIECE
8C05AY-17Y,BOW,TO CONFIRM,,PER PIECE
8C05AY-18Y,BOW,TO CONFIRM,,PER PIECE
8C05AY-19Y,BOW,TO CONFIRM,,PER PIECE
8C05AY-21Y,BOW,TO CONFIRM,,PER PIECE
8C05AY-22Y,BOW,TO CONFIRM,,PER PIECE
8C05AY-23Y,BOW,TO CONFIRM,,PER PIECE
8C05BB-028,BOW,TO CONFIRM,,PER PIECE
8C05XX-029,BOW,TO CONFIRM,,PER PIECE
8C05XX-030,BOW,TO CONFIRM,,PER PIECE
8C05XX-156,BOW,TO CONFIRM,,PER PIECE
8C05XX-370,BOW,TO CONFIRM,,PER PIECE
8D01BB-000,BOW,HAND MADE BOW,1.38,PER PIECE
8D01BB-030,BOW,HAND MADE BOW,1.83,PER PIECE
8D02BB-000,BOW,HAND MADE BOW,2.53,PER PIECE
8D04AB-029,BOW,HAND MADE BOW,4.08,PER PIECE
8D05AA-029,BOW,HAND MADE BOW,,PER PIECE
8D05AA-117,BOW,HAND MADE BOW,3.72,PER PIECE
8D05AA-156,BOW,HAND MADE BOW,4.91,PER PIECE
8D05AA-835,BOW,HAND MADE BOW,4.91,PER PIECE
8D06AA-030,BOW,TO CONFIRM,,PER PIECE
8D06AA-250,BOW,TO CONFIRM,,PER PIECE
8D06AA-820,BOW,TO CONFIRM,,PER PIECE
8D07AA-012,BOW,HAND MADE BOW,0.3504,PER PIECE
8D07AA-029,BOW,HAND MADE BOW,0.3504,PER PIECE
8D07AA-030,BOW,HAND MADE BOW,0.3504,PER PIECE
8D08AA-156,BOW,TO CONFIRM,,PER PIECE
8D09EE-030,BOW,TO CONFIRM,,PER PIECE
8D12AB-000,BOW,HAND MADE BOW,2.78,PER PIECE
8D12AB-028,BOW,HAND MADE BOW,3.62,PER PIECE
8D12AB-030,BOW,HAND MADE BOW,3.62,PER PIECE
8D12AB-117,BOW,HAND MADE BOW,2.78,PER PIECE
8D12AB-175,BOW,HAND MADE BOW,2.78,PER PIECE
8D12AB-308,BOW,HAND MADE BOW,,PER PIECE
8D12AB-617,BOW,HAND MADE BOW,,PER PIECE
8D12AB-810,BOW,HAND MADE BOW,2.11,PER PIECE
8D12AB-835,BOW,HAND MADE BOW,,PER PIECE
8D12AZ-05Y,BOW,TO CONFIRM,,PER PIECE
8D12GG-156,BOW,TO CONFIRM,,PER PIECE
8D13AB-175,BOW,HAND MADE BOW,2.87,PER PIECE
8D14AA-000,BOW,HAND MADE BOW,,PER PIECE
8D14AA-028,BOW,HAND MADE BOW,3.06,PER PIECE
8D14AA-250,BOW,HAND MADE BOW,3.37,PER PIECE
8D14AA-835,BOW,HAND MADE BOW,2.55,PER PIECE
8D15AA-250,BOW,HAND MADE BOW,3.55,PER PIECE
8D15GG-156,BOW,HAND MADE BOW,,PER PIECE
8D15GG-250,BOW,HAND MADE BOW,2.85,PER PIECE
8F04AB-007,BOW,HAND MADE BOW,2.2,PER PIECE
8F04AB-012,BOW,HAND MADE BOW,2.2,PER PIECE
8F04AB-156,BOW,HAND MADE BOW,2.2,PER PIECE
8F04AB-169,BOW,HAND MADE BOW,2.42,PER PIECE
8F04AB-238,BOW,HAND MADE BOW,2.42,PER PIECE
8F04AB-250,BOW,HAND MADE BOW,2.2,PER PIECE
8F04AB-252,BOW,HAND MADE BOW,2.42,PER PIECE
8F04AB-311,BOW,HAND MADE BOW,2.31,PER PIECE
8F04AB-324,BOW,HAND MADE BOW,2.42,PER PIECE
8F04AB-370,BOW,HAND MADE BOW,2.2,PER PIECE
8F04AB-577,BOW,HAND MADE BOW,2.42,PER PIECE
8F04AB-835,BOW,HAND MADE BOW,2.2,PER PIECE
8F05AB-187,BOW,HAND MADE BOW,2.27,PER PIECE
8F09AA-028,BOW,HAND MADE BOW,2.13,PER PIECE
8F09AA-029,BOW,HAND MADE BOW,2.13,PER PIECE
8F09AA-030,BOW,HAND MADE BOW,1.62,PER PIECE
8F09AA-123,BOW,HAND MADE BOW,2.13,PER PIECE
8F09AA-250,BOW,HAND MADE BOW,,PER PIECE
8F09AA-617,BOW,HAND MADE BOW,2.13,PER PIECE
8F09EE-123,BOW,HAND MADE BOW,2.96,PER PIECE
8F09GG-187,BOW,HAND MADE BOW,1.84,PER PIECE
8F09NA-151-A302,BOW,HAND MADE BOW,3.36,PER PIECE
8F09SA-308,BOW,TO CONFIRM,,PER PIECE
8F10AV-01Y,BOW,TO CONFIRM,,PER PIECE
8F10AV-02Y,BOW,TO CONFIRM,,PER PIECE
8F10AV-03Y,BOW,TO CONFIRM,,PER PIECE
8F10AV-04Y,BOW,TO CONFIRM,,PER PIECE
8F10AV-05Y,BOW,TO CONFIRM,,PER PIECE
8F10AV-06Y,BOW,TO CONFIRM,,PER PIECE
8F10AV-07Y,BOW,TO CONFIRM,,PER PIECE
8F10AV-08Y,BOW,TO CONFIRM,,PER PIECE
8F10AV-09Y,BOW,TO CONFIRM,,PER PIECE
8F10AV-10Y,BOW,TO CONFIRM,,PER PIECE
8F10KS-250,BOW,HAND MADE BOW,4.79,PER PIECE
8F10NV-030-A054,BOW,TO CONFIRM,,PER PIECE
8F10NV-430-A045,BOW,TO CONFIRM,,PER PIECE
8F10NV-550-A069,BOW,TO CONFIRM,,PER PIECE
8F10NV-645-A024,BOW,TO CONFIRM,,PER PIECE
8F10SH-028,BOW,HAND MADE BOW,,PER PIECE
8F10SH-030,BOW,HAND MADE BOW,4.36,PER PIECE
8F11AZ-01Y,BOW,TO CONFIRM,,PER PIECE
8F11AZ-02Y,BOW,TO CONFIRM,,PER PIECE
8F11AZ-03Y,BOW,TO CONFIRM,,PER PIECE
8F11AZ-04Y,BOW,TO CONFIRM,,PER PIECE
8F11AZ-05Y,BOW,TO CONFIRM,,PER PIECE
8F11AZ-06Y,BOW,TO CONFIRM,,PER PIECE
8F11AZ-07Y,BOW,TO CONFIRM,,PER PIECE
8F11AZ-08Y,BOW,TO CONFIRM,,PER PIECE
8F11AZ-09Y,BOW,TO CONFIRM,,PER PIECE
8F11AZ-10Y,BOW,TO CONFIRM,,PER PIECE
8F11MB-156-1062,BOW,TO CONFIRM,,PER PIECE
8F11MB-183-2049,BOW,TO CONFIRM,,PER PIECE
8F11MB-342-4076,BOW,TO CONFIRM,,PER PIECE
8F11MB-464-2067,BOW,TO CONFIRM,,PER PIECE
8F11MB-793-4188,BOW,TO CONFIRM,,PER PIECE
8F11SH-123,BOW,HAND MADE BOW,2.44,PER PIECE
8F16AA-007,BOW,HAND MADE BOW,2.84,PER PIECE
8F16AA-117,BOW,HAND MADE BOW,,PER PIECE
8F16AA-123,BOW,HAND MADE BOW,3.12,PER PIECE
8F16AA-156,BOW,HAND MADE BOW,2.84,PER PIECE
8F16AA-187,BOW,HAND MADE BOW,3.12,PER PIECE
8F16AA-238,BOW,HAND MADE BOW,3.12,PER PIECE
8F16AA-250,BOW,HAND MADE BOW,2.84,PER PIECE
8F16AA-308,BOW,HAND MADE BOW,,PER PIECE
8F16AA-311,BOW,HAND MADE BOW,3.12,PER PIECE
8F16AA-370,BOW,HAND MADE BOW,2.98,PER PIECE
8F16AA-835,BOW,HAND MADE BOW,2.84,PER PIECE
8F16GG-187,BOW,HAND MADE BOW,2.72,PER PIECE
8F16GG-250,BOW,HAND MADE BOW,,PER PIECE
8F17GG-030,BOW,HAND MADE BOW,3.26,PER PIECE
8F17GG-210,BOW,HAND MADE BOW,,PER PIECE
8F18AA-850,BOW,HAND MADE BOW,5.54,PER PIECE
8G06AA-029,BOW,TO CONFIRM,,PER PIECE
8G14AB-029S,BOW,TO CONFIRM,,PER PIECE
8G14AB-156S,BOW,TO CONFIRM,,PER PIECE
8K02AB-029S,BOW,HAND MADE BOW,2.2,PER PIECE
8K02AB-103S,BOW,HAND MADE BOW,2.2,PER PIECE
8K02AB-117S,BOW,HAND MADE BOW,,PER PIECE
8K02AB-175S,BOW,HAND MADE BOW,,PER PIECE
8K02AB-250S,BOW,HAND MADE BOW,2.9,PER PIECE
8K02AB-264S,BOW,HAND MADE BOW,2.2,PER PIECE
8K03AB-250S,BOW,TO CONFIRM,,PER PIECE
8K03AB-810S,BOW,TO CONFIRM,,PER PIECE
8K07AB-007S,BOW,HAND MADE BOW,,PER PIECE
8K07AB-029S,BOW,HAND MADE BOW,2.2,PER PIECE
8K07AB-117S,BOW,HAND MADE BOW,2.9,PER PIECE
8K07AB-156S,BOW,HAND MADE BOW,2.2,PER PIECE
8K07AB-168S,BOW,HAND MADE BOW,2.9,PER PIECE
8K07AB-175S,BOW,HAND MADE BOW,,PER PIECE
8K07AB-203S,BOW,HAND MADE BOW,,PER PIECE
8K07AB-250S,BOW,HAND MADE BOW,,PER PIECE
8K07AB-317S,BOW,HAND MADE BOW,,PER PIECE
8K07AB-430S,BOW,HAND MADE BOW,,PER PIECE
8K07AB-617S,BOW,HAND MADE BOW,,PER PIECE
8K07AB-720S,BOW,HAND MADE BOW,2.64,PER PIECE
8K07AB-810S,BOW,HAND MADE BOW,2.2,PER PIECE
8K07AB-835S,BOW,HAND MADE BOW,2.9,PER PIECE
8K07AB275S,BOW,HAND MADE BOW,2.9,PER PIECE
8K21AA-123S,BOW,HAND MADE BOW,4.95,PER PIECE
8R01GA-156-123Q,BOW,TO CONFIRM,,PER PIECE
AP492,BOW,TO CONFIRM,,PER PIECE
HB01AA-160,BOW,HAND MADE BOW,1.04,PER PIECE
HB01AA-332,BOW,HAND MADE BOW,,PER PIECE
HB01AA-714,BOW,HAND MADE BOW,1.04,PER PIECE
HB01AA-820,BOW,HAND MADE BOW,,PER PIECE
HB01AA-824,BOW,HAND MADE BOW,1.24,PER PIECE
HB01AA-B0007,BOW,HAND MADE BOW,1.04,PER PIECE
HB02AA-160,BOW,HAND MADE BOW,1.21,PER PIECE
HB02AA-165,BOW,HAND MADE BOW,,PER PIECE
HB02AA-B0007,BOW,HAND MADE BOW,1.21,PER PIECE
HB05AA-B0001,BOW,HAND MADE BOW,1.21,PER PIECE
HC01BB -B0487,BOW,MACHINE MADE BOW,,PER PIECE
HC01BB-000,BOW,MACHINE MADE BOW,0.53,PER PIECE
HC01BB-105,BOW,MACHINE MADE BOW,0.595,PER PIECE
HC01BB-148,BOW,MACHINE MADE BOW,0.66,PER PIECE
HC01BB-151,BOW,MACHINE MADE BOW,0.6,PER PIECE
HC01BB-155,BOW,MACHINE MADE BOW,0.48,PER PIECE
HC01BB-160,BOW,MACHINE MADE BOW,0.6,PER PIECE
HC01BB-185,BOW,MACHINE MADE BOW,0.48,PER PIECE
HC01BB-252,BOW,MACHINE MADE BOW,0.66,PER PIECE
HC01BB-303,BOW,MACHINE MADE BOW,0.66,PER PIECE
HC01BB-307,BOW,MACHINE MADE BOW,0.48,PER PIECE
HC01BB-313,BOW,MACHINE MADE BOW,0.6,PER PIECE
HC01BB-322,BOW,MACHINE MADE BOW,,PER PIECE
HC01BB-324,BOW,MACHINE MADE BOW,,PER PIECE
HC01BB-333,BOW,MACHINE MADE BOW,0.66,PER PIECE
HC01BB-338,BOW,MACHINE MADE BOW,0.66,PER PIECE
HC01BB-366,BOW,MACHINE MADE BOW,,PER PIECE
HC01BB-369,BOW,MACHINE MADE BOW,,PER PIECE
HC01BB-372,BOW,MACHINE MADE BOW,0.48,PER PIECE
HC01BB-430,BOW,MACHINE MADE BOW,0.48,PER PIECE
HC01BB-555,BOW,MACHINE MADE BOW,0.48,PER PIECE
HC01BB-589,BOW,MACHINE MADE BOW,0.48,PER PIECE
HC01BB-820,BOW,MACHINE MADE BOW,0.6,PER PIECE
HC01BB-B0001,BOW,MACHINE MADE BOW,0.48,PER PIECE
HC01BB-B0002,BOW,MACHINE MADE BOW,,PER PIECE
HC01BB-B0003,BOW,MACHINE MADE BOW,,PER PIECE
HC01BB-B0025,BOW,MACHINE MADE BOW,,PER PIECE
HC01BB-B0030,BOW,MACHINE MADE BOW,0.54,PER PIECE
HC01BB-B0034,BOW,MACHINE MADE BOW,,PER PIECE
HC01BB-B0035,BOW,MACHINE MADE BOW,0.6,PER PIECE
HC01BB-B0036,BOW,MACHINE MADE BOW,0.6,PER PIECE
HC01BB-B0037,BOW,MACHINE MADE BOW,0.53,PER PIECE
HC01BB-B0038,BOW,MACHINE MADE BOW,0.57,PER PIECE
HC01BB-B0061,BOW,MACHINE MADE BOW,,PER PIECE
HC01BB-B0067,BOW,MACHINE MADE BOW,0.48,PER PIECE
HC01BB-B0092,BOW,MACHINE MADE BOW,,PER PIECE
HC01BB-B0097,BOW,MACHINE MADE BOW,0.6,PER PIECE
HC01BB-B0098,BOW,MACHINE MADE BOW,0.48,PER PIECE
HC01BB-B0099,BOW,MACHINE MADE BOW,0.66,PER PIECE
HC01BB-B0100,BOW,MACHINE MADE BOW,0.6,PER PIECE
HC01BB-B0101,BOW,MACHINE MADE BOW,0.6,PER PIECE
HC01BB-B0102,BOW,MACHINE MADE BOW,0.66,PER PIECE
HC01BB-B0103,BOW,MACHINE MADE BOW,0.66,PER PIECE
HC01BB-B0104,BOW,MACHINE MADE BOW,,PER PIECE
HC01BB-B0105,BOW,MACHINE MADE BOW,,PER PIECE
HC01BB-B0106,BOW,MACHINE MADE BOW,0.66,PER PIECE
HC01BB-B0107,BOW,MACHINE MADE BOW,0.66,PER PIECE
HC01BB-B0108,BOW,MACHINE MADE BOW,0.66,PER PIECE
HC01BB-B0109,BOW,MACHINE MADE BOW,0.48,PER PIECE
HC01BB-B0110,BOW,MACHINE MADE BOW,,PER PIECE
HC01BB-B0111,BOW,MACHINE MADE BOW,,PER PIECE
HC01BB-B0112,BOW,MACHINE MADE BOW,0.6,PER PIECE
HC01BB-B0113,BOW,MACHINE MADE BOW,,PER PIECE
HC01BB-B0114,BOW,MACHINE MADE BOW,0.66,PER PIECE
HC01BB-B0115,BOW,MACHINE MADE BOW,0.66,PER PIECE
HC01BB-B0117,BOW,MACHINE MADE BOW,0.54,PER PIECE
HC01BB-B0118,BOW,MACHINE MADE BOW,,PER PIECE
HC01BB-B0119,BOW,MACHINE MADE BOW,0.66,PER PIECE
HC01BB-B0120,BOW,MACHINE MADE BOW,0.63,PER PIECE
HC01BB-B0121,BOW,MACHINE MADE BOW,,PER PIECE
HC01BB-B0124,BOW,MACHINE MADE BOW,0.66,PER PIECE
HC01BB-B0125,BOW,MACHINE MADE BOW,0.66,PER PIECE
HC01BB-B0126,BOW,MACHINE MADE BOW,0.6,PER PIECE
HC01BB-B0127,BOW,MACHINE MADE BOW,0.66,PER PIECE
HC01BB-B0129,BOW,MACHINE MADE BOW,,PER PIECE
HC01BB-B0133,BOW,MACHINE MADE BOW,,PER PIECE
HC01BB-B0135,BOW,MACHINE MADE BOW,0.66,PER PIECE
HC01BB-B0136,BOW,MACHINE MADE BOW,0.78,PER PIECE
HC01BB-B0137,BOW,MACHINE MADE BOW,0.6,PER PIECE
HC01BB-B0139,BOW,MACHINE MADE BOW,0.6,PER PIECE
HC01BB-B0142,BOW,MACHINE MADE BOW,,PER PIECE
HC01BB-B0143,BOW,MACHINE MADE BOW,,PER PIECE
HC01BB-B0146,BOW,MACHINE MADE BOW,0.48,PER PIECE
HC01BB-B0147,BOW,MACHINE MADE BOW,,PER PIECE
HC01BB-B0149,BOW,MACHINE MADE BOW,0.54,PER PIECE
HC01BB-B0151,BOW,MACHINE MADE BOW,0.6,PER PIECE
HC01BB-B0153,BOW,MACHINE MADE BOW,0.63,PER PIECE
HC01BB-B0158,BOW,MACHINE MADE BOW,0.6,PER PIECE
HC01BB-B0159,BOW,MACHINE MADE BOW,0.6,PER PIECE
HC01BB-B0163,BOW,MACHINE MADE BOW,0.6,PER PIECE
HC01BB-B0166,BOW,MACHINE MADE BOW,,PER PIECE
HC01BB-B0167,BOW,MACHINE MADE BOW,0.48,PER PIECE
HC01BB-B0175,BOW,MACHINE MADE BOW,,PER PIECE
HC01BB-B0180,BOW,MACHINE MADE BOW,0.48,PER PIECE
HC01BB-B0182,BOW,MACHINE MADE BOW,0.6,PER PIECE
HC01BB-B0183,BOW,MACHINE MADE BOW,0.6,PER PIECE
HC01BB-B0184,BOW,MACHINE MADE BOW,,PER PIECE
HC01BB-B0186,BOW,MACHINE MADE BOW,0.66,PER PIECE
HC01BB-B0187,BOW,MACHINE MADE BOW,0.66,PER PIECE
HC01BB-B0188,BOW,MACHINE MADE BOW,0.63,PER PIECE
HC01BB-B0189,BOW,MACHINE MADE BOW,0.66,PER PIECE
HC01BB-B0190,BOW,MACHINE MADE BOW,0.66,PER PIECE
HC01BB-B0191,BOW,MACHINE MADE BOW,,PER PIECE
HC01BB-B0192,BOW,MACHINE MADE BOW,0.6,PER PIECE
HC01BB-B0194,BOW,MACHINE MADE BOW,,PER PIECE
HC01BB-B0197,BOW,MACHINE MADE BOW,0.66,PER PIECE
HC01BB-B0202,BOW,MACHINE MADE BOW,0.66,PER PIECE
HC01BB-B0203,BOW,MACHINE MADE BOW,0.66,PER PIECE
HC01BB-B0205,BOW,MACHINE MADE BOW,,PER PIECE
HC01BB-B0207,BOW,MACHINE MADE BOW,0.54,PER PIECE
HC01BB-B0356,BOW,MACHINE MADE BOW,0.53,PER PIECE
HC01BB-B0362,BOW,MACHINE MADE BOW,0.48,PER PIECE
HC01BB-B0364,BOW,MACHINE MADE BOW,0.48,PER PIECE
HC01BB-B0365,BOW,MACHINE MADE BOW,0.48,PER PIECE
HC01BB-B0369,BOW,MACHINE MADE BOW,,PER PIECE
HC01BB-B0372,BOW,MACHINE MADE BOW,,PER PIECE
HC01BB-B0373,BOW,MACHINE MADE BOW,0.6,PER PIECE
HC01BB-B0374,BOW,MACHINE MADE BOW,,PER PIECE
HC01BB-B0376,BOW,MACHINE MADE BOW,,PER PIECE
HC01BB-B0377,BOW,MACHINE MADE BOW,,PER PIECE
HC01BB-B0378,BOW,MACHINE MADE BOW,,PER PIECE
HC01BB-B0379,BOW,MACHINE MADE BOW,,PER PIECE
HC01BB-B0380,BOW,MACHINE MADE BOW,,PER PIECE
HC01BB-B0381,BOW,MACHINE MADE BOW,,PER PIECE
HC01BB-B0382,BOW,MACHINE MADE BOW,,PER PIECE
HC01BB-B0384,BOW,MACHINE MADE BOW,,PER PIECE
HC01BB-B0385,BOW,MACHINE MADE BOW,,PER PIECE
HC01BB-B0386,BOW,MACHINE MADE BOW,,PER PIECE
HC01BB-B0387,BOW,MACHINE MADE BOW,,PER PIECE
HC01BB-B0388,BOW,MACHINE MADE BOW,,PER PIECE
HC01BB-B0389,BOW,MACHINE MADE BOW,,PER PIECE
HC01BB-B0390,BOW,MACHINE MADE BOW,,PER PIECE
HC01BB-B0391,BOW,MACHINE MADE BOW,,PER PIECE
HC01BB-B0392,BOW,MACHINE MADE BOW,,PER PIECE
HC01BB-B0393,BOW,MACHINE MADE BOW,,PER PIECE
HC01BB-B0394,BOW,MACHINE MADE BOW,,PER PIECE
HC01BB-B0395,BOW,MACHINE MADE BOW,,PER PIECE
HC01BB-B0396,BOW,MACHINE MADE BOW,,PER PIECE
HC01BB-B0398,BOW,MACHINE MADE BOW,0.48,PER PIECE
HC01BB-B0399,BOW,MACHINE MADE BOW,,PER PIECE
HC01BB-B0400,BOW,MACHINE MADE BOW,0.45,PER PIECE
HC01BB-B0401,BOW,MACHINE MADE BOW,0.48,PER PIECE
HC01BB-B0402,BOW,MACHINE MADE BOW,,PER PIECE
HC01BB-B0403,BOW,MACHINE MADE BOW,0.48,PER PIECE
HC01BB-B0404,BOW,MACHINE MADE BOW,,PER PIECE
HC01BB-B0405,BOW,MACHINE MADE BOW,0.48,PER PIECE
HC01BB-B0406,BOW,MACHINE MADE BOW,0.48,PER PIECE
HC01BB-B0408,BOW,MACHINE MADE BOW,0.48,PER PIECE
HC01BB-B0409,BOW,MACHINE MADE BOW,0.505,PER PIECE
HC01BB-B0410,BOW,MACHINE MADE BOW,0.48,PER PIECE
HC01BB-B0411,BOW,MACHINE MADE BOW,0.48,PER PIECE
HC01BB-B0412,BOW,MACHINE MADE BOW,0.48,PER PIECE
HC01BB-B0413,BOW,MACHINE MADE BOW,0.48,PER PIECE
HC01BB-B0414,BOW,MACHINE MADE BOW,,PER PIECE
HC01BB-B0415,BOW,MACHINE MADE BOW,0.48,PER PIECE
HC01BB-B0416,BOW,MACHINE MADE BOW,0.48,PER PIECE
HC01BB-B0418,BOW,MACHINE MADE BOW,,PER PIECE
HC01BB-B0419,BOW,MACHINE MADE BOW,0.48,PER PIECE
HC01BB-B0420,BOW,MACHINE MADE BOW,0.48,PER PIECE
HC01BB-B0421,BOW,MACHINE MADE BOW,0.48,PER PIECE
HC01BB-B0422,BOW,MACHINE MADE BOW,,PER PIECE
HC01BB-B0424,BOW,MACHINE MADE BOW,,PER PIECE
HC01BB-B0425,BOW,MACHINE MADE BOW,,PER PIECE
HC01BB-B0426,BOW,MACHINE MADE BOW,0.45,PER PIECE
HC01BB-B0428,BOW,MACHINE MADE BOW,0.45,PER PIECE
HC01BB-B0429,BOW,MACHINE MADE BOW,,PER PIECE
HC01BB-B0430,BOW,MACHINE MADE BOW,,PER PIECE
HC01BB-B0431,BOW,MACHINE MADE BOW,,PER PIECE
HC01BB-B0432,BOW,MACHINE MADE BOW,,PER PIECE
HC01BB-B0433,BOW,MACHINE MADE BOW,0.45,PER PIECE
HC01BB-B0434,BOW,MACHINE MADE BOW,0.45,PER PIECE
HC01BB-B0435,BOW,MACHINE MADE BOW,0.45,PER PIECE
HC01BB-B0437,BOW,MACHINE MADE BOW,0.45,PER PIECE
HC01BB-B0438,BOW,MACHINE MADE BOW,0.45,PER PIECE
HC01BB-B0439,BOW,MACHINE MADE BOW,0.45,PER PIECE
HC01BB-B0440,BOW,MACHINE MADE BOW,0.45,PER PIECE
HC01BB-B0441,BOW,MACHINE MADE BOW,0.45,PER PIECE
HC01BB-B0442,BOW,MACHINE MADE BOW,0.78,PER PIECE
HC01BB-B0443,BOW,MACHINE MADE BOW,0.78,PER PIECE
HC01BB-B0444,BOW,MACHINE MADE BOW,0.78,PER PIECE
HC01BB-B0445,BOW,MACHINE MADE BOW,0.78,PER PIECE
HC01BB-B0446,BOW,MACHINE MADE BOW,0.48,PER PIECE
HC01BB-B0447,BOW,MACHINE MADE BOW,0.48,PER PIECE
HC01BB-B0448,BOW,MACHINE MADE BOW,0.48,PER PIECE
HC01BB-B0449,BOW,MACHINE MADE BOW,0.48,PER PIECE
HC01BB-B0450,BOW,MACHINE MADE BOW,0.48,PER PIECE
HC01BB-B0451,BOW,MACHINE MADE BOW,0.48,PER PIECE
HC01BB-B0452,BOW,MACHINE MADE BOW,0.78,PER PIECE
HC01BB-B0453,BOW,MACHINE MADE BOW,0.78,PER PIECE
HC01BB-B0455,BOW,MACHINE MADE BOW,0.48,PER PIECE
HC01BB-B0456,BOW,MACHINE MADE BOW,0.48,PER PIECE
HC01BB-B0457,BOW,MACHINE MADE BOW,0.78,PER PIECE
HC01BB-B0458,BOW,MACHINE MADE BOW,0.78,PER PIECE
HC01BB-B0461,BOW,MACHINE MADE BOW,0.48,PER PIECE
HC01BB-B0462,BOW,MACHINE MADE BOW,0.48,PER PIECE
HC01BB-B0463,BOW,MACHINE MADE BOW,,PER PIECE
HC01BB-B0464,BOW,MACHINE MADE BOW,,PER PIECE
HC01BB-B0465,BOW,MACHINE MADE BOW,0.48,PER PIECE
HC01BB-B0466,BOW,MACHINE MADE BOW,,PER PIECE
HC01BB-B0467,BOW,MACHINE MADE BOW,,PER PIECE
HC01BB-B0468,BOW,MACHINE MADE BOW,,PER PIECE
HC01BB-B0469,BOW,MACHINE MADE BOW,,PER PIECE
HC01BB-B0470,BOW,MACHINE MADE BOW,0.45,PER PIECE
HC01BB-B0471,BOW,MACHINE MADE BOW,0.45,PER PIECE
HC01BB-B0472,BOW,MACHINE MADE BOW,0.45,PER PIECE
HC01BB-B0473,BOW,MACHINE MADE BOW,0.45,PER PIECE
HC01BB-B0474,BOW,MACHINE MADE BOW,0.48,PER PIECE
HC01BB-B0477,BOW,MACHINE MADE BOW,0.48,PER PIECE
HC01BB-B0478,BOW,MACHINE MADE BOW,0.48,PER PIECE
HC01BB-B0479,BOW,MACHINE MADE BOW,0.48,PER PIECE
HC01BB-B0480,BOW,MACHINE MADE BOW,0.48,PER PIECE
HC01BB-B0481,BOW,MACHINE MADE BOW,0.48,PER PIECE
HC01BB-B0482,BOW,MACHINE MADE BOW,0.48,PER PIECE
HC01BB-B0483,BOW,MACHINE MADE BOW,0.45,PER PIECE
HC01BB-B0484,BOW,MACHINE MADE BOW,0.45,PER PIECE
HC01BB-B0485,BOW,MACHINE MADE BOW,0.45,PER PIECE
HC01BB-B0487,BOW,MACHINE MADE BOW,0.45,PER PIECE
HC01BB-B0488,BOW,MACHINE MADE BOW,0.45,PER PIECE
HC01BB-B0490,BOW,MACHINE MADE BOW,0.45,PER PIECE
HC01BB-B0491,BOW,MACHINE MADE BOW,0.48,PER PIECE
HC01BB-B0492,BOW,MACHINE MADE BOW,0.48,PER PIECE
HC01BB-B0493,BOW,MACHINE MADE BOW,0.48,PER PIECE
HC01BB-B0494,BOW,MACHINE MADE BOW,0.48,PER PIECE
HC01BB-B0495,BOW,MACHINE MADE BOW,0.505,PER PIECE
HC01BB-B0496,BOW,MACHINE MADE BOW,0.505,PER PIECE
HC01BB-B0497,BOW,MACHINE MADE BOW,0.505,PER PIECE
HC01BB-B0498,BOW,MACHINE MADE BOW,0.505,PER PIECE
HC01BB-B0499,BOW,MACHINE MADE BOW,0.505,PER PIECE
HC01BB-B0500,BOW,MACHINE MADE BOW,0.48,PER PIECE
HC01BB-B0501,BOW,MACHINE MADE BOW,,PER PIECE
HC01BB-B0502,BOW,MACHINE MADE BOW,0.45,PER PIECE
HC01BB-B0503,BOW,MACHINE MADE BOW,,PER PIECE
HC01BB-B0504,BOW,MACHINE MADE BOW,,PER PIECE
HC01BB-B0505,BOW,MACHINE MADE BOW,,PER PIECE
HC01BB-B0506,BOW,MACHINE MADE BOW,0.505,PER PIECE
HC01BB-B0508,BOW,MACHINE MADE BOW,0.78,PER PIECE
HC01BB-B0509,BOW,MACHINE MADE BOW,0.78,PER PIECE
HC01BB-B0511,BOW,MACHINE MADE BOW,0.48,PER PIECE
HC01BB-B0512,BOW,MACHINE MADE BOW,0.48,PER PIECE
HC01BB-B0513,BOW,MACHINE MADE BOW,0.48,PER PIECE
HC01BB-B0514,BOW,MACHINE MADE BOW,0.86,PER PIECE
HC01BB-B0516,BOW,MACHINE MADE BOW,0.86,PER PIECE
HC01BB-B0517,BOW,MACHINE MADE BOW,0.86,PER PIECE
HC01BB-B0518,BOW,MACHINE MADE BOW,0.86,PER PIECE
HC01BB-B0521,BOW,MACHINE MADE BOW,0.53,PER PIECE
HC01BB-B0522,BOW,MACHINE MADE BOW,0.53,PER PIECE
HC01BB-B0523,BOW,MACHINE MADE BOW,0.53,PER PIECE
HC01BB-D0020,BOW,MACHINE MADE BOW,0.48,PER PIECE
HC01GG-000,BOW,MACHINE MADE BOW,0.8,PER PIECE
HC01GG-156,BOW,MACHINE MADE BOW,0.8,PER PIECE
HC01GG-174,BOW,MACHINE MADE BOW,,PER PIECE
HC01GG-331,BOW,MACHINE MADE BOW,,PER PIECE
HC01GG-793,BOW,MACHINE MADE BOW,,PER PIECE
HC01GG-812,BOW,MACHINE MADE BOW,,PER PIECE
HC01GG-B0021,BOW,MACHINE MADE BOW,,PER PIECE
HC01GG-B0022,BOW,MACHINE MADE BOW,,PER PIECE
HC01GG-B0023,BOW,MACHINE MADE BOW,,PER PIECE
HC01GG-B0026,BOW,MACHINE MADE BOW,,PER PIECE
HC01GG-B0032,BOW,MACHINE MADE BOW,0.6,PER PIECE
HC01GG-B0033,BOW,MACHINE MADE BOW,0.6,PER PIECE
HC01GG-B0034,BOW,MACHINE MADE BOW,0.8,PER PIECE
HC01GG-B0035,BOW,MACHINE MADE BOW,0.8,PER PIECE
HC01GG-B0036,BOW,MACHINE MADE BOW,0.8,PER PIECE
HC02BB-012,BOW,MACHINE MADE BOW,0.44,PER PIECE
HC02BB-028,BOW,MACHINE MADE BOW,0.4,PER PIECE
HC02BB-029,BOW,MACHINE MADE BOW,0.42,PER PIECE
HC02BB-030,BOW,MACHINE MADE BOW,0.4,PER PIECE
HC02BB-103,BOW,MACHINE MADE BOW,,PER PIECE
HC02BB-115,BOW,MACHINE MADE BOW,,PER PIECE
HC02BB-123,BOW,MACHINE MADE BOW,0.44,PER PIECE
HC02BB-148,BOW,MACHINE MADE BOW,,PER PIECE
HC02BB-150,BOW,MACHINE MADE BOW,,PER PIECE
HC02BB-154,BOW,MACHINE MADE BOW,,PER PIECE
HC02BB-157,BOW,MACHINE MADE BOW,0.44,PER PIECE
HC02BB-168,BOW,MACHINE MADE BOW,0.4,PER PIECE
HC02BB-177,BOW,MACHINE MADE BOW,0.44,PER PIECE
HC02BB-275,BOW,MACHINE MADE BOW,,PER PIECE
HC02BB-277,BOW,MACHINE MADE BOW,,PER PIECE
HC02BB-290,BOW,MACHINE MADE BOW,0.44,PER PIECE
HC02BB-308,BOW,MACHINE MADE BOW,,PER PIECE
HC02BB-330,BOW,MACHINE MADE BOW,0.4,PER PIECE
HC02BB-331,BOW,MACHINE MADE BOW,,PER PIECE
HC02BB-338,BOW,MACHINE MADE BOW,0.44,PER PIECE
HC02BB-350,BOW,MACHINE MADE BOW,,PER PIECE
HC02BB-372,BOW,MACHINE MADE BOW,0.44,PER PIECE
HC02BB-434,BOW,MACHINE MADE BOW,0.44,PER PIECE
HC02BB-447,BOW,MACHINE MADE BOW,0.44,PER PIECE
HC02BB-473,BOW,MACHINE MADE BOW,,PER PIECE
HC02BB-513,BOW,MACHINE MADE BOW,0.44,PER PIECE
HC02BB-563,BOW,MACHINE MADE BOW,,PER PIECE
HC02BB-569,BOW,MACHINE MADE BOW,0.44,PER PIECE
HC02BB-572,BOW,MACHINE MADE BOW,0.4,PER PIECE
HC02BB-813,BOW,MACHINE MADE BOW,0.4,PER PIECE
HC02BB-814,BOW,MACHINE MADE BOW,,PER PIECE
HC02BB-835,BOW,MACHINE MADE BOW,0.42,PER PIECE
HC02BB-837,BOW,MACHINE MADE BOW,0.65,PER PIECE
HC02BB-839,BOW,MACHINE MADE BOW,,PER PIECE
HC02BB-860,BOW,MACHINE MADE BOW,0.605,PER PIECE
HC02BB-B0057,BOW,MACHINE MADE BOW,0.44,PER PIECE
HC02BB-B0057-473,BOW,MACHINE MADE BOW,0.4,PER PIECE
HC02BB-B0064,BOW,MACHINE MADE BOW,,PER PIECE
HC02BB-B0067,BOW,MACHINE MADE BOW,0.4,PER PIECE
HC02BB-B0068,BOW,MACHINE MADE BOW,0.4,PER PIECE
HC02BB-B0069,BOW,MACHINE MADE BOW,0.65,PER PIECE
HC02BB-B0070,BOW,MACHINE MADE BOW,0.65,PER PIECE
HC02BB-B0071,BOW,MACHINE MADE BOW,0.4,PER PIECE
HC02BB-B0072,BOW,MACHINE MADE BOW,,PER PIECE
HC02BB-B0073,BOW,MACHINE MADE BOW,0.4,PER PIECE
HC02BB-B0075,BOW,MACHINE MADE BOW,,PER PIECE
HC02BB-B0076,BOW,MACHINE MADE BOW,0.44,PER PIECE
HC02BB-B0077,BOW,MACHINE MADE BOW,0.65,PER PIECE
HC02BB-B0078,BOW,MACHINE MADE BOW,,PER PIECE
HC02BB-B0079,BOW,MACHINE MADE BOW,,PER PIECE
HC02BB-B0080,BOW,MACHINE MADE BOW,,PER PIECE
HC02BB-B0081,BOW,MACHINE MADE BOW,0.65,PER PIECE
HC02BB-B0083,BOW,MACHINE MADE BOW,,PER PIECE
HC02BB-B0084,BOW,MACHINE MADE BOW,0.4,PER PIECE
HC02BB-B0086,BOW,MACHINE MADE BOW,0.81,PER PIECE
HC02BB-B0087,BOW,MACHINE MADE BOW,0.4,PER PIECE
HC02BB-B0088,BOW,MACHINE MADE BOW,0.4,PER PIECE
HC02BB-B0089,BOW,MACHINE MADE BOW,0.4,PER PIECE
HC02BB-B0090,BOW,MACHINE MADE BOW,0.4,PER PIECE
HC02BB-B0091,BOW,MACHINE MADE BOW,0.4,PER PIECE
HC02BB-B0092,BOW,MACHINE MADE BOW,0.4,PER PIECE
HC02BB-B0093,BOW,MACHINE MADE BOW,0.4,PER PIECE
HC02BB-B0094,BOW,MACHINE MADE BOW,0.4,PER PIECE
HC02BB-B0095,BOW,MACHINE MADE BOW,0.4,PER PIECE
HC02BB-B0096,BOW,MACHINE MADE BOW,0.4,PER PIECE
HC02BB-B0097,BOW,MACHINE MADE BOW,0.4,PER PIECE
HC03BB-028,BOW,MACHINE MADE BOW,0.88,PER PIECE
HC03BB-123,BOW,MACHINE MADE BOW,,PER PIECE
HC03BB-141,BOW,MACHINE MADE BOW,0.55,PER PIECE
HC03BB-148,BOW,MACHINE MADE BOW,0.55,PER PIECE
HC03BB-149,BOW,MACHINE MADE BOW,0.55,PER PIECE
HC03BB-150,BOW,MACHINE MADE BOW,0.84,PER PIECE
HC03BB-151,BOW,MACHINE MADE BOW,0.55,PER PIECE
HC03BB-154,BOW,MACHINE MADE BOW,0.55,PER PIECE
HC03BB-160,BOW,MACHINE MADE BOW,0.55,PER PIECE
HC03BB-161,BOW,MACHINE MADE BOW,0.55,PER PIECE
HC03BB-165,BOW,MACHINE MADE BOW,0.55,PER PIECE
HC03BB-168,BOW,MACHINE MADE BOW,0.55,PER PIECE
HC03BB-174,BOW,MACHINE MADE BOW,0.55,PER PIECE
HC03BB-177,BOW,MACHINE MADE BOW,0.55,PER PIECE
HC03BB-182,BOW,MACHINE MADE BOW,0.55,PER PIECE
HC03BB-333,BOW,MACHINE MADE BOW,,PER PIECE
HC03BB-372,BOW,MACHINE MADE BOW,,PER PIECE
HC03BB-567,BOW,MACHINE MADE BOW,0.84,PER PIECE
HC03BB-810,BOW,MACHINE MADE BOW,0.55,PER PIECE
HC03BB-813,BOW,MACHINE MADE BOW,0.55,PER PIECE
HC03BB-820,BOW,MACHINE MADE BOW,,PER PIECE
HC03BB-B0001,BOW,MACHINE MADE BOW,0.61,PER PIECE
HC03BB-B0001 SHADE A - VEILED PINK -TCX 13-2007,BOW,MACHINE MADE BOW,,PER PIECE
HC03BB-B0002,BOW,MACHINE MADE BOW,,PER PIECE
HC03BB-B0003,BOW,MACHINE MADE BOW,,PER PIECE
HC03BB-B0004,BOW,MACHINE MADE BOW,,PER PIECE
HC03BB-B0005,BOW,MACHINE MADE BOW,,PER PIECE
HC03BB-B0006,BOW,MACHINE MADE BOW,,PER PIECE
HC03BB-B0007,BOW,MACHINE MADE BOW,,PER PIECE
HC03BB-B0008,BOW,MACHINE MADE BOW,,PER PIECE
HC03BB-B0009,BOW,MACHINE MADE BOW,,PER PIECE
HC03BB-B0010,BOW,MACHINE MADE BOW,,PER PIECE
HC03BB-B0011,BOW,MACHINE MADE BOW,,PER PIECE
HC03BB-B0012,BOW,MACHINE MADE BOW,,PER PIECE
HC03BB-B0013,BOW,MACHINE MADE BOW,,PER PIECE
HC03BB-B0014,BOW,MACHINE MADE BOW,,PER PIECE
HC03BB-B0015,BOW,MACHINE MADE BOW,0.55,PER PIECE
HC03BB-B0019,BOW,MACHINE MADE BOW,0.55,PER PIECE
HC03BB-B0019(DTM) BLACK IRIS - SHADE B APPROVED YM2502466,BOW,MACHINE MADE BOW,,PER PIECE
HC03BB-B0020,BOW,MACHINE MADE BOW,0.55,PER PIECE
HC03BB-B0021,BOW,MACHINE MADE BOW,0.5,PER PIECE
HC03BB-B0022,BOW,MACHINE MADE BOW,0.55,PER PIECE
HC03BB-B0023,BOW,MACHINE MADE BOW,0.055,PER PIECE
HC03BB-B0024,BOW,MACHINE MADE BOW,0.55,PER PIECE
HC03BB-B0025,BOW,MACHINE MADE BOW,0.5,PER PIECE
HC03BB-B0026,BOW,MACHINE MADE BOW,0.5,PER PIECE
HC03BB-B0027,BOW,MACHINE MADE BOW,0.55,PER PIECE
HC03BB-B0028,BOW,MACHINE MADE BOW,0.55,PER PIECE
HC03BB-B0029,BOW,MACHINE MADE BOW,0.55,PER PIECE
HC03BB-B0030,BOW,MACHINE MADE BOW,0.525,PER PIECE
HC03BB-B0031,BOW,MACHINE MADE BOW,0.525,PER PIECE
HC03BB-B0032,BOW,MACHINE MADE BOW,0.525,PER PIECE
HC03BB-B0033,BOW,MACHINE MADE BOW,0.55,PER PIECE
HC03BB-B0034,BOW,MACHINE MADE BOW,0.55,PER PIECE
HC03BB-B0035,BOW,MACHINE MADE BOW,0.55,PER PIECE
HC03BB-B0036,BOW,MACHINE MADE BOW,0.55,PER PIECE
HC03BB-B0037,BOW,MACHINE MADE BOW,0.55,PER PIECE
HC03BB-B0038,BOW,MACHINE MADE BOW,0.55,PER PIECE
HC03BB-B0042,BOW,MACHINE MADE BOW,0.55,PER PIECE
HC03BB-B0043,BOW,MACHINE MADE BOW,0.55,PER PIECE
HC03BB-B0044,BOW,MACHINE MADE BOW,0.55,PER PIECE
HC03BB-B0045,BOW,MACHINE MADE BOW,0.5,PER PIECE
HC03BB-B0046,BOW,MACHINE MADE BOW,0.55,PER PIECE
HC03BB-B0047,BOW,MACHINE MADE BOW,0.55,PER PIECE
HC03BB-B0048,BOW,MACHINE MADE BOW,0.55,PER PIECE
HC03BB-B0049,BOW,MACHINE MADE BOW,0.55,PER PIECE
HC03BB-B0050,BOW,MACHINE MADE BOW,0.55,PER PIECE
HC03BB-B0051,BOW,MACHINE MADE BOW,0.5,PER PIECE
HC03BB-B0052,BOW,MACHINE MADE BOW,0.55,PER PIECE
HC03BB-B0053,BOW,MACHINE MADE BOW,0.55,PER PIECE
HC03BB-B0054,BOW,MACHINE MADE BOW,,PER PIECE
HC03BB-B0055,BOW,MACHINE MADE BOW,0.61,PER PIECE
HC03BB-B0056,BOW,MACHINE MADE BOW,0.61,PER PIECE
HC03BB-B0057,BOW,MACHINE MADE BOW,0.55,PER PIECE
HC03BB-B0058,BOW,MACHINE MADE BOW,0.61,PER PIECE
HC03BB-B0059,BOW,MACHINE MADE BOW,,PER PIECE
HC03BB-B0060,BOW,MACHINE MADE BOW,,PER PIECE
HC03BB-B0061,BOW,MACHINE MADE BOW,,PER PIECE
HC03BB-B0062,BOW,MACHINE MADE BOW,,PER PIECE
HC03BB-B0063,BOW,MACHINE MADE BOW,,PER PIECE
HC03BB-B0064,BOW,MACHINE MADE BOW,,PER PIECE
HC03BB-B0065,BOW,MACHINE MADE BOW,,PER PIECE
HC03GG-B0003,BOW,MACHINE MADE BOW,,PER PIECE
HC03GG-B0004,BOW,MACHINE MADE BOW,,PER PIECE
HC03GG-B0005,BOW,MACHINE MADE BOW,,PER PIECE
HC03GG-B0008,BOW,MACHINE MADE BOW,0.86,PER PIECE
HC03GG-B0009,BOW,MACHINE MADE BOW,,PER PIECE
HC03GG-B0010,BOW,MACHINE MADE BOW,,PER PIECE
HC03GG-B0011,BOW,MACHINE MADE BOW,,PER PIECE
HC03GG-B0012,BOW,MACHINE MADE BOW,,PER PIECE
HC03GG-B0013,BOW,MACHINE MADE BOW,0.86,PER PIECE
HC04BB-009,BOW,MACHINE MADE BOW,,PER PIECE
HC04BB-017,BOW,MACHINE MADE BOW,,PER PIECE
HC04BB-029,BOW,MACHINE MADE BOW,0.55,PER PIECE
HC04BB-030,BOW,MACHINE MADE BOW,0.84,PER PIECE
HC04BB-077,BOW,MACHINE MADE BOW,0.86,PER PIECE
HC04BB-103,BOW,MACHINE MADE BOW,,PER PIECE
HC04BB-105,BOW,MACHINE MADE BOW,,PER PIECE
HC04BB-112,BOW,MACHINE MADE BOW,,PER PIECE
HC04BB-115,BOW,MACHINE MADE BOW,,PER PIECE
HC04BB-123,BOW,MACHINE MADE BOW,,PER PIECE
HC04BB-146,BOW,MACHINE MADE BOW,,PER PIECE
HC04BB-148,BOW,MACHINE MADE BOW,,PER PIECE
HC04BB-149,BOW,MACHINE MADE BOW,,PER PIECE
HC04BB-150,BOW,MACHINE MADE BOW,,PER PIECE
HC04BB-151,BOW,MACHINE MADE BOW,,PER PIECE
HC04BB-152,BOW,MACHINE MADE BOW,,PER PIECE
HC04BB-154,BOW,MACHINE MADE BOW,0.55,PER PIECE
HC04BB-155,BOW,MACHINE MADE BOW,,PER PIECE
HC04BB-157,BOW,MACHINE MADE BOW,,PER PIECE
HC04BB-161,BOW,MACHINE MADE BOW,,PER PIECE
HC04BB-165,BOW,MACHINE MADE BOW,,PER PIECE
HC04BB-169,BOW,MACHINE MADE BOW,,PER PIECE
HC04BB-174,BOW,MACHINE MADE BOW,,PER PIECE
HC04BB-175,BOW,MACHINE MADE BOW,,PER PIECE
HC04BB-176,BOW,MACHINE MADE BOW,,PER PIECE
HC04BB-177,BOW,MACHINE MADE BOW,,PER PIECE
HC04BB-185,BOW,MACHINE MADE BOW,0.55,PER PIECE
HC04BB-187,BOW,MACHINE MADE BOW,,PER PIECE
HC04BB-193,BOW,MACHINE MADE BOW,,PER PIECE
HC04BB-203,BOW,MACHINE MADE BOW,,PER PIECE
HC04BB-210,BOW,MACHINE MADE BOW,,PER PIECE
HC04BB-243,BOW,MACHINE MADE BOW,,PER PIECE
HC04BB-252,BOW,MACHINE MADE BOW,,PER PIECE
HC04BB-275,BOW,MACHINE MADE BOW,,PER PIECE
HC04BB-277,BOW,MACHINE MADE BOW,0.55,PER PIECE
HC04BB-303,BOW,MACHINE MADE BOW,,PER PIECE
HC04BB-307,BOW,MACHINE MADE BOW,,PER PIECE
HC04BB-313,BOW,MACHINE MADE BOW,,PER PIECE
HC04BB-314,BOW,MACHINE MADE BOW,,PER PIECE
HC04BB-322,BOW,MACHINE MADE BOW,,PER PIECE
HC04BB-323,BOW,MACHINE MADE BOW,,PER PIECE
HC04BB-324,BOW,MACHINE MADE BOW,,PER PIECE
HC04BB-329,BOW,MACHINE MADE BOW,,PER PIECE
HC04BB-330,BOW,MACHINE MADE BOW,,PER PIECE
HC04BB-331,BOW,MACHINE MADE BOW,,PER PIECE
HC04BB-332,BOW,MACHINE MADE BOW,,PER PIECE
HC04BB-333,BOW,MACHINE MADE BOW,,PER PIECE
HC04BB-338,BOW,MACHINE MADE BOW,,PER PIECE
HC04BB-346,BOW,MACHINE MADE BOW,,PER PIECE
HC04BB-352,BOW,MACHINE MADE BOW,,PER PIECE
HC04BB-363,BOW,MACHINE MADE BOW,,PER PIECE
HC04BB-369,BOW,MACHINE MADE BOW,,PER PIECE
HC04BB-372,BOW,MACHINE MADE BOW,0.55,PER PIECE
HC04BB-374,BOW,MACHINE MADE BOW,,PER PIECE
HC04BB-420,BOW,MACHINE MADE BOW,,PER PIECE
HC04BB-434,BOW,MACHINE MADE BOW,,PER PIECE
HC04BB-435,BOW,MACHINE MADE BOW,,PER PIECE
HC04BB-447,BOW,MACHINE MADE BOW,,PER PIECE
HC04BB-462,BOW,MACHINE MADE BOW,0.55,PER PIECE
HC04BB-463,BOW,MACHINE MADE BOW,,PER PIECE
HC04BB-520,BOW,MACHINE MADE BOW,,PER PIECE
HC04BB-524,BOW,MACHINE MADE BOW,,PER PIECE
HC04BB-552,BOW,MACHINE MADE BOW,,PER PIECE
HC04BB-569,BOW,MACHINE MADE BOW,,PER PIECE
HC04BB-572,BOW,MACHINE MADE BOW,,PER PIECE
HC04BB-577,BOW,MACHINE MADE BOW,,PER PIECE
HC04BB-593,BOW,MACHINE MADE BOW,,PER PIECE
HC04BB-625,BOW,MACHINE MADE BOW,,PER PIECE
HC04BB-645,BOW,MACHINE MADE BOW,,PER PIECE
HC04BB-660,BOW,MACHINE MADE BOW,,PER PIECE
HC04BB-662,BOW,MACHINE MADE BOW,,PER PIECE
HC04BB-668,BOW,MACHINE MADE BOW,,PER PIECE
HC04BB-714,BOW,MACHINE MADE BOW,,PER PIECE
HC04BB-720,BOW,MACHINE MADE BOW,,PER PIECE
HC04BB-750,BOW,MACHINE MADE BOW,,PER PIECE
HC04BB-751,BOW,MACHINE MADE BOW,0.55,PER PIECE
HC04BB-820,BOW,MACHINE MADE BOW,,PER PIECE
HC04BB-824,BOW,MACHINE MADE BOW,,PER PIECE
HC04BB-826,BOW,MACHINE MADE BOW,,PER PIECE
HC04BB-835,BOW,MACHINE MADE BOW,0.8,PER PIECE
HC04BB-836,BOW,MACHINE MADE BOW,,PER PIECE
HC04BB-846,BOW,MACHINE MADE BOW,,PER PIECE
HC04BB-B0016,BOW,MACHINE MADE BOW,,PER PIECE
HC04BB-B0017,BOW,MACHINE MADE BOW,0.55,PER PIECE
HC04BB-B0020,BOW,MACHINE MADE BOW,,PER PIECE
HC04BB-B0021,BOW,MACHINE MADE BOW,0.95,PER PIECE
HC04BB-B0022,BOW,MACHINE MADE BOW,,PER PIECE
HC04BB-B0023,BOW,MACHINE MADE BOW,,PER PIECE
HC04BB-B0024,BOW,MACHINE MADE BOW,,PER PIECE
HC04BB-B0026,BOW,MACHINE MADE BOW,,PER PIECE
HC04BB-B0031,BOW,MACHINE MADE BOW,,PER PIECE
HC04BB-B0035,BOW,MACHINE MADE BOW,,PER PIECE
HC04BB-B0036,BOW,MACHINE MADE BOW,,PER PIECE
HC04BB-B0037,BOW,MACHINE MADE BOW,,PER PIECE
HC04BB-B0039,BOW,MACHINE MADE BOW,0.55,PER PIECE
HC04BB-B0060,BOW,MACHINE MADE BOW,,PER PIECE
HC04BB-B0076,BOW,MACHINE MADE BOW,,PER PIECE
HC04BB-B0081,BOW,MACHINE MADE BOW,,PER PIECE
HC04BB-B0086,BOW,MACHINE MADE BOW,,PER PIECE
HC04BB-B0087,BOW,MACHINE MADE BOW,,PER PIECE
HC04BB-B0091,BOW,MACHINE MADE BOW,,PER PIECE
HC04BB-B0093,BOW,MACHINE MADE BOW,,PER PIECE
HC04BB-B0099,BOW,MACHINE MADE BOW,,PER PIECE
HC04BB-B0107,BOW,MACHINE MADE BOW,,PER PIECE
HC04BB-B0113,BOW,MACHINE MADE BOW,,PER PIECE
HC04BB-B0114,BOW,MACHINE MADE BOW,,PER PIECE
HC04DD-028,BOW,TO CONFIRM,,PER PIECE
HC04GG-017,BOW,MACHINE MADE BOW,0.88,PER PIECE
HC04GG-029,BOW,MACHINE MADE BOW,0.88,PER PIECE
HC04GG-308,BOW,MACHINE MADE BOW,,PER PIECE
HC04GG-567,BOW,MACHINE MADE BOW,0.88,PER PIECE
HC04GG-B0010,BOW,MACHINE MADE BOW,0.88,PER PIECE
HC04GG-B0011,BOW,MACHINE MADE BOW,0.88,PER PIECE
HC05GG-333,BOW,HAND MADE BOW,1.12,PER PIECE
HC06AA-187,BOW,TO CONFIRM,,PER PIECE
HCO1BB-B0461,BOW,HAND MADE BOW,0.48,PER PIECE
HCO1BB-B0462,BOW,HAND MADE BOW,0.48,PER PIECE
HCO1BB-B0463,BOW,HAND MADE BOW,0.48,PER PIECE
HCO1BB-B0464,BOW,HAND MADE BOW,0.48,PER PIECE
HCO1BB-B0465,BOW,HAND MADE BOW,0.48,PER PIECE
HCO1BB-B0466,BOW,HAND MADE BOW,0.48,PER PIECE
HCO1BB-B0467,BOW,HAND MADE BOW,0.48,PER PIECE
HCO1BB-B0468,BOW,HAND MADE BOW,0.48,PER PIECE
HCO1BB-B0469,BOW,HAND MADE BOW,0.48,PER PIECE
HD01BB-029,BOW,HAND MADE BOW,2.38,PER PIECE
HD01BB-158,BOW,HAND MADE BOW,1.38,PER PIECE
HD01BB-B0001,BOW,HAND MADE BOW,1.38,PER PIECE
HD01BB-B0002,BOW,HAND MADE BOW,2.105,PER PIECE
HD01BB-B0003,BOW,HAND MADE BOW,2.38,PER PIECE
HD01BB-B0004,BOW,HAND MADE BOW,2.105,PER PIECE
HD05AA-000,BOW,HAND MADE BOW,3.72,PER PIECE
HD05AA-818,BOW,HAND MADE BOW,4.91,PER PIECE
HD05AA-820,BOW,HAND MADE BOW,3.72,PER PIECE
HD06AA-835,BOW,TO CONFIRM,,PER PIECE
HD06AA-B0029,BOW,TO CONFIRM,,PER PIECE
HD06AA-B0035,BOW,TO CONFIRM,,PER PIECE
HD06AA-B0044,BOW,TO CONFIRM,,PER PIECE
HD06AA-B0044-164,BOW,TO CONFIRM,,PER PIECE
HD06AA-B0045,BOW,TO CONFIRM,,PER PIECE
HD06AA-B0049,BOW,TO CONFIRM,,PER PIECE
HD06AA-B0066,BOW,TO CONFIRM,,PER PIECE
HD06AA-B0066-370,BOW,TO CONFIRM,,PER PIECE
HD07AA-029,BOW,HAND MADE BOW,,PER PIECE
HD07AA-112,BOW,HAND MADE BOW,,PER PIECE
HD07AA-151,BOW,HAND MADE BOW,,PER PIECE
HD07AA-260,BOW,HAND MADE BOW,,PER PIECE
HD07AA-793,BOW,HAND MADE BOW,0.3504,PER PIECE
HD07AA-B0011,BOW,HAND MADE BOW,,PER PIECE
HD07AA-B0037,BOW,HAND MADE BOW,,PER PIECE
HD07AA-B0041,BOW,HAND MADE BOW,,PER PIECE
HD07AA-B0043,BOW,HAND MADE BOW,,PER PIECE
HD07AA-B0052,BOW,HAND MADE BOW,0.77,PER PIECE
HD07AA-B0066,BOW,HAND MADE BOW,0.876,PER PIECE
HD07AY-B0001,BOW,HAND MADE BOW,1.6,PER PIECE
HD12AB-028,BOW,HAND MADE BOW,3.62,PER PIECE
HD14AA-029,BOW,HAND MADE BOW,3.37,PER PIECE
HD14AA-644,BOW,HAND MADE BOW,3.06,PER PIECE
HD15AA-029,BOW,HAND MADE BOW,3.55,PER PIECE
HD15AA-371,BOW,HAND MADE BOW,,PER PIECE
HD15AA-826,BOW,HAND MADE BOW,,PER PIECE
HD15GG-029,BOW,TO CONFIRM,,PER PIECE
HD15GG-372,BOW,TO CONFIRM,,PER PIECE
HF02GG-855,BOW,HAND MADE BOW,1.59,PER PIECE
HF04AB-012,BOW,HAND MADE BOW,,PER PIECE
HF04AB-169,BOW,HAND MADE BOW,,PER PIECE
HF04AB-238,BOW,HAND MADE BOW,,PER PIECE
HF04AB-252,BOW,HAND MADE BOW,,PER PIECE
HF04AB-311,BOW,HAND MADE BOW,2.2,PER PIECE
HF04AB-324,BOW,HAND MADE BOW,,PER PIECE
HF04AB-458,BOW,HAND MADE BOW,2.42,PER PIECE
HF04AB-577,BOW,HAND MADE BOW,,PER PIECE
HF04AB-845,BOW,HAND MADE BOW,2.42,PER PIECE
HF05AA-210,BOW,TO CONFIRM,,PER PIECE
HF05AB-640,BOW,HAND MADE BOW,2.27,PER PIECE
HF05AB-640-1,BOW,HAND MADE BOW,,PER PIECE
HF16AA-150J,BOW,HAND MADE BOW,,PER PIECE
HF16AA-169,BOW,HAND MADE BOW,3.12,PER PIECE
HF16AA-238,BOW,HAND MADE BOW,,PER PIECE
HF16AA-252,BOW,HAND MADE BOW,3.12,PER PIECE
HF16AA-311,BOW,HAND MADE BOW,2.84,PER PIECE
HF16AA-324,BOW,HAND MADE BOW,3.12,PER PIECE
HF16AA-458,BOW,HAND MADE BOW,3.12,PER PIECE
HF16AA-577,BOW,HAND MADE BOW,3.12,PER PIECE
HF16AA-845,BOW,HAND MADE BOW,3.12,PER PIECE
HF17AA-235-1,BOW,HAND MADE BOW,,PER PIECE
HF17AA-465,BOW,HAND MADE BOW,2.37,PER PIECE
HF17AA-625,BOW,HAND MADE BOW,,PER PIECE
HK02AB-028S,BOW,HAND MADE BOW,2.9,PER PIECE
HK02AB-029029,BOW,HAND MADE BOW,2.9,PER PIECE
HK02AB-030S,BOW,HAND MADE BOW,2.2,PER PIECE
HK02AB-103103,BOW,HAND MADE BOW,2.2,PER PIECE
HK02AB-103S,BOW,HAND MADE BOW,2.2,PER PIECE
HK02AB-115117,BOW,HAND MADE BOW,2.2,PER PIECE
HK02AB-115177,BOW,HAND MADE BOW,2.2,PER PIECE
HK02AB-148S,BOW,HAND MADE BOW,2.2,PER PIECE
HK02AB-149S,BOW,HAND MADE BOW,2.2,PER PIECE
HK02AB-198549,BOW,HAND MADE BOW,2.2,PER PIECE
HK02AB-235S,BOW,HAND MADE BOW,,PER PIECE
HK02AB-264S,BOW,HAND MADE BOW,2.2,PER PIECE
HK02AB-311569,BOW,HAND MADE BOW,2.2,PER PIECE
HK02AB-332365,BOW,HAND MADE BOW,2.2,PER PIECE
HK02AB-333S,BOW,HAND MADE BOW,2.2,PER PIECE
HK02AB-569311,BOW,HAND MADE BOW,2.2,PER PIECE
HK02AB-765S,BOW,HAND MADE BOW,2.2,PER PIECE
HK02AB-815815,BOW,HAND MADE BOW,2.77,PER PIECE
HK02AB-838838,BOW,HAND MADE BOW,2.2,PER PIECE
HK02AB-B0001,BOW,HAND MADE BOW,,PER PIECE
HK02AB-B0001 (DTM) APPROVED SHADE B,BOW,HAND MADE BOW,,PER PIECE
HK02AB-B0003,BOW,HAND MADE BOW,,PER PIECE
HK02AB-B0004,BOW,HAND MADE BOW,2.77,PER PIECE
HK07AB-000S-1,BOW,HAND MADE BOW,,PER PIECE
HK07AB-028567,BOW,HAND MADE BOW,2.9,PER PIECE
HK07AB-077S,BOW,HAND MADE BOW,,PER PIECE
HK07AB-115567,BOW,HAND MADE BOW,,PER PIECE
HK07AB-115867,BOW,HAND MADE BOW,2.9,PER PIECE
HK07AB-149S,BOW,HAND MADE BOW,2.2,PER PIECE
HK07AB-154S,BOW,HAND MADE BOW,,PER PIECE
HK07AB-161524,BOW,HAND MADE BOW,2.64,PER PIECE
HK07AB-176S,BOW,HAND MADE BOW,,PER PIECE
HK07AB-177S,BOW,HAND MADE BOW,2.2,PER PIECE
HK07AB-203524,BOW,HAND MADE BOW,2.64,PER PIECE
HK07AB-210S,BOW,HAND MADE BOW,,PER PIECE
HK07AB-243S,BOW,HAND MADE BOW,2.2,PER PIECE
HK07AB-260S,BOW,HAND MADE BOW,2.9,PER PIECE
HK07AB-275S,BOW,HAND MADE BOW,,PER PIECE
HK07AB-329S,BOW,HAND MADE BOW,,PER PIECE
HK07AB-330S,BOW,HAND MADE BOW,,PER PIECE
HK07AB-333S,BOW,HAND MADE BOW,2.2,PER PIECE
HK07AB-363S,BOW,HAND MADE BOW,,PER PIECE
HK07AB-644S,BOW,HAND MADE BOW,2.2,PER PIECE
HK07AB-750S,BOW,HAND MADE BOW,,PER PIECE
HK07AB-824824,BOW,HAND MADE BOW,2.64,PER PIECE
HK07AB-B0003,BOW,HAND MADE BOW,2.64,PER PIECE
HK07AB-B0004,BOW,HAND MADE BOW,2.64,PER PIECE
HW50AA-264,BOW,TO CONFIRM,,PER PIECE
HW50AA-370,BOW,TO CONFIRM,,PER PIECE
OR2025051901158,BOW,TO CONFIRM,,PER PIECE
YA1603053,BOW,HAND MADE BOW,1.0,PER PIECE
YA1603053-835,BOW,HAND MADE BOW,0.66,PER PIECE
YA160308002-E,BOW,HAND MADE BOW,0.6,PER PIECE
YA160308002-E-029,BOW,HAND MADE BOW,0.6,PER PIECE
YA210409001-A,BOW,TO CONFIRM,,PER PIECE
YA220929001-G,BOW,HAND MADE BOW,0.74,PER PIECE
YA220929001-G -148,BOW,HAND MADE BOW,,PER PIECE
YA220929001-G-148,BOW,HAND MADE BOW,0.6,PER PIECE
YA221110002 K,BOW,MACHINE MADE BOW,,PER PIECE
YA221110002-A,BOW,MACHINE MADE BOW,0.81,PER PIECE
YA221110002-AA,BOW,MACHINE MADE BOW,,PER PIECE
YA221110002-AD,BOW,MACHINE MADE BOW,0.81,PER PIECE
YA221110002-AG,BOW,MACHINE MADE BOW,0.81,PER PIECE
YA221110002-AH,BOW,MACHINE MADE BOW,0.7725,PER PIECE
YA221110002-AI,BOW,MACHINE MADE BOW,0.81,PER PIECE
YA221110002-AL,BOW,MACHINE MADE BOW,0.735,PER PIECE
YA221110002-AM,BOW,MACHINE MADE BOW,0.81,PER PIECE
YA221110002-AP,BOW,MACHINE MADE BOW,0.7725,PER PIECE
YA221110002-AQ,BOW,MACHINE MADE BOW,0.735,PER PIECE
YA221110002-AR,BOW,MACHINE MADE BOW,0.7725,PER PIECE
YA221110002-B,BOW,MACHINE MADE BOW,0.7725,PER PIECE
YA221110002-B-012,BOW,MACHINE MADE BOW,,PER PIECE
YA221110002-BA,BOW,MACHINE MADE BOW,0.81,PER PIECE
YA221110002-BB,BOW,MACHINE MADE BOW,0.7725,PER PIECE
YA221110002-BC,BOW,MACHINE MADE BOW,0.81,PER PIECE
YA221110002-BD,BOW,MACHINE MADE BOW,0.81,PER PIECE
YA221110002-BE,BOW,MACHINE MADE BOW,,PER PIECE
YA221110002-BF,BOW,MACHINE MADE BOW,0.81,PER PIECE
YA221110002-BG,BOW,MACHINE MADE BOW,0.7725,PER PIECE
YA221110002-BH,BOW,MACHINE MADE BOW,0.735,PER PIECE
YA221110002-BI,BOW,MACHINE MADE BOW,0.81,PER PIECE
YA221110002-BJ,BOW,MACHINE MADE BOW,0.81,PER PIECE
YA221110002-BK,BOW,MACHINE MADE BOW,0.81,PER PIECE
YA221110002-BL,BOW,MACHINE MADE BOW,0.81,PER PIECE
YA221110002-BM,BOW,MACHINE MADE BOW,0.81,PER PIECE
YA221110002-BN,BOW,MACHINE MADE BOW,0.81,PER PIECE
YA221110002-BT,BOW,MACHINE MADE BOW,0.81,PER PIECE
YA221110002-BU,BOW,MACHINE MADE BOW,0.735,PER PIECE
YA221110002-BV,BOW,MACHINE MADE BOW,0.735,PER PIECE
YA221110002-BW,BOW,MACHINE MADE BOW,0.81,PER PIECE
YA221110002-BY,BOW,MACHINE MADE BOW,,PER PIECE
YA221110002-E,BOW,MACHINE MADE BOW,0.81,PER PIECE
YA221110002-E - 174,BOW,MACHINE MADE BOW,,PER PIECE
YA221110002-G,BOW,MACHINE MADE BOW,0.81,PER PIECE
YA221110002-H,BOW,MACHINE MADE BOW,0.735,PER PIECE
YA221110002-I,BOW,MACHINE MADE BOW,,PER PIECE
YA221110002-J,BOW,MACHINE MADE BOW,0.735,PER PIECE
YA221110002-K,BOW,MACHINE MADE BOW,0.735,PER PIECE
YA221110002-K -203,BOW,MACHINE MADE BOW,,PER PIECE
YA221110002-L,BOW,MACHINE MADE BOW,0.81,PER PIECE
YA221110002-L -174,BOW,MACHINE MADE BOW,,PER PIECE
YA221110002-M,BOW,MACHINE MADE BOW,0.81,PER PIECE
YA221110002-M - 030,BOW,MACHINE MADE BOW,,PER PIECE
YA221110002-N,BOW,MACHINE MADE BOW,0.7725,PER PIECE
YA221110002-P,BOW,MACHINE MADE BOW,0.81,PER PIECE
YA221110002-Q,BOW,MACHINE MADE BOW,0.81,PER PIECE
YA221110002-R,BOW,MACHINE MADE BOW,0.81,PER PIECE
YA221110002-S,BOW,MACHINE MADE BOW,0.81,PER PIECE
YA221110002-T,BOW,MACHINE MADE BOW,,PER PIECE
YA221110002-U,BOW,MACHINE MADE BOW,,PER PIECE
YA221110002-V,BOW,MACHINE MADE BOW,,PER PIECE
YA221110002-W,BOW,MACHINE MADE BOW,0.81,PER PIECE
YA221110002-X,BOW,MACHINE MADE BOW,0.81,PER PIECE
YA221110002-Y,BOW,MACHINE MADE BOW,0.81,PER PIECE
YA221110002-Z,BOW,MACHINE MADE BOW,0.81,PER PIECE
YA23010900,BOW,HAND MADE BOW,1.0,PER PIECE
YA230109004,BOW,HAND MADE BOW,1.1,PER PIECE
YA230109004 (WHITE),BOW,HAND MADE BOW,,PER PIECE
YA230109004-0,BOW,HAND MADE BOW,1.0,PER PIECE
YA230109004-029,BOW,HAND MADE BOW,1.0,PER PIECE
YA230109004-A,BOW,HAND MADE BOW,1.1,PER PIECE
YA230109004-A-030,BOW,HAND MADE BOW,1.0,PER PIECE
YA230109004-AA,BOW,HAND MADE BOW,,PER PIECE
YA230109004-AB,BOW,HAND MADE BOW,1.1,PER PIECE
YA230109004-AB (V DEEP TAUPE),BOW,HAND MADE BOW,,PER PIECE
YA230109004-AC,BOW,HAND MADE BOW,,PER PIECE
YA230109004-AD,BOW,HAND MADE BOW,,PER PIECE
YA230109004-AE,BOW,HAND MADE BOW,,PER PIECE
YA230109004-AG,BOW,HAND MADE BOW,1.175,PER PIECE
YA230109004-AG - (V POTENT PURPLE 19-2520 TCX),BOW,HAND MADE BOW,,PER PIECE
YA230109004-AH,BOW,HAND MADE BOW,,PER PIECE
YA230109004-AI,BOW,HAND MADE BOW,,PER PIECE
YA230109004-AJ,BOW,HAND MADE BOW,,PER PIECE
YA230109004-AK,BOW,HAND MADE BOW,,PER PIECE
YA230109004-AL,BOW,HAND MADE BOW,1.1,PER PIECE
YA230109004-AL (V ANGEL FALLS 15-4105 TCX),BOW,HAND MADE BOW,,PER PIECE
YA230109004-AM,BOW,HAND MADE BOW,,PER PIECE
YA230109004-AN,BOW,HAND MADE BOW,,PER PIECE
YA230109004-AO,BOW,HAND MADE BOW,,PER PIECE
YA230109004-AP,BOW,HAND MADE BOW,,PER PIECE
YA230109004-AQ,BOW,HAND MADE BOW,,PER PIECE
YA230109004-AR,BOW,HAND MADE BOW,,PER PIECE
YA230109004-AS,BOW,HAND MADE BOW,,PER PIECE
YA230109004-AT,BOW,HAND MADE BOW,1.1,PER PIECE
YA230109004-AU,BOW,HAND MADE BOW,1.1,PER PIECE
YA230109004-AV,BOW,HAND MADE BOW,1.1,PER PIECE
YA230109004-AY,BOW,HAND MADE BOW,1.25,PER PIECE
YA230109004-B,BOW,HAND MADE BOW,1.1,PER PIECE
YA230109004-B (V. WSKIN),BOW,HAND MADE BOW,,PER PIECE
YA230109004-BE,BOW,HAND MADE BOW,1.1,PER PIECE
YA230109004-BG,BOW,HAND MADE BOW,1.25,PER PIECE
YA230109004-BH,BOW,HAND MADE BOW,1.1,PER PIECE
YA230109004-BO,BOW,HAND MADE BOW,1.1,PER PIECE
YA230109004-BQ,BOW,HAND MADE BOW,1.1,PER PIECE
YA230109004-BR,BOW,HAND MADE BOW,1.1,PER PIECE
YA230109004-BT,BOW,HAND MADE BOW,1.1,PER PIECE
YA230109004-BU,BOW,HAND MADE BOW,1.1,PER PIECE
YA230109004-BZ,BOW,HAND MADE BOW,,PER PIECE
YA230109004-CA,BOW,HAND MADE BOW,,PER PIECE
YA230109004-CB,BOW,HAND MADE BOW,,PER PIECE
YA230109004-D,BOW,HAND MADE BOW,1.1,PER PIECE
YA230109004-E,BOW,HAND MADE BOW,1.1,PER PIECE
YA230109004-E-,BOW,HAND MADE BOW,1.0,PER PIECE
YA230109004-E-158,BOW,HAND MADE BOW,,PER PIECE
YA230109004-G,BOW,HAND MADE BOW,1.1,PER PIECE
YA230109004-H,BOW,HAND MADE BOW,1.1,PER PIECE
YA230109004-H - 260,BOW,HAND MADE BOW,,PER PIECE
YA230109004-J,BOW,HAND MADE BOW,1.1,PER PIECE
YA230109004-J (V. MOCHA),BOW,HAND MADE BOW,,PER PIECE
YA230109004-N,BOW,HAND MADE BOW,1.0,PER PIECE
YA230109004-N-(CLASSIC-NAVY),BOW,HAND MADE BOW,1.0,PER PIECE
YA230109004-O,BOW,HAND MADE BOW,1.0,PER PIECE
YA230109004-O (V STEEL GREY MELANGE),BOW,HAND MADE BOW,,PER PIECE
YA230109004-O-012,BOW,HAND MADE BOW,,PER PIECE
YA230109004-P,BOW,HAND MADE BOW,1.1,PER PIECE
YA230109004-P (V RUBY),BOW,HAND MADE BOW,,PER PIECE
YA230109004-Q,BOW,HAND MADE BOW,1.1,PER PIECE
YA230109004-Q (V HEATHER ROSE),BOW,HAND MADE BOW,,PER PIECE
YA230109004-R,BOW,HAND MADE BOW,1.0,PER PIECE
YA230109004-R (V PRUNE),BOW,HAND MADE BOW,,PER PIECE
YA230109004-R-793,BOW,HAND MADE BOW,,PER PIECE
YA230109004-S,BOW,HAND MADE BOW,1.1,PER PIECE
YA230109004-T,BOW,HAND MADE BOW,1.1,PER PIECE
YA230109004-U,BOW,HAND MADE BOW,1.1,PER PIECE
YA230109004-W,BOW,HAND MADE BOW,1.0,PER PIECE
YA230109004-W (V CANDLELIGHT PEACH),BOW,HAND MADE BOW,,PER PIECE
YA230109004-X,BOW,HAND MADE BOW,1.1,PER PIECE
YA230109004-X (V. BEET RED),BOW,HAND MADE BOW,,PER PIECE
YA230109004-Y,BOW,HAND MADE BOW,1.1,PER PIECE
YA230109004-Y (V NEW BLACK),BOW,HAND MADE BOW,,PER PIECE
YA230109004-Y- 030,BOW,HAND MADE BOW,,PER PIECE
YA230109004-Z,BOW,HAND MADE BOW,,PER PIECE
YA2302045,BOW,HAND MADE BOW,0.66,PER PIECE
YA2302045 - 030,BOW,HAND MADE BOW,,PER PIECE
YA2302045-030,BOW,HAND MADE BOW,0.6,PER PIECE
YA2302045-B,BOW,HAND MADE BOW,0.88,PER PIECE
YA2302045-B-714,BOW,HAND MADE BOW,0.6,PER PIECE
YA2302045-C,BOW,HAND MADE BOW,0.6,PER PIECE
YA2302045-C -430,BOW,HAND MADE BOW,,PER PIECE
YA2302045-C-430,BOW,HAND MADE BOW,0.6,PER PIECE
YA2302045-D,BOW,HAND MADE BOW,0.66,PER PIECE
YA2302045-F,BOW,HAND MADE BOW,0.66,PER PIECE
YA2302045-G,BOW,HAND MADE BOW,0.66,PER PIECE
YA230703001-A,BOW,TO CONFIRM,,PER PIECE
YA230703001-B,BOW,TO CONFIRM,,PER PIECE
YA231228001-B,BOW,TO CONFIRM,,PER PIECE
YA231228001-C,BOW,TO CONFIRM,,PER PIECE
YA231228001-D,BOW,TO CONFIRM,,PER PIECE
YA241023001-A,BOW,HAND MADE BOW,,PER PIECE
YA241023001-A-117,BOW,HAND MADE BOW,2.2,PER PIECE
YA2504010,BOW,HAND MADE BOW,1.27,PER PIECE
YA250624001,BOW,HAND MADE BOW,,PER PIECE
YA250624001-077,BOW,HAND MADE BOW,3.54,PER PIECE
YA250809001,BOW,HAND MADE BOW,1.12,PER PIECE
YA250827001-D,BOW,HAND MADE BOW,1.17,PER PIECE
YA250827001-E,BOW,HAND MADE BOW,1.17,PER PIECE
YA251030001,BOW,HAND MADE BOW,1.5,PER PIECE
YA251219001-A,BOW,HAND MADE BOW,4.88,PER PIECE
YF160308002-E,BOW,HAND MADE BOW,0.66,PER PIECE
